"Practice","RT","accuracy","block","cond","condition","correct","correct_keyboard_response","correct_response","experiment_path","fixation_dur","keyboard_backend","mouse_backend","overall_accuracy","response_keyboard_response","response_time_keyboard_response","running_accuracy","stim_type","stimulus","subject_nr","time_Experimental","time_Practice","time_block_start","time_end_of_block_trigger","time_end_of_experiment","time_end_of_practice_block_trigger","time_experiment","time_experimental_block","time_experimental_sequence","time_feedback","time_fixation","time_fixation_duration","time_generalpreps","time_keyboard_response","time_main_instructions","time_new_block","time_new_block_trigger","time_new_sketchpad","time_practice_block","time_practice_block_trigger","time_practice_sequence_1","time_practice_start","time_presstostart","time_response_trigger","time_stimulus","time_stimulus_trigger","time_trial_sequence","title"
"Yes","749","1","0","Random","4","1","1","m","C:/Users/hulsm/Documents/School/Methods_CCS/Lexical_descision","538","legacy","xpyriment","0.5","m","749","NA","NA","korargla","5","NA","0","NA","NA","NA","NA","0","NA","NA","NA","0","0","0","32536","0","NA","NA","NA","0","NA","0","0","0","33286","32536","NA","0","LexicalDecision"
"Yes","880","1","0","Pseudo","3","1","1","m","C:/Users/hulsm/Documents/School/Methods_CCS/Lexical_descision","559","legacy","xpyriment","0.5","m","880","NA","NA","seten","5","NA","0","NA","NA","NA","NA","0","NA","NA","NA","33876","33853","0","34439","0","NA","NA","NA","0","NA","0","0","0","35320","34439","NA","33852","LexicalDecision"
"Yes","830","1","0","Pseudo","3","1","1","m","C:/Users/hulsm/Documents/School/Methods_CCS/Lexical_descision","401","legacy","xpyriment","0.5","m","830","NA","NA","belied","5","NA","0","NA","NA","NA","NA","0","NA","NA","NA","35906","35883","0","36312","0","NA","NA","NA","0","NA","0","0","0","37143","36312","NA","35882","LexicalDecision"
"Yes","804","1","0","LF","2","1","1","n","C:/Users/hulsm/Documents/School/Methods_CCS/Lexical_descision","455","legacy","xpyriment","0.5","n","804","NA","NA","druifjes","5","NA","0","NA","NA","NA","NA","0","NA","NA","NA","37728","37707","0","38188","0","NA","NA","NA","0","NA","0","0","0","38993","38188","NA","37706","LexicalDecision"
"Yes","725","1","0","LF","2","1","1","n","C:/Users/hulsm/Documents/School/Methods_CCS/Lexical_descision","487","legacy","xpyriment","0.5","n","725","NA","NA","stekel","5","NA","0","NA","NA","NA","NA","0","NA","NA","NA","39587","39564","0","40079","0","NA","NA","NA","0","NA","0","0","0","40805","40079","NA","39563","LexicalDecision"
"Yes","676","1","0","Random","4","1","1","m","C:/Users/hulsm/Documents/School/Methods_CCS/Lexical_descision","482","legacy","xpyriment","0.5","m","676","NA","NA","kljetee","5","NA","0","NA","NA","NA","NA","0","NA","NA","NA","41391","41370","0","41877","0","NA","NA","NA","0","NA","0","0","0","42553","41877","NA","41369","LexicalDecision"
"Yes","711","1","0","HF","1","1","1","n","C:/Users/hulsm/Documents/School/Methods_CCS/Lexical_descision","529","legacy","xpyriment","0.5","n","711","NA","NA","normen","5","NA","0","NA","NA","NA","NA","0","NA","NA","NA","43131","43110","0","43664","0","NA","NA","NA","0","NA","0","0","0","44376","43664","NA","43109","LexicalDecision"
"Yes","1299","1","0","HF","1","1","1","n","C:/Users/hulsm/Documents/School/Methods_CCS/Lexical_descision","559","legacy","xpyriment","0.5","n","1299","NA","NA","leiding","5","NA","0","NA","NA","NA","NA","0","NA","NA","NA","44964","44942","0","45528","0","NA","NA","NA","0","NA","0","0","0","46828","45528","NA","44941","LexicalDecision"
"No","716","1","1","Random","4","1","1","m","C:/Users/hulsm/Documents/School/Methods_CCS/Lexical_descision","426","legacy","xpyriment","1.0","m","716","1.0","easy","acarabne","5","48654","0","49010","NA","NA","NA","0","56261","48992","NA","56694","56674","0","57276","0","48992","56240","NA","0","NA","0","0","55194","57993","45528","NA","56673","LexicalDecision"
"No","758","1","1","LF","2","1","1","n","C:/Users/hulsm/Documents/School/Methods_CCS/Lexical_descision","454","legacy","xpyriment","1.0","n","758","1.0","hard","kuddes","5","48654","0","49010","NA","NA","NA","0","56261","48992","NA","58598","58576","0","59204","0","48992","56240","NA","0","NA","0","0","55194","59963","45528","NA","58575","LexicalDecision"
"No","911","1","1","Pseudo","3","1","1","m","C:/Users/hulsm/Documents/School/Methods_CCS/Lexical_descision","532","legacy","xpyriment","1.0","m","911","1.0","hard","ba's","5","48654","0","49010","NA","NA","NA","0","56261","48992","NA","60544","60525","0","61230","0","48992","56240","NA","0","NA","0","0","55194","62142","45528","NA","60525","LexicalDecision"
"No","1020","1","1","Pseudo","3","1","1","m","C:/Users/hulsm/Documents/School/Methods_CCS/Lexical_descision","513","legacy","xpyriment","1.0","m","1020","1.0","hard","bemend","5","48654","0","49010","NA","NA","NA","0","56261","48992","NA","62716","62695","0","63377","0","48992","56240","NA","0","NA","0","0","55194","64399","45528","NA","62694","LexicalDecision"
"No","677","1","1","Pseudo","3","1","1","m","C:/Users/hulsm/Documents/School/Methods_CCS/Lexical_descision","456","legacy","xpyriment","1.0","m","677","1.0","hard","bebijk","5","48654","0","49010","NA","NA","NA","0","56261","48992","NA","64992","64971","0","65600","0","48992","56240","NA","0","NA","0","0","55194","66278","45528","NA","64970","LexicalDecision"
"No","727","1","1","LF","2","1","1","n","C:/Users/hulsm/Documents/School/Methods_CCS/Lexical_descision","508","legacy","xpyriment","1.0","n","727","1.0","hard","augurk","5","48654","0","49010","NA","NA","NA","0","56261","48992","NA","66856","66836","0","67518","0","48992","56240","NA","0","NA","0","0","55194","68246","45528","NA","66836","LexicalDecision"
"No","830","1","1","LF","2","1","1","n","C:/Users/hulsm/Documents/School/Methods_CCS/Lexical_descision","416","legacy","xpyriment","1.0","n","830","1.0","hard","bizons","5","48654","0","49010","NA","NA","NA","0","56261","48992","NA","68822","68803","0","69399","0","48992","56240","NA","0","NA","0","0","55194","70231","45528","NA","68802","LexicalDecision"
"No","673","1","1","Pseudo","3","1","1","m","C:/Users/hulsm/Documents/School/Methods_CCS/Lexical_descision","460","legacy","xpyriment","1.0","m","673","1.0","hard","chif","5","48654","0","49010","NA","NA","NA","0","56261","48992","NA","70822","70802","0","71438","0","48992","56240","NA","0","NA","0","0","55194","72112","45528","NA","70801","LexicalDecision"
"No","1184","0","1","LF","2","0","0","n","C:/Users/hulsm/Documents/School/Methods_CCS/Lexical_descision","575","legacy","xpyriment","0.8888888888888888","m","1184","0.8888888888888888","hard","lassers","5","48654","0","49010","NA","NA","NA","0","56261","48992","74779","72705","72685","0","73436","0","48992","56240","NA","0","NA","0","0","55194","74621","45528","NA","72684","LexicalDecision"
"No","893","1","1","LF","2","1","1","n","C:/Users/hulsm/Documents/School/Methods_CCS/Lexical_descision","457","legacy","xpyriment","0.9","n","893","0.9","hard","factors","5","48654","0","49010","NA","NA","NA","0","56261","48992","74779","77356","77335","0","77966","0","48992","56240","NA","0","NA","0","0","55194","78859","45528","NA","77335","LexicalDecision"
"No","677","1","1","Pseudo","3","1","1","m","C:/Users/hulsm/Documents/School/Methods_CCS/Lexical_descision","574","legacy","xpyriment","0.9090909090909091","m","677","0.9090909090909091","hard","haadt","5","48654","0","49010","NA","NA","NA","0","56261","48992","74779","79446","79425","0","80180","0","48992","56240","NA","0","NA","0","0","55194","80858","45528","NA","79424","LexicalDecision"
"No","772","1","1","LF","2","1","1","n","C:/Users/hulsm/Documents/School/Methods_CCS/Lexical_descision","508","legacy","xpyriment","0.9166666666666666","n","772","0.9166666666666666","hard","vliegjes","5","48654","0","49010","NA","NA","NA","0","56261","48992","74779","81493","81474","0","82149","0","48992","56240","NA","0","NA","0","0","55194","82922","45528","NA","81474","LexicalDecision"
"No","532","1","1","LF","2","1","1","n","C:/Users/hulsm/Documents/School/Methods_CCS/Lexical_descision","514","legacy","xpyriment","0.9230769230769231","n","532","0.9230769230769231","hard","twijgje","5","48654","0","49010","NA","NA","NA","0","56261","48992","74779","83502","83482","0","84173","0","48992","56240","NA","0","NA","0","0","55194","84706","45528","NA","83481","LexicalDecision"
"No","485","1","1","LF","2","1","1","n","C:/Users/hulsm/Documents/School/Methods_CCS/Lexical_descision","541","legacy","xpyriment","0.9285714285714286","n","485","0.9285714285714286","hard","stafje","5","48654","0","49010","NA","NA","NA","0","56261","48992","74779","85278","85258","0","85971","0","48992","56240","NA","0","NA","0","0","55194","86458","45528","NA","85257","LexicalDecision"
"No","607","1","1","LF","2","1","1","n","C:/Users/hulsm/Documents/School/Methods_CCS/Lexical_descision","406","legacy","xpyriment","0.9333333333333333","n","607","0.9333333333333333","hard","mouwtjes","5","48654","0","49010","NA","NA","NA","0","56261","48992","74779","87059","87040","0","87618","0","48992","56240","NA","0","NA","0","0","55194","88226","45528","NA","87039","LexicalDecision"
"No","855","1","1","HF","1","1","1","n","C:/Users/hulsm/Documents/School/Methods_CCS/Lexical_descision","434","legacy","xpyriment","0.9375","n","855","0.9375","easy","moesten","5","48654","0","49010","NA","NA","NA","0","56261","48992","74779","88811","88792","0","89392","0","48992","56240","NA","0","NA","0","0","55194","90248","45528","NA","88790","LexicalDecision"
"No","480","1","1","LF","2","1","1","n","C:/Users/hulsm/Documents/School/Methods_CCS/Lexical_descision","480","legacy","xpyriment","0.9411764705882353","n","480","0.9411764705882353","hard","mail","5","48654","0","49010","NA","NA","NA","0","56261","48992","74779","90863","90841","0","91497","0","48992","56240","NA","0","NA","0","0","55194","91979","45528","NA","90840","LexicalDecision"
"No","653","1","1","LF","2","1","1","n","C:/Users/hulsm/Documents/School/Methods_CCS/Lexical_descision","416","legacy","xpyriment","0.9444444444444444","n","653","0.9444444444444444","hard","item","5","48654","0","49010","NA","NA","NA","0","56261","48992","74779","92571","92551","0","93144","0","48992","56240","NA","0","NA","0","0","55194","93798","45528","NA","92550","LexicalDecision"
"No","701","1","1","Pseudo","3","1","1","m","C:/Users/hulsm/Documents/School/Methods_CCS/Lexical_descision","584","legacy","xpyriment","0.9473684210526315","m","701","0.9473684210526315","hard","goolde","5","48654","0","49010","NA","NA","NA","0","56261","48992","74779","94433","94411","0","95165","0","48992","56240","NA","0","NA","0","0","55194","95867","45528","NA","94409","LexicalDecision"
"No","628","1","1","LF","2","1","1","n","C:/Users/hulsm/Documents/School/Methods_CCS/Lexical_descision","580","legacy","xpyriment","0.95","n","628","0.95","hard","zithoek","5","48654","0","49010","NA","NA","NA","0","56261","48992","74779","96447","96426","0","97178","0","48992","56240","NA","0","NA","0","0","55194","97807","45528","NA","96425","LexicalDecision"
"No","715","1","1","LF","2","1","1","n","C:/Users/hulsm/Documents/School/Methods_CCS/Lexical_descision","407","legacy","xpyriment","0.9523809523809523","n","715","0.9523809523809523","hard","hangers","5","48654","0","49010","NA","NA","NA","0","56261","48992","74779","98405","98385","0","98966","0","48992","56240","NA","0","NA","0","0","55194","99682","45528","NA","98384","LexicalDecision"
"No","749","1","1","Pseudo","3","1","1","m","C:/Users/hulsm/Documents/School/Methods_CCS/Lexical_descision","594","legacy","xpyriment","0.9545454545454546","m","749","0.9545454545454546","hard","vroog","5","48654","0","49010","NA","NA","NA","0","56261","48992","74779","100255","100234","0","101001","0","48992","56240","NA","0","NA","0","0","55194","101751","45528","NA","100234","LexicalDecision"
"No","647","1","1","Pseudo","3","1","1","m","C:/Users/hulsm/Documents/School/Methods_CCS/Lexical_descision","537","legacy","xpyriment","0.9565217391304348","m","647","0.9565217391304348","hard","kroeker","5","48654","0","49010","NA","NA","NA","0","56261","48992","74779","102277","102261","0","102970","0","48992","56240","NA","0","NA","0","0","55194","103618","45528","NA","102260","LexicalDecision"
"No","855","1","1","Pseudo","3","1","1","m","C:/Users/hulsm/Documents/School/Methods_CCS/Lexical_descision","572","legacy","xpyriment","0.9583333333333334","m","855","0.9583333333333334","hard","spraat","5","48654","0","49010","NA","NA","NA","0","56261","48992","74779","104197","104177","0","104924","0","48992","56240","NA","0","NA","0","0","55194","105780","45528","NA","104176","LexicalDecision"
"No","1139","1","1","LF","2","1","1","n","C:/Users/hulsm/Documents/School/Methods_CCS/Lexical_descision","422","legacy","xpyriment","0.96","n","1139","0.96","hard","blondjes","5","48654","0","49010","NA","NA","NA","0","56261","48992","74779","106356","106334","0","106928","0","48992","56240","NA","0","NA","0","0","55194","108069","45528","NA","106333","LexicalDecision"
"No","524","1","1","LF","2","1","1","n","C:/Users/hulsm/Documents/School/Methods_CCS/Lexical_descision","501","legacy","xpyriment","0.9615384615384616","n","524","0.96","hard","sausjes","5","48654","0","49010","NA","NA","NA","0","56261","48992","74779","108678","108655","0","109327","0","48992","56240","NA","0","NA","0","0","55194","109853","45528","NA","108654","LexicalDecision"
"No","567","1","1","LF","2","1","1","n","C:/Users/hulsm/Documents/School/Methods_CCS/Lexical_descision","551","legacy","xpyriment","0.9629629629629629","n","567","0.96","hard","walrus","5","48654","0","49010","NA","NA","NA","0","56261","48992","74779","110457","110438","0","111153","0","48992","56240","NA","0","NA","0","0","55194","111721","45528","NA","110438","LexicalDecision"
"No","580","1","1","Random","4","1","1","m","C:/Users/hulsm/Documents/School/Methods_CCS/Lexical_descision","526","legacy","xpyriment","0.9642857142857143","m","580","0.96","easy","jeefets","5","48654","0","49010","NA","NA","NA","0","56261","48992","74779","112300","112279","0","112981","0","48992","56240","NA","0","NA","0","0","55194","113562","45528","NA","112278","LexicalDecision"
"No","569","1","1","LF","2","1","1","n","C:/Users/hulsm/Documents/School/Methods_CCS/Lexical_descision","511","legacy","xpyriment","0.9655172413793104","n","569","0.96","hard","fluitjes","5","48654","0","49010","NA","NA","NA","0","56261","48992","74779","114147","114127","0","114806","0","48992","56240","NA","0","NA","0","0","55194","115376","45528","NA","114126","LexicalDecision"
"No","784","1","1","Pseudo","3","1","1","m","C:/Users/hulsm/Documents/School/Methods_CCS/Lexical_descision","583","legacy","xpyriment","0.9666666666666667","m","784","0.96","hard","alders","5","48654","0","49010","NA","NA","NA","0","56261","48992","74779","115975","115953","0","116702","0","48992","56240","NA","0","NA","0","0","55194","117488","45528","NA","115953","LexicalDecision"
"No","1021","1","1","LF","2","1","1","n","C:/Users/hulsm/Documents/School/Methods_CCS/Lexical_descision","519","legacy","xpyriment","0.967741935483871","n","1021","0.96","hard","punk","5","48654","0","49010","NA","NA","NA","0","56261","48992","74779","118090","118071","0","118763","0","48992","56240","NA","0","NA","0","0","55194","119785","45528","NA","118070","LexicalDecision"
"No","702","1","1","LF","2","1","1","n","C:/Users/hulsm/Documents/School/Methods_CCS/Lexical_descision","496","legacy","xpyriment","0.96875","n","702","0.96","hard","jojo","5","48654","0","49010","NA","NA","NA","0","56261","48992","74779","120375","120354","0","121015","0","48992","56240","NA","0","NA","0","0","55194","121718","45528","NA","120352","LexicalDecision"
"No","689","1","1","Pseudo","3","1","1","m","C:/Users/hulsm/Documents/School/Methods_CCS/Lexical_descision","502","legacy","xpyriment","0.9696969696969697","m","689","0.96","hard","blijs","5","48654","0","49010","NA","NA","NA","0","56261","48992","74779","122291","122270","0","122939","0","48992","56240","NA","0","NA","0","0","55194","123630","45528","NA","122269","LexicalDecision"
"No","713","1","1","Pseudo","3","1","1","m","C:/Users/hulsm/Documents/School/Methods_CCS/Lexical_descision","588","legacy","xpyriment","0.9705882352941176","m","713","1.0","hard","loel","5","48654","0","49010","NA","NA","NA","0","56261","48992","74779","124208","124187","0","124943","0","48992","56240","NA","0","NA","0","0","55194","125657","45528","NA","124186","LexicalDecision"
"No","955","1","1","LF","2","1","1","n","C:/Users/hulsm/Documents/School/Methods_CCS/Lexical_descision","480","legacy","xpyriment","0.9714285714285714","n","955","1.0","hard","trollen","5","48654","0","49010","NA","NA","NA","0","56261","48992","74779","126249","126228","0","126886","0","48992","56240","NA","0","NA","0","0","55194","127843","45528","NA","126227","LexicalDecision"
"No","639","1","1","Pseudo","3","1","1","m","C:/Users/hulsm/Documents/School/Methods_CCS/Lexical_descision","454","legacy","xpyriment","0.9722222222222222","m","639","1.0","hard","reedling","5","48654","0","49010","NA","NA","NA","0","56261","48992","74779","128435","128416","0","129038","0","48992","56240","NA","0","NA","0","0","55194","129679","45528","NA","128415","LexicalDecision"
"No","760","1","1","LF","2","1","1","n","C:/Users/hulsm/Documents/School/Methods_CCS/Lexical_descision","568","legacy","xpyriment","0.972972972972973","n","760","1.0","hard","diefje","5","48654","0","49010","NA","NA","NA","0","56261","48992","74779","130277","130257","0","130988","0","48992","56240","NA","0","NA","0","0","55194","131749","45528","NA","130256","LexicalDecision"
"No","612","1","1","LF","2","1","1","n","C:/Users/hulsm/Documents/School/Methods_CCS/Lexical_descision","583","legacy","xpyriment","0.9736842105263158","n","612","1.0","hard","clowntje","5","48654","0","49010","NA","NA","NA","0","56261","48992","74779","132332","132310","0","133076","0","48992","56240","NA","0","NA","0","0","55194","133690","45528","NA","132309","LexicalDecision"
"No","907","1","1","Pseudo","3","1","1","m","C:/Users/hulsm/Documents/School/Methods_CCS/Lexical_descision","542","legacy","xpyriment","0.9743589743589743","m","907","1.0","hard","maarde","5","48654","0","49010","NA","NA","NA","0","56261","48992","74779","134278","134257","0","134976","0","48992","56240","NA","0","NA","0","0","55194","135884","45528","NA","134256","LexicalDecision"
"No","741","1","1","Pseudo","3","1","1","m","C:/Users/hulsm/Documents/School/Methods_CCS/Lexical_descision","417","legacy","xpyriment","0.975","m","741","1.0","hard","kang","5","48654","0","49010","NA","NA","NA","0","56261","48992","74779","136453","136433","0","137025","0","48992","56240","NA","0","NA","0","0","55194","137767","45528","NA","136432","LexicalDecision"
"No","664","1","1","Pseudo","3","1","1","m","C:/Users/hulsm/Documents/School/Methods_CCS/Lexical_descision","588","legacy","xpyriment","0.975609756097561","m","664","1.0","hard","rolken","5","48654","0","49010","NA","NA","NA","0","56261","48992","74779","138389","138370","0","139131","0","48992","56240","NA","0","NA","0","0","55194","139796","45528","NA","138369","LexicalDecision"
"No","700","1","1","Pseudo","3","1","1","m","C:/Users/hulsm/Documents/School/Methods_CCS/Lexical_descision","532","legacy","xpyriment","0.9761904761904762","m","700","1.0","hard","molf","5","48654","0","49010","NA","NA","NA","0","56261","48992","74779","140418","140399","0","141102","0","48992","56240","NA","0","NA","0","0","55194","141804","45528","NA","140398","LexicalDecision"
"No","822","1","1","Pseudo","3","1","1","m","C:/Users/hulsm/Documents/School/Methods_CCS/Lexical_descision","465","legacy","xpyriment","0.9767441860465116","m","822","1.0","hard","schoop","5","48654","0","49010","NA","NA","NA","0","56261","48992","74779","142391","142370","0","143007","0","48992","56240","NA","0","NA","0","0","55194","143831","45528","NA","142369","LexicalDecision"
"No","900","1","1","LF","2","1","1","n","C:/Users/hulsm/Documents/School/Methods_CCS/Lexical_descision","578","legacy","xpyriment","0.9772727272727273","n","900","1.0","hard","knikjes","5","48654","0","49010","NA","NA","NA","0","56261","48992","74779","144407","144388","0","145139","0","48992","56240","NA","0","NA","0","0","55194","146040","45528","NA","144388","LexicalDecision"
"No","1080","1","1","LF","2","1","1","n","C:/Users/hulsm/Documents/School/Methods_CCS/Lexical_descision","472","legacy","xpyriment","0.9777777777777777","n","1080","1.0","hard","stroppen","5","48654","0","49010","NA","NA","NA","0","56261","48992","74779","146632","146611","0","147260","0","48992","56240","NA","0","NA","0","0","55194","148341","45528","NA","146610","LexicalDecision"
"No","1123","1","1","Pseudo","3","1","1","m","C:/Users/hulsm/Documents/School/Methods_CCS/Lexical_descision","548","legacy","xpyriment","0.9782608695652174","m","1123","1.0","hard","icht","5","48654","0","49010","NA","NA","NA","0","56261","48992","74779","148926","148905","0","149624","0","48992","56240","NA","0","NA","0","0","55194","150749","45528","NA","148904","LexicalDecision"
"No","755","1","1","Pseudo","3","1","1","m","C:/Users/hulsm/Documents/School/Methods_CCS/Lexical_descision","462","legacy","xpyriment","0.9787234042553191","m","755","1.0","hard","waartij","5","48654","0","49010","NA","NA","NA","0","56261","48992","74779","151339","151318","0","151953","0","48992","56240","NA","0","NA","0","0","55194","152710","45528","NA","151317","LexicalDecision"
"No","950","1","1","Pseudo","3","1","1","m","C:/Users/hulsm/Documents/School/Methods_CCS/Lexical_descision","525","legacy","xpyriment","0.9791666666666666","m","950","1.0","hard","heging","5","48654","0","49010","NA","NA","NA","0","56261","48992","74779","153290","153271","0","153968","0","48992","56240","NA","0","NA","0","0","55194","154919","45528","NA","153269","LexicalDecision"
"No","1150","1","1","HF","1","1","1","n","C:/Users/hulsm/Documents/School/Methods_CCS/Lexical_descision","518","legacy","xpyriment","0.9795918367346939","n","1150","1.0","easy","komst","5","48654","0","49010","NA","NA","NA","0","56261","48992","74779","155504","155485","0","156170","0","48992","56240","NA","0","NA","0","0","55194","157322","45528","NA","155484","LexicalDecision"
"No","907","1","1","LF","2","1","1","n","C:/Users/hulsm/Documents/School/Methods_CCS/Lexical_descision","551","legacy","xpyriment","0.98","n","907","1.0","hard","profs","5","48654","0","49010","NA","NA","NA","0","56261","48992","74779","157913","157893","0","158618","0","48992","56240","NA","0","NA","0","0","55194","159527","45528","NA","157892","LexicalDecision"
"No","435","1","1","LF","2","1","1","n","C:/Users/hulsm/Documents/School/Methods_CCS/Lexical_descision","578","legacy","xpyriment","0.9803921568627451","n","435","1.0","hard","deals","5","48654","0","49010","NA","NA","NA","0","56261","48992","74779","160104","160085","0","160861","0","48992","56240","NA","0","NA","0","0","55194","161298","45528","NA","160084","LexicalDecision"
"No","567","1","1","LF","2","1","1","n","C:/Users/hulsm/Documents/School/Methods_CCS/Lexical_descision","501","legacy","xpyriment","0.9807692307692307","n","567","1.0","hard","esdoorn","5","48654","0","49010","NA","NA","NA","0","56261","48992","74779","161883","161863","0","162531","0","48992","56240","NA","0","NA","0","0","55194","163099","45528","NA","161862","LexicalDecision"
"No","936","1","1","Pseudo","3","1","1","m","C:/Users/hulsm/Documents/School/Methods_CCS/Lexical_descision","585","legacy","xpyriment","0.9811320754716981","m","936","1.0","hard","anver","5","48654","0","49010","NA","NA","NA","0","56261","48992","74779","163679","163659","0","164412","0","48992","56240","NA","0","NA","0","0","55194","165349","45528","NA","163658","LexicalDecision"
"No","739","1","1","Pseudo","3","1","1","m","C:/Users/hulsm/Documents/School/Methods_CCS/Lexical_descision","594","legacy","xpyriment","0.9814814814814815","m","739","1.0","hard","tissen","5","48654","0","49010","NA","NA","NA","0","56261","48992","74779","165941","165921","0","166686","0","48992","56240","NA","0","NA","0","0","55194","167426","45528","NA","165920","LexicalDecision"
"No","875","0","1","LF","2","0","0","n","C:/Users/hulsm/Documents/School/Methods_CCS/Lexical_descision","478","legacy","xpyriment","0.9636363636363636","m","875","0.96","hard","slede","5","48654","0","49010","NA","NA","NA","0","56261","48992","169661","168003","167983","0","168636","0","48992","56240","NA","0","NA","0","0","55194","169513","45528","NA","167983","LexicalDecision"
"No","668","1","1","LF","2","1","1","n","C:/Users/hulsm/Documents/School/Methods_CCS/Lexical_descision","466","legacy","xpyriment","0.9642857142857143","n","668","0.96","hard","snuitje","5","48654","0","49010","NA","NA","NA","0","56261","48992","169661","172273","172250","0","172887","0","48992","56240","NA","0","NA","0","0","55194","173557","45528","NA","172250","LexicalDecision"
"No","764","1","1","LF","2","1","1","n","C:/Users/hulsm/Documents/School/Methods_CCS/Lexical_descision","571","legacy","xpyriment","0.9649122807017544","n","764","0.96","hard","wormpje","5","48654","0","49010","NA","NA","NA","0","56261","48992","169661","174134","174115","0","174860","0","48992","56240","NA","0","NA","0","0","55194","175626","45528","NA","174114","LexicalDecision"
"No","630","1","1","Pseudo","3","1","1","m","C:/Users/hulsm/Documents/School/Methods_CCS/Lexical_descision","498","legacy","xpyriment","0.9655172413793104","m","630","0.96","hard","facht","5","48654","0","49010","NA","NA","NA","0","56261","48992","169661","176207","176187","0","176860","0","48992","56240","NA","0","NA","0","0","55194","177491","45528","NA","176186","LexicalDecision"
"No","1633","1","1","LF","2","1","1","n","C:/Users/hulsm/Documents/School/Methods_CCS/Lexical_descision","442","legacy","xpyriment","0.9661016949152542","n","1633","0.96","hard","wipplank","5","48654","0","49010","NA","NA","NA","0","56261","48992","169661","178063","178042","0","178655","0","48992","56240","NA","0","NA","0","0","55194","180289","45528","NA","178041","LexicalDecision"
"No","691","1","1","Pseudo","3","1","1","m","C:/Users/hulsm/Documents/School/Methods_CCS/Lexical_descision","544","legacy","xpyriment","0.9666666666666667","m","691","0.96","hard","damer","5","48654","0","49010","NA","NA","NA","0","56261","48992","169661","180878","180856","0","181597","0","48992","56240","NA","0","NA","0","0","55194","182289","45528","NA","180855","LexicalDecision"
"No","1098","1","1","HF","1","1","1","n","C:/Users/hulsm/Documents/School/Methods_CCS/Lexical_descision","509","legacy","xpyriment","0.9672131147540983","n","1098","0.96","easy","schrik","5","48654","0","49010","NA","NA","NA","0","56261","48992","169661","182873","182854","0","183531","0","48992","56240","NA","0","NA","0","0","55194","184630","45528","NA","182853","LexicalDecision"
"No","861","1","1","HF","1","1","1","n","C:/Users/hulsm/Documents/School/Methods_CCS/Lexical_descision","508","legacy","xpyriment","0.967741935483871","n","861","0.96","easy","woont","5","48654","0","49010","NA","NA","NA","0","56261","48992","169661","185254","185233","0","185915","0","48992","56240","NA","0","NA","0","0","55194","186778","45528","NA","185232","LexicalDecision"
"No","958","1","1","LF","2","1","1","n","C:/Users/hulsm/Documents/School/Methods_CCS/Lexical_descision","478","legacy","xpyriment","0.9682539682539683","n","958","0.96","hard","peddel","5","48654","0","49010","NA","NA","NA","0","56261","48992","169661","187351","187330","0","187982","0","48992","56240","NA","0","NA","0","0","55194","188941","45528","NA","187329","LexicalDecision"
"No","668","1","1","Pseudo","3","1","1","m","C:/Users/hulsm/Documents/School/Methods_CCS/Lexical_descision","575","legacy","xpyriment","0.96875","m","668","0.96","hard","hezet","5","48654","0","49010","NA","NA","NA","0","56261","48992","169661","189564","189544","0","190294","0","48992","56240","NA","0","NA","0","0","55194","190963","45528","NA","189543","LexicalDecision"
"No","916","1","1","LF","2","1","1","n","C:/Users/hulsm/Documents/School/Methods_CCS/Lexical_descision","550","legacy","xpyriment","0.9692307692307692","n","916","0.96","hard","vleesmes","5","48654","0","49010","NA","NA","NA","0","56261","48992","169661","191555","191534","0","192259","0","48992","56240","NA","0","NA","0","0","55194","193176","45528","NA","191533","LexicalDecision"
"No","783","1","1","HF","1","1","1","n","C:/Users/hulsm/Documents/School/Methods_CCS/Lexical_descision","434","legacy","xpyriment","0.9696969696969697","n","783","0.96","easy","geef","5","48654","0","49010","NA","NA","NA","0","56261","48992","169661","193812","193791","0","194406","0","48992","56240","NA","0","NA","0","0","55194","195191","45528","NA","193790","LexicalDecision"
"No","675","1","1","Pseudo","3","1","1","m","C:/Users/hulsm/Documents/School/Methods_CCS/Lexical_descision","508","legacy","xpyriment","0.9701492537313433","m","675","0.96","hard","olders","5","48654","0","49010","NA","NA","NA","0","56261","48992","169661","195772","195752","0","196433","0","48992","56240","NA","0","NA","0","0","55194","197109","45528","NA","195751","LexicalDecision"
"No","600","1","1","LF","2","1","1","n","C:/Users/hulsm/Documents/School/Methods_CCS/Lexical_descision","573","legacy","xpyriment","0.9705882352941176","n","600","0.96","hard","buffers","5","48654","0","49010","NA","NA","NA","0","56261","48992","169661","197732","197710","0","198455","0","48992","56240","NA","0","NA","0","0","55194","199056","45528","NA","197709","LexicalDecision"
"No","709","1","1","Pseudo","3","1","1","m","C:/Users/hulsm/Documents/School/Methods_CCS/Lexical_descision","543","legacy","xpyriment","0.9710144927536232","m","709","0.96","hard","traaien","5","48654","0","49010","NA","NA","NA","0","56261","48992","169661","199649","199629","0","200341","0","48992","56240","NA","0","NA","0","0","55194","201051","45528","NA","199629","LexicalDecision"
"No","716","1","1","Pseudo","3","1","1","m","C:/Users/hulsm/Documents/School/Methods_CCS/Lexical_descision","511","legacy","xpyriment","0.9714285714285714","m","716","0.96","hard","moekten","5","48654","0","49010","NA","NA","NA","0","56261","48992","169661","201701","201681","0","202363","0","48992","56240","NA","0","NA","0","0","55194","203081","45528","NA","201679","LexicalDecision"
"No","1420","1","1","Pseudo","3","1","1","m","C:/Users/hulsm/Documents/School/Methods_CCS/Lexical_descision","472","legacy","xpyriment","0.971830985915493","m","1420","0.96","hard","slaren","5","48654","0","49010","NA","NA","NA","0","56261","48992","169661","203675","203656","0","204299","0","48992","56240","NA","0","NA","0","0","55194","205720","45528","NA","203655","LexicalDecision"
"No","653","1","1","Pseudo","3","1","1","m","C:/Users/hulsm/Documents/School/Methods_CCS/Lexical_descision","551","legacy","xpyriment","0.9722222222222222","m","653","0.96","hard","wansen","5","48654","0","49010","NA","NA","NA","0","56261","48992","169661","206308","206285","0","207015","0","48992","56240","NA","0","NA","0","0","55194","207669","45528","NA","206284","LexicalDecision"
"No","670","1","1","Pseudo","3","1","1","m","C:/Users/hulsm/Documents/School/Methods_CCS/Lexical_descision","465","legacy","xpyriment","0.9726027397260274","m","670","0.96","hard","schont","5","48654","0","49010","NA","NA","NA","0","56261","48992","169661","208241","208220","0","208853","0","48992","56240","NA","0","NA","0","0","55194","209524","45528","NA","208220","LexicalDecision"
"No","600","1","1","LF","2","1","1","n","C:/Users/hulsm/Documents/School/Methods_CCS/Lexical_descision","450","legacy","xpyriment","0.972972972972973","n","600","0.96","hard","jojo's","5","48654","0","49010","NA","NA","NA","0","56261","48992","169661","210101","210082","0","210704","0","48992","56240","NA","0","NA","0","0","55194","211305","45528","NA","210081","LexicalDecision"
"No","528","1","1","LF","2","1","1","n","C:/Users/hulsm/Documents/School/Methods_CCS/Lexical_descision","498","legacy","xpyriment","0.9733333333333334","n","528","0.96","hard","lolly's","5","48654","0","49010","NA","NA","NA","0","56261","48992","169661","211886","211865","0","212540","0","48992","56240","NA","0","NA","0","0","55194","213070","45528","NA","211864","LexicalDecision"
"No","482","1","1","LF","2","1","1","n","C:/Users/hulsm/Documents/School/Methods_CCS/Lexical_descision","446","legacy","xpyriment","0.9736842105263158","n","482","0.96","hard","geurtjes","5","48654","0","49010","NA","NA","NA","0","56261","48992","169661","213664","213644","0","214265","0","48992","56240","NA","0","NA","0","0","55194","214749","45528","NA","213642","LexicalDecision"
"No","703","1","1","Pseudo","3","1","1","m","C:/Users/hulsm/Documents/School/Methods_CCS/Lexical_descision","458","legacy","xpyriment","0.974025974025974","m","703","0.96","hard","stons","5","48654","0","49010","NA","NA","NA","0","56261","48992","169661","215358","215338","0","215962","0","48992","56240","NA","0","NA","0","0","55194","216666","45528","NA","215337","LexicalDecision"
"No","581","1","1","LF","2","1","1","n","C:/Users/hulsm/Documents/School/Methods_CCS/Lexical_descision","519","legacy","xpyriment","0.9743589743589743","n","581","0.96","hard","kloofjes","5","48654","0","49010","NA","NA","NA","0","56261","48992","169661","217262","217241","0","217935","0","48992","56240","NA","0","NA","0","0","55194","218517","45528","NA","217240","LexicalDecision"
"No","653","1","1","Pseudo","3","1","1","m","C:/Users/hulsm/Documents/School/Methods_CCS/Lexical_descision","421","legacy","xpyriment","0.9746835443037974","m","653","0.96","hard","lorneel","5","48654","0","49010","NA","NA","NA","0","56261","48992","169661","219110","219089","0","219691","0","48992","56240","NA","0","NA","0","0","55194","220345","45528","NA","219088","LexicalDecision"
"No","635","1","1","Pseudo","3","1","1","m","C:/Users/hulsm/Documents/School/Methods_CCS/Lexical_descision","508","legacy","xpyriment","0.975","m","635","1.0","hard","jeer","5","48654","0","49010","NA","NA","NA","0","56261","48992","169661","220928","220909","0","221594","0","48992","56240","NA","0","NA","0","0","55194","222230","45528","NA","220908","LexicalDecision"
"No","1928","1","1","Pseudo","3","1","1","m","C:/Users/hulsm/Documents/School/Methods_CCS/Lexical_descision","516","legacy","xpyriment","0.9753086419753086","m","1928","1.0","hard","bevacht","5","48654","0","49010","NA","NA","NA","0","56261","48992","169661","222802","222783","0","223467","0","48992","56240","NA","0","NA","0","0","55194","225396","45528","NA","222782","LexicalDecision"
"No","590","1","1","Random","4","1","1","m","C:/Users/hulsm/Documents/School/Methods_CCS/Lexical_descision","476","legacy","xpyriment","0.975609756097561","m","590","1.0","easy","obzmie","5","48654","0","49010","NA","NA","NA","0","56261","48992","169661","225986","225966","0","226614","0","48992","56240","NA","0","NA","0","0","55194","227205","45528","NA","225965","LexicalDecision"
"No","825","1","1","LF","2","1","1","n","C:/Users/hulsm/Documents/School/Methods_CCS/Lexical_descision","577","legacy","xpyriment","0.9759036144578314","n","825","1.0","hard","chalets","5","48654","0","49010","NA","NA","NA","0","56261","48992","169661","227783","227764","0","228513","0","48992","56240","NA","0","NA","0","0","55194","229339","45528","NA","227763","LexicalDecision"
"No","887","1","1","Pseudo","3","1","1","m","C:/Users/hulsm/Documents/School/Methods_CCS/Lexical_descision","551","legacy","xpyriment","0.9761904761904762","m","887","1.0","hard","dubriek","5","48654","0","49010","NA","NA","NA","0","56261","48992","169661","229919","229899","0","230622","0","48992","56240","NA","0","NA","0","0","55194","231511","45528","NA","229898","LexicalDecision"
"No","735","1","1","Pseudo","3","1","1","m","C:/Users/hulsm/Documents/School/Methods_CCS/Lexical_descision","475","legacy","xpyriment","0.9764705882352941","m","735","1.0","hard","hierkij","5","48654","0","49010","NA","NA","NA","0","56261","48992","169661","232103","232083","0","232726","0","48992","56240","NA","0","NA","0","0","55194","233463","45528","NA","232082","LexicalDecision"
"No","1494","1","1","LF","2","1","1","n","C:/Users/hulsm/Documents/School/Methods_CCS/Lexical_descision","472","legacy","xpyriment","0.9767441860465116","n","1494","1.0","hard","fauna's","5","48654","0","49010","NA","NA","NA","0","56261","48992","169661","234048","234028","0","234680","0","48992","56240","NA","0","NA","0","0","55194","236176","45528","NA","234027","LexicalDecision"
"No","892","1","1","Pseudo","3","1","1","m","C:/Users/hulsm/Documents/School/Methods_CCS/Lexical_descision","460","legacy","xpyriment","0.9770114942528736","m","892","1.0","hard","aankeen","5","48654","0","49010","NA","NA","NA","0","56261","48992","169661","236800","236778","0","237412","0","48992","56240","NA","0","NA","0","0","55194","238305","45528","NA","236777","LexicalDecision"
"No","677","1","1","LF","2","1","1","n","C:/Users/hulsm/Documents/School/Methods_CCS/Lexical_descision","412","legacy","xpyriment","0.9772727272727273","n","677","1.0","hard","koetje","5","48654","0","49010","NA","NA","NA","0","56261","48992","169661","238890","238872","0","239459","0","48992","56240","NA","0","NA","0","0","55194","240138","45528","NA","238871","LexicalDecision"
"No","668","1","1","HF","1","1","1","n","C:/Users/hulsm/Documents/School/Methods_CCS/Lexical_descision","484","legacy","xpyriment","0.9775280898876404","n","668","1.0","easy","kritiek","5","48654","0","49010","NA","NA","NA","0","56261","48992","169661","240717","240697","0","241350","0","48992","56240","NA","0","NA","0","0","55194","242019","45528","NA","240696","LexicalDecision"
"No","629","1","1","Pseudo","3","1","1","m","C:/Users/hulsm/Documents/School/Methods_CCS/Lexical_descision","557","legacy","xpyriment","0.9777777777777777","m","629","1.0","hard","klarten","5","48654","0","49010","NA","NA","NA","0","56261","48992","169661","242592","242572","0","243299","0","48992","56240","NA","0","NA","0","0","55194","243929","45528","NA","242571","LexicalDecision"
"No","526","1","1","Pseudo","3","1","1","m","C:/Users/hulsm/Documents/School/Methods_CCS/Lexical_descision","565","legacy","xpyriment","0.978021978021978","m","526","1.0","hard","gemien","5","48654","0","49010","NA","NA","NA","0","56261","48992","169661","244512","244491","0","245229","0","48992","56240","NA","0","NA","0","0","55194","245757","45528","NA","244489","LexicalDecision"
"No","674","1","1","LF","2","1","1","n","C:/Users/hulsm/Documents/School/Methods_CCS/Lexical_descision","502","legacy","xpyriment","0.9782608695652174","n","674","1.0","hard","desserts","5","48654","0","49010","NA","NA","NA","0","56261","48992","169661","246340","246318","0","246999","0","48992","56240","NA","0","NA","0","0","55194","247675","45528","NA","246317","LexicalDecision"
"No","575","1","1","Random","4","1","1","m","C:/Users/hulsm/Documents/School/Methods_CCS/Lexical_descision","397","legacy","xpyriment","0.978494623655914","m","575","1.0","easy","oetjls","5","48654","0","49010","NA","NA","NA","0","56261","48992","169661","248262","248242","0","248819","0","48992","56240","NA","0","NA","0","0","55194","249395","45528","NA","248241","LexicalDecision"
"No","1126","1","1","Pseudo","3","1","1","m","C:/Users/hulsm/Documents/School/Methods_CCS/Lexical_descision","524","legacy","xpyriment","0.9787234042553191","m","1126","1.0","hard","dwals","5","48654","0","49010","NA","NA","NA","0","56261","48992","169661","249983","249964","0","250656","0","48992","56240","NA","0","NA","0","0","55194","251783","45528","NA","249962","LexicalDecision"
"No","527","1","1","LF","2","1","1","n","C:/Users/hulsm/Documents/School/Methods_CCS/Lexical_descision","450","legacy","xpyriment","0.9789473684210527","n","527","1.0","hard","sproet","5","48654","0","49010","NA","NA","NA","0","56261","48992","169661","252382","252361","0","252983","0","48992","56240","NA","0","NA","0","0","55194","253511","45528","NA","252360","LexicalDecision"
"No","564","1","1","LF","2","1","1","n","C:/Users/hulsm/Documents/School/Methods_CCS/Lexical_descision","407","legacy","xpyriment","0.9791666666666666","n","564","1.0","hard","zeefje","5","48654","0","49010","NA","NA","NA","0","56261","48992","169661","254088","254069","0","254650","0","48992","56240","NA","0","NA","0","0","55194","255215","45528","NA","254067","LexicalDecision"
"No","563","1","1","Random","4","1","1","m","C:/Users/hulsm/Documents/School/Methods_CCS/Lexical_descision","575","legacy","xpyriment","0.979381443298969","m","563","1.0","easy","sa'ammg","5","48654","0","49010","NA","NA","NA","0","56261","48992","169661","255795","255776","0","256527","0","48992","56240","NA","0","NA","0","0","55194","257091","45528","NA","255775","LexicalDecision"
"No","886","0","1","LF","2","0","0","n","C:/Users/hulsm/Documents/School/Methods_CCS/Lexical_descision","546","legacy","xpyriment","0.9693877551020408","m","886","0.96","hard","unies","5","48654","0","49010","NA","NA","NA","0","56261","48992","259430","257691","257668","0","258389","0","48992","56240","NA","0","NA","0","0","55194","259277","45528","NA","257667","LexicalDecision"
"No","883","1","1","Pseudo","3","1","1","m","C:/Users/hulsm/Documents/School/Methods_CCS/Lexical_descision","487","legacy","xpyriment","0.9696969696969697","m","883","0.96","hard","dangt","5","48654","0","49010","NA","NA","NA","0","56261","48992","259430","262013","261990","0","262653","0","48992","56240","NA","0","NA","0","0","55194","263537","45528","NA","261990","LexicalDecision"
"No","725","1","1","LF","2","1","1","n","C:/Users/hulsm/Documents/School/Methods_CCS/Lexical_descision","565","legacy","xpyriment","0.97","n","725","0.96","hard","spaties","5","48654","0","49010","NA","NA","NA","0","56261","48992","259430","264134","264112","0","264851","0","48992","56240","NA","0","NA","0","0","55194","265578","45528","NA","264111","LexicalDecision"
"No","527","1","1","Pseudo","3","1","1","m","C:/Users/hulsm/Documents/School/Methods_CCS/Lexical_descision","538","legacy","xpyriment","0.9702970297029703","m","527","0.96","hard","lierde","5","48654","0","49010","NA","NA","NA","0","56261","48992","259430","266215","266193","0","266902","0","48992","56240","NA","0","NA","0","0","55194","267430","45528","NA","266192","LexicalDecision"
"No","553","1","1","LF","2","1","1","n","C:/Users/hulsm/Documents/School/Methods_CCS/Lexical_descision","569","legacy","xpyriment","0.9705882352941176","n","553","0.96","hard","zombies","5","48654","0","49010","NA","NA","NA","0","56261","48992","259430","268011","267991","0","268727","0","48992","56240","NA","0","NA","0","0","55194","269281","45528","NA","267989","LexicalDecision"
"No","474","1","1","LF","2","1","1","n","C:/Users/hulsm/Documents/School/Methods_CCS/Lexical_descision","418","legacy","xpyriment","0.970873786407767","n","474","0.96","hard","bijzin","5","48654","0","49010","NA","NA","NA","0","56261","48992","259430","269870","269849","0","270445","0","48992","56240","NA","0","NA","0","0","55194","270920","45528","NA","269848","LexicalDecision"
"No","543","1","1","Pseudo","3","1","1","m","C:/Users/hulsm/Documents/School/Methods_CCS/Lexical_descision","502","legacy","xpyriment","0.9711538461538461","m","543","0.96","hard","gien","5","48654","0","49010","NA","NA","NA","0","56261","48992","259430","271507","271488","0","272156","0","48992","56240","NA","0","NA","0","0","55194","272701","45528","NA","271486","LexicalDecision"
"No","532","1","1","Random","4","1","1","m","C:/Users/hulsm/Documents/School/Methods_CCS/Lexical_descision","491","legacy","xpyriment","0.9714285714285714","m","532","0.96","easy","neoornhe","5","48654","0","49010","NA","NA","NA","0","56261","48992","259430","273279","273260","0","273919","0","48992","56240","NA","0","NA","0","0","55194","274453","45528","NA","273259","LexicalDecision"
"No","583","1","1","Pseudo","3","1","1","m","C:/Users/hulsm/Documents/School/Methods_CCS/Lexical_descision","465","legacy","xpyriment","0.9716981132075472","m","583","0.96","hard","poede","5","48654","0","49010","NA","NA","NA","0","56261","48992","259430","275036","275018","0","275648","0","48992","56240","NA","0","NA","0","0","55194","276232","45528","NA","275017","LexicalDecision"
"No","633","1","1","Pseudo","3","1","1","m","C:/Users/hulsm/Documents/School/Methods_CCS/Lexical_descision","405","legacy","xpyriment","0.9719626168224299","m","633","0.96","hard","leept","5","48654","0","49010","NA","NA","NA","0","56261","48992","259430","276829","276810","0","277389","0","48992","56240","NA","0","NA","0","0","55194","278024","45528","NA","276808","LexicalDecision"
"No","593","1","1","LF","2","1","1","n","C:/Users/hulsm/Documents/School/Methods_CCS/Lexical_descision","468","legacy","xpyriment","0.9722222222222222","n","593","0.96","hard","stunts","5","48654","0","49010","NA","NA","NA","0","56261","48992","259430","278612","278593","0","279288","0","48992","56240","NA","0","NA","0","0","55194","279883","45528","NA","278592","LexicalDecision"
"No","533","1","1","Pseudo","3","1","1","m","C:/Users/hulsm/Documents/School/Methods_CCS/Lexical_descision","496","legacy","xpyriment","0.9724770642201835","m","533","0.96","hard","dute","5","48654","0","49010","NA","NA","NA","0","56261","48992","259430","280461","280446","0","281110","0","48992","56240","NA","0","NA","0","0","55194","281645","45528","NA","280445","LexicalDecision"
"No","592","1","1","Pseudo","3","1","1","m","C:/Users/hulsm/Documents/School/Methods_CCS/Lexical_descision","439","legacy","xpyriment","0.9727272727272728","m","592","0.96","hard","dedden","5","48654","0","49010","NA","NA","NA","0","56261","48992","259430","282176","282160","0","282761","0","48992","56240","NA","0","NA","0","0","55194","283354","45528","NA","282159","LexicalDecision"
"No","946","1","1","Pseudo","3","1","1","m","C:/Users/hulsm/Documents/School/Methods_CCS/Lexical_descision","522","legacy","xpyriment","0.972972972972973","m","946","0.96","hard","scappen","5","48654","0","49010","NA","NA","NA","0","56261","48992","259430","283957","283937","0","284631","0","48992","56240","NA","0","NA","0","0","55194","285578","45528","NA","283936","LexicalDecision"
"No","2000","0","1","LF","2","0","0","n","C:/Users/hulsm/Documents/School/Methods_CCS/Lexical_descision","454","legacy","xpyriment","0.9642857142857143","None","2000","0.92","hard","nestjes","5","48654","0","49010","NA","NA","NA","0","56261","48992","288925","286170","286150","0","286772","0","48992","56240","NA","0","NA","0","0","55194","288772","45528","NA","286149","LexicalDecision"
"No","658","1","1","Pseudo","3","1","1","m","C:/Users/hulsm/Documents/School/Methods_CCS/Lexical_descision","423","legacy","xpyriment","0.9646017699115044","m","658","0.92","hard","kleken","5","48654","0","49010","NA","NA","NA","0","56261","48992","288925","291506","291483","0","292085","0","48992","56240","NA","0","NA","0","0","55194","292745","45528","NA","291483","LexicalDecision"
"No","1331","1","1","Pseudo","3","1","1","m","C:/Users/hulsm/Documents/School/Methods_CCS/Lexical_descision","416","legacy","xpyriment","0.9649122807017544","m","1331","0.92","hard","mormden","5","48654","0","49010","NA","NA","NA","0","56261","48992","288925","293327","293306","0","293902","0","48992","56240","NA","0","NA","0","0","55194","295234","45528","NA","293305","LexicalDecision"
"No","1345","0","1","LF","2","0","0","n","C:/Users/hulsm/Documents/School/Methods_CCS/Lexical_descision","475","legacy","xpyriment","0.9565217391304348","m","1345","0.88","hard","striem","5","48654","0","49010","NA","NA","NA","0","56261","48992","297962","295829","295808","0","296449","0","48992","56240","NA","0","NA","0","0","55194","297796","45528","NA","295807","LexicalDecision"
"No","2000","0","1","LF","2","0","0","n","C:/Users/hulsm/Documents/School/Methods_CCS/Lexical_descision","583","legacy","xpyriment","0.9482758620689655","None","2000","0.84","hard","raciaal","5","48654","0","49010","NA","NA","NA","0","56261","48992","303422","300540","300518","0","301271","0","48992","56240","NA","0","NA","0","0","55194","303271","45528","NA","300518","LexicalDecision"
"No","568","1","1","Pseudo","3","1","1","m","C:/Users/hulsm/Documents/School/Methods_CCS/Lexical_descision","586","legacy","xpyriment","0.9487179487179487","m","568","0.84","hard","wiest","5","48654","0","49010","NA","NA","NA","0","56261","48992","303422","306004","305981","0","306742","0","48992","56240","NA","0","NA","0","0","55194","307312","45528","NA","305981","LexicalDecision"
"No","736","1","1","Pseudo","3","1","1","m","C:/Users/hulsm/Documents/School/Methods_CCS/Lexical_descision","496","legacy","xpyriment","0.9491525423728814","m","736","0.84","hard","kluur","5","48654","0","49010","NA","NA","NA","0","56261","48992","303422","307881","307862","0","308527","0","48992","56240","NA","0","NA","0","0","55194","309264","45528","NA","307861","LexicalDecision"
"No","834","1","1","LF","2","1","1","n","C:/Users/hulsm/Documents/School/Methods_CCS/Lexical_descision","502","legacy","xpyriment","0.9495798319327731","n","834","0.84","hard","rocker","5","48654","0","49010","NA","NA","NA","0","56261","48992","303422","309851","309832","0","310503","0","48992","56240","NA","0","NA","0","0","55194","311339","45528","NA","309831","LexicalDecision"
"No","905","1","1","Pseudo","3","1","1","m","C:/Users/hulsm/Documents/School/Methods_CCS/Lexical_descision","506","legacy","xpyriment","0.95","m","905","0.84","hard","gezeld","5","48654","0","49010","NA","NA","NA","0","56261","48992","303422","311925","311904","0","312586","0","48992","56240","NA","0","NA","0","0","55194","313493","45528","NA","311903","LexicalDecision"
"No","639","1","1","Random","4","1","1","m","C:/Users/hulsm/Documents/School/Methods_CCS/Lexical_descision","571","legacy","xpyriment","0.9504132231404959","m","639","0.84","easy","meeirrs","5","48654","0","49010","NA","NA","NA","0","56261","48992","303422","314066","314048","0","314786","0","48992","56240","NA","0","NA","0","0","55194","315426","45528","NA","314047","LexicalDecision"
"No","869","1","1","LF","2","1","1","n","C:/Users/hulsm/Documents/School/Methods_CCS/Lexical_descision","420","legacy","xpyriment","0.9508196721311475","n","869","0.84","hard","cartoon","5","48654","0","49010","NA","NA","NA","0","56261","48992","303422","316044","316025","0","316612","0","48992","56240","NA","0","NA","0","0","55194","317482","45528","NA","316025","LexicalDecision"
"No","719","1","1","LF","2","1","1","n","C:/Users/hulsm/Documents/School/Methods_CCS/Lexical_descision","491","legacy","xpyriment","0.9512195121951219","n","719","0.88","hard","vocaal","5","48654","0","49010","NA","NA","NA","0","56261","48992","303422","318091","318071","0","318734","0","48992","56240","NA","0","NA","0","0","55194","319455","45528","NA","318070","LexicalDecision"
"No","594","1","1","LF","2","1","1","n","C:/Users/hulsm/Documents/School/Methods_CCS/Lexical_descision","397","legacy","xpyriment","0.9516129032258065","n","594","0.88","hard","vlokje","5","48654","0","49010","NA","NA","NA","0","56261","48992","303422","320040","320021","0","320587","0","48992","56240","NA","0","NA","0","0","55194","321183","45528","NA","320019","LexicalDecision"
"No","649","1","1","LF","2","1","1","n","C:/Users/hulsm/Documents/School/Methods_CCS/Lexical_descision","514","legacy","xpyriment","0.952","n","649","0.88","hard","cricket","5","48654","0","49010","NA","NA","NA","0","56261","48992","303422","321764","321744","0","322428","0","48992","56240","NA","0","NA","0","0","55194","323078","45528","NA","321743","LexicalDecision"
"No","580","1","1","Pseudo","3","1","1","m","C:/Users/hulsm/Documents/School/Methods_CCS/Lexical_descision","444","legacy","xpyriment","0.9523809523809523","m","580","0.88","hard","drij","5","48654","0","49010","NA","NA","NA","0","56261","48992","303422","323661","323641","0","324259","0","48992","56240","NA","0","NA","0","0","55194","324841","45528","NA","323640","LexicalDecision"
"No","1402","1","1","LF","2","1","1","n","C:/Users/hulsm/Documents/School/Methods_CCS/Lexical_descision","437","legacy","xpyriment","0.952755905511811","n","1402","0.88","hard","jacket","5","48654","0","49010","NA","NA","NA","0","56261","48992","303422","325420","325399","0","326015","0","48992","56240","NA","0","NA","0","0","55194","327418","45528","NA","325398","LexicalDecision"
"No","595","1","1","LF","2","1","1","n","C:/Users/hulsm/Documents/School/Methods_CCS/Lexical_descision","595","legacy","xpyriment","0.953125","n","595","0.88","hard","framboos","5","48654","0","49010","NA","NA","NA","0","56261","48992","303422","328013","327994","0","328763","0","48992","56240","NA","0","NA","0","0","55194","329359","45528","NA","327993","LexicalDecision"
"No","659","1","1","HF","1","1","1","n","C:/Users/hulsm/Documents/School/Methods_CCS/Lexical_descision","425","legacy","xpyriment","0.9534883720930233","n","659","0.88","easy","zwak","5","48654","0","49010","NA","NA","NA","0","56261","48992","303422","329949","329927","0","330526","0","48992","56240","NA","0","NA","0","0","55194","331186","45528","NA","329925","LexicalDecision"
"No","721","1","1","Pseudo","3","1","1","m","C:/Users/hulsm/Documents/School/Methods_CCS/Lexical_descision","397","legacy","xpyriment","0.9538461538461539","m","721","0.88","hard","gevield","5","48654","0","49010","NA","NA","NA","0","56261","48992","303422","331785","331763","0","332337","0","48992","56240","NA","0","NA","0","0","55194","333059","45528","NA","331762","LexicalDecision"
"No","743","1","1","Pseudo","3","1","1","m","C:/Users/hulsm/Documents/School/Methods_CCS/Lexical_descision","443","legacy","xpyriment","0.9541984732824428","m","743","0.88","hard","noks","5","48654","0","49010","NA","NA","NA","0","56261","48992","303422","333659","333640","0","334252","0","48992","56240","NA","0","NA","0","0","55194","334997","45528","NA","333640","LexicalDecision"
"No","716","1","1","Random","4","1","1","m","C:/Users/hulsm/Documents/School/Methods_CCS/Lexical_descision","576","legacy","xpyriment","0.9545454545454546","m","716","0.88","easy","naowolt","5","48654","0","49010","NA","NA","NA","0","56261","48992","303422","335585","335563","0","336313","0","48992","56240","NA","0","NA","0","0","55194","337031","45528","NA","335562","LexicalDecision"
"No","2000","0","1","Pseudo","3","0","0","m","C:/Users/hulsm/Documents/School/Methods_CCS/Lexical_descision","404","legacy","xpyriment","0.9473684210526315","None","2000","0.84","hard","stas","5","48654","0","49010","NA","NA","NA","0","56261","48992","340344","337645","337626","0","338195","0","48992","56240","NA","0","NA","0","0","55194","340195","45528","NA","337625","LexicalDecision"
"No","554","1","1","Random","4","1","1","m","C:/Users/hulsm/Documents/School/Methods_CCS/Lexical_descision","587","legacy","xpyriment","0.9477611940298507","m","554","0.84","easy","sgjkreoe","5","48654","0","49010","NA","NA","NA","0","56261","48992","340344","342927","342906","0","343660","0","48992","56240","NA","0","NA","0","0","55194","344215","45528","NA","342906","LexicalDecision"
"No","495","1","1","Random","4","1","1","m","C:/Users/hulsm/Documents/School/Methods_CCS/Lexical_descision","479","legacy","xpyriment","0.9481481481481482","m","495","0.84","easy","tteser","5","48654","0","49010","NA","NA","NA","0","56261","48992","340344","344798","344777","0","345434","0","48992","56240","NA","0","NA","0","0","55194","345931","45528","NA","344776","LexicalDecision"
"No","797","1","2","LF","2","1","1","n","C:/Users/hulsm/Documents/School/Methods_CCS/Lexical_descision","459","legacy","xpyriment","0.9485294117647058","n","797","0.84","hard","diva","5","48654","0","346568","346086","NA","NA","0","353845","346551","340344","354279","354257","0","354892","0","346552","353819","NA","0","NA","0","0","350806","355691","45528","NA","354256","LexicalDecision"
"No","735","0","2","LF","2","0","0","n","C:/Users/hulsm/Documents/School/Methods_CCS/Lexical_descision","414","legacy","xpyriment","0.9416058394160584","m","735","0.84","hard","kanons","5","48654","0","346568","346086","NA","NA","0","353845","346551","357742","356295","356276","0","356859","0","346552","353819","NA","0","NA","0","0","350806","357596","45528","NA","356275","LexicalDecision"
"No","553","1","2","LF","2","1","1","n","C:/Users/hulsm/Documents/School/Methods_CCS/Lexical_descision","510","legacy","xpyriment","0.9420289855072463","n","553","0.84","hard","eisers","5","48654","0","346568","346086","NA","NA","0","353845","346551","357742","360348","360325","0","361008","0","346552","353819","NA","0","NA","0","0","350806","361563","45528","NA","360325","LexicalDecision"
"No","571","1","2","Random","4","1","1","m","C:/Users/hulsm/Documents/School/Methods_CCS/Lexical_descision","468","legacy","xpyriment","0.9424460431654677","m","571","0.84","easy","eirtnprs","5","48654","0","346568","346086","NA","NA","0","353845","346551","357742","362150","362128","0","362775","0","346552","353819","NA","0","NA","0","0","350806","363348","45528","NA","362127","LexicalDecision"
"No","472","1","2","Random","4","1","1","m","C:/Users/hulsm/Documents/School/Methods_CCS/Lexical_descision","586","legacy","xpyriment","0.9428571428571428","m","472","0.88","easy","errsse","5","48654","0","346568","346086","NA","NA","0","353845","346551","357742","363993","363971","0","364729","0","346552","353819","NA","0","NA","0","0","350806","365202","45528","NA","363969","LexicalDecision"
"No","689","1","2","LF","2","1","1","n","C:/Users/hulsm/Documents/School/Methods_CCS/Lexical_descision","583","legacy","xpyriment","0.9432624113475178","n","689","0.92","hard","slipjes","5","48654","0","346568","346086","NA","NA","0","353845","346551","357742","365783","365763","0","366513","0","346552","353819","NA","0","NA","0","0","350806","367203","45528","NA","365763","LexicalDecision"
"No","491","1","2","Pseudo","3","1","1","m","C:/Users/hulsm/Documents/School/Methods_CCS/Lexical_descision","435","legacy","xpyriment","0.9436619718309859","m","491","0.92","hard","drig","5","48654","0","346568","346086","NA","NA","0","353845","346551","357742","367809","367789","0","368392","0","346552","353819","NA","0","NA","0","0","350806","368886","45528","NA","367788","LexicalDecision"
"No","507","1","2","LF","2","1","1","n","C:/Users/hulsm/Documents/School/Methods_CCS/Lexical_descision","424","legacy","xpyriment","0.9440559440559441","n","507","0.92","hard","vormpjes","5","48654","0","346568","346086","NA","NA","0","353845","346551","357742","369469","369449","0","370048","0","346552","353819","NA","0","NA","0","0","350806","370557","45528","NA","369448","LexicalDecision"
"No","558","1","2","Pseudo","3","1","1","m","C:/Users/hulsm/Documents/School/Methods_CCS/Lexical_descision","579","legacy","xpyriment","0.9444444444444444","m","558","0.92","hard","geemt","5","48654","0","346568","346086","NA","NA","0","353845","346551","357742","371149","371128","0","371871","0","346552","353819","NA","0","NA","0","0","350806","372430","45528","NA","371127","LexicalDecision"
"No","510","1","2","Pseudo","3","1","1","m","C:/Users/hulsm/Documents/School/Methods_CCS/Lexical_descision","583","legacy","xpyriment","0.9448275862068966","m","510","0.92","hard","prappen","5","48654","0","346568","346086","NA","NA","0","353845","346551","357742","373008","372988","0","373737","0","346552","353819","NA","0","NA","0","0","350806","374249","45528","NA","372987","LexicalDecision"
"No","517","1","2","Pseudo","3","1","1","m","C:/Users/hulsm/Documents/School/Methods_CCS/Lexical_descision","480","legacy","xpyriment","0.9452054794520548","m","517","0.92","hard","hoemen","5","48654","0","346568","346086","NA","NA","0","353845","346551","357742","374834","374813","0","375470","0","346552","353819","NA","0","NA","0","0","350806","375989","45528","NA","374813","LexicalDecision"
"No","632","1","2","LF","2","1","1","n","C:/Users/hulsm/Documents/School/Methods_CCS/Lexical_descision","525","legacy","xpyriment","0.9455782312925171","n","632","0.92","hard","sofa's","5","48654","0","346568","346086","NA","NA","0","353845","346551","357742","376577","376557","0","377260","0","346552","353819","NA","0","NA","0","0","350806","377894","45528","NA","376557","LexicalDecision"
"No","615","1","2","LF","2","1","1","n","C:/Users/hulsm/Documents/School/Methods_CCS/Lexical_descision","549","legacy","xpyriment","0.9459459459459459","n","615","0.92","hard","primeurs","5","48654","0","346568","346086","NA","NA","0","353845","346551","357742","378471","378452","0","379173","0","346552","353819","NA","0","NA","0","0","350806","379791","45528","NA","378450","LexicalDecision"
"No","558","1","2","Pseudo","3","1","1","m","C:/Users/hulsm/Documents/School/Methods_CCS/Lexical_descision","552","legacy","xpyriment","0.9463087248322147","m","558","0.92","hard","jecht","5","48654","0","346568","346086","NA","NA","0","353845","346551","357742","380371","380348","0","381073","0","346552","353819","NA","0","NA","0","0","350806","381633","45528","NA","380347","LexicalDecision"
"No","531","1","2","LF","2","1","1","n","C:/Users/hulsm/Documents/School/Methods_CCS/Lexical_descision","537","legacy","xpyriment","0.9466666666666667","n","531","0.92","hard","bijwoord","5","48654","0","346568","346086","NA","NA","0","353845","346551","357742","382222","382202","0","382905","0","346552","353819","NA","0","NA","0","0","350806","383437","45528","NA","382201","LexicalDecision"
"No","588","1","2","LF","2","1","1","n","C:/Users/hulsm/Documents/School/Methods_CCS/Lexical_descision","500","legacy","xpyriment","0.9470198675496688","n","588","0.92","hard","party's","5","48654","0","346568","346086","NA","NA","0","353845","346551","357742","384023","384002","0","384669","0","346552","353819","NA","0","NA","0","0","350806","385259","45528","NA","384001","LexicalDecision"
"No","863","0","2","LF","2","0","0","n","C:/Users/hulsm/Documents/School/Methods_CCS/Lexical_descision","503","legacy","xpyriment","0.9407894736842105","m","863","0.88","hard","koordjes","5","48654","0","346568","346086","NA","NA","0","353845","346551","387523","385855","385833","0","386512","0","346552","353819","NA","0","NA","0","0","350806","387378","45528","NA","385832","LexicalDecision"
"No","550","1","2","LF","2","1","1","n","C:/Users/hulsm/Documents/School/Methods_CCS/Lexical_descision","442","legacy","xpyriment","0.9411764705882353","n","550","0.88","hard","tumors","5","48654","0","346568","346086","NA","NA","0","353845","346551","387523","390112","390092","0","390714","0","346552","353819","NA","0","NA","0","0","350806","391266","45528","NA","390091","LexicalDecision"
"No","930","1","2","HF","1","1","1","n","C:/Users/hulsm/Documents/School/Methods_CCS/Lexical_descision","522","legacy","xpyriment","0.9415584415584416","n","930","0.88","easy","delen","5","48654","0","346568","346086","NA","NA","0","353845","346551","387523","391843","391825","0","392512","0","346552","353819","NA","0","NA","0","0","350806","393444","45528","NA","391824","LexicalDecision"
"No","514","1","2","LF","2","1","1","n","C:/Users/hulsm/Documents/School/Methods_CCS/Lexical_descision","591","legacy","xpyriment","0.9419354838709677","n","514","0.88","hard","mossels","5","48654","0","346568","346086","NA","NA","0","353845","346551","387523","394025","394003","0","394767","0","346552","353819","NA","0","NA","0","0","350806","395282","45528","NA","394002","LexicalDecision"
"No","606","1","2","LF","2","1","1","n","C:/Users/hulsm/Documents/School/Methods_CCS/Lexical_descision","452","legacy","xpyriment","0.9423076923076923","n","606","0.88","hard","slijper","5","48654","0","346568","346086","NA","NA","0","353845","346551","387523","395872","395852","0","396496","0","346552","353819","NA","0","NA","0","0","350806","397103","45528","NA","395851","LexicalDecision"
"No","709","1","2","Pseudo","3","1","1","m","C:/Users/hulsm/Documents/School/Methods_CCS/Lexical_descision","435","legacy","xpyriment","0.9426751592356688","m","709","0.88","hard","begen","5","48654","0","346568","346086","NA","NA","0","353845","346551","387523","397705","397683","0","398290","0","346552","353819","NA","0","NA","0","0","350806","399001","45528","NA","397683","LexicalDecision"
"No","546","1","2","Pseudo","3","1","1","m","C:/Users/hulsm/Documents/School/Methods_CCS/Lexical_descision","406","legacy","xpyriment","0.9430379746835443","m","546","0.92","hard","temgeen","5","48654","0","346568","346086","NA","NA","0","353845","346551","387523","399657","399635","0","400215","0","346552","353819","NA","0","NA","0","0","350806","400762","45528","NA","399634","LexicalDecision"
"No","733","1","2","Pseudo","3","1","1","m","C:/Users/hulsm/Documents/School/Methods_CCS/Lexical_descision","501","legacy","xpyriment","0.9433962264150944","m","733","0.92","hard","moofden","5","48654","0","346568","346086","NA","NA","0","353845","346551","387523","401355","401336","0","401987","0","346552","353819","NA","0","NA","0","0","350806","402722","45528","NA","401335","LexicalDecision"
"No","973","1","2","Pseudo","3","1","1","m","C:/Users/hulsm/Documents/School/Methods_CCS/Lexical_descision","501","legacy","xpyriment","0.94375","m","973","0.92","hard","kwestje","5","48654","0","346568","346086","NA","NA","0","353845","346551","387523","403333","403313","0","403986","0","346552","353819","NA","0","NA","0","0","350806","404961","45528","NA","403312","LexicalDecision"
"No","502","1","2","LF","2","1","1","n","C:/Users/hulsm/Documents/School/Methods_CCS/Lexical_descision","477","legacy","xpyriment","0.9440993788819876","n","502","0.92","hard","peukjes","5","48654","0","346568","346086","NA","NA","0","353845","346551","387523","405545","405523","0","406179","0","346552","353819","NA","0","NA","0","0","350806","406683","45528","NA","405522","LexicalDecision"
"No","920","1","2","Pseudo","3","1","1","m","C:/Users/hulsm/Documents/School/Methods_CCS/Lexical_descision","422","legacy","xpyriment","0.9444444444444444","m","920","0.96","hard","moze","5","48654","0","346568","346086","NA","NA","0","353845","346551","387523","407263","407244","0","407836","0","346552","353819","NA","0","NA","0","0","350806","408759","45528","NA","407243","LexicalDecision"
"No","740","1","2","LF","2","1","1","n","C:/Users/hulsm/Documents/School/Methods_CCS/Lexical_descision","531","legacy","xpyriment","0.9447852760736196","n","740","0.96","hard","drumstel","5","48654","0","346568","346086","NA","NA","0","353845","346551","387523","409346","409328","0","410027","0","346552","353819","NA","0","NA","0","0","350806","410769","45528","NA","409327","LexicalDecision"
"No","777","1","2","Pseudo","3","1","1","m","C:/Users/hulsm/Documents/School/Methods_CCS/Lexical_descision","501","legacy","xpyriment","0.9451219512195121","m","777","0.96","hard","geklaaid","5","48654","0","346568","346086","NA","NA","0","353845","346551","387523","411358","411338","0","412006","0","346552","353819","NA","0","NA","0","0","350806","412784","45528","NA","411337","LexicalDecision"
"No","1417","1","2","Pseudo","3","1","1","m","C:/Users/hulsm/Documents/School/Methods_CCS/Lexical_descision","524","legacy","xpyriment","0.9454545454545454","m","1417","0.96","hard","doordan","5","48654","0","346568","346086","NA","NA","0","353845","346551","387523","413411","413391","0","414093","0","346552","353819","NA","0","NA","0","0","350806","415512","45528","NA","413390","LexicalDecision"
"No","581","1","2","LF","2","1","1","n","C:/Users/hulsm/Documents/School/Methods_CCS/Lexical_descision","447","legacy","xpyriment","0.9457831325301205","n","581","0.96","hard","albums","5","48654","0","346568","346086","NA","NA","0","353845","346551","387523","416084","416064","0","416690","0","346552","353819","NA","0","NA","0","0","350806","417273","45528","NA","416063","LexicalDecision"
"No","1437","1","2","LF","2","1","1","n","C:/Users/hulsm/Documents/School/Methods_CCS/Lexical_descision","593","legacy","xpyriment","0.9461077844311377","n","1437","0.96","hard","look","5","48654","0","346568","346086","NA","NA","0","353845","346551","387523","417852","417830","0","418598","0","346552","353819","NA","0","NA","0","0","350806","420037","45528","NA","417828","LexicalDecision"
"No","869","1","2","LF","2","1","1","n","C:/Users/hulsm/Documents/School/Methods_CCS/Lexical_descision","571","legacy","xpyriment","0.9464285714285714","n","869","0.96","hard","padjes","5","48654","0","346568","346086","NA","NA","0","353845","346551","387523","420622","420600","0","421340","0","346552","353819","NA","0","NA","0","0","350806","422211","45528","NA","420599","LexicalDecision"
"No","630","1","2","Pseudo","3","1","1","m","C:/Users/hulsm/Documents/School/Methods_CCS/Lexical_descision","497","legacy","xpyriment","0.9467455621301775","m","630","0.96","hard","sobbool","5","48654","0","346568","346086","NA","NA","0","353845","346551","387523","422800","422780","0","423451","0","346552","353819","NA","0","NA","0","0","350806","424083","45528","NA","422779","LexicalDecision"
"No","941","1","2","HF","1","1","1","n","C:/Users/hulsm/Documents/School/Methods_CCS/Lexical_descision","488","legacy","xpyriment","0.9470588235294117","n","941","0.96","easy","hieruit","5","48654","0","346568","346086","NA","NA","0","353845","346551","387523","424695","424674","0","425328","0","346552","353819","NA","0","NA","0","0","350806","426271","45528","NA","424673","LexicalDecision"
"No","675","1","2","Pseudo","3","1","1","m","C:/Users/hulsm/Documents/School/Methods_CCS/Lexical_descision","486","legacy","xpyriment","0.9473684210526315","m","675","0.96","hard","verniet","5","48654","0","346568","346086","NA","NA","0","353845","346551","387523","426899","426880","0","427542","0","346552","353819","NA","0","NA","0","0","350806","428219","45528","NA","426878","LexicalDecision"
"No","551","1","2","LF","2","1","1","n","C:/Users/hulsm/Documents/School/Methods_CCS/Lexical_descision","474","legacy","xpyriment","0.9476744186046512","n","551","0.96","hard","coupons","5","48654","0","346568","346086","NA","NA","0","353845","346551","387523","428812","428793","0","429447","0","346552","353819","NA","0","NA","0","0","350806","430000","45528","NA","428791","LexicalDecision"
"No","1121","1","2","Pseudo","3","1","1","m","C:/Users/hulsm/Documents/School/Methods_CCS/Lexical_descision","547","legacy","xpyriment","0.9479768786127167","m","1121","0.96","hard","starte","5","48654","0","346568","346086","NA","NA","0","353845","346551","387523","430619","430599","0","431308","0","346552","353819","NA","0","NA","0","0","350806","432430","45528","NA","430598","LexicalDecision"
"No","814","1","2","Pseudo","3","1","1","m","C:/Users/hulsm/Documents/School/Methods_CCS/Lexical_descision","533","legacy","xpyriment","0.9482758620689655","m","814","0.96","hard","smank","5","48654","0","346568","346086","NA","NA","0","353845","346551","387523","433025","433005","0","433706","0","346552","353819","NA","0","NA","0","0","350806","434522","45528","NA","433003","LexicalDecision"
"No","618","1","2","Pseudo","3","1","1","m","C:/Users/hulsm/Documents/School/Methods_CCS/Lexical_descision","423","legacy","xpyriment","0.9485714285714286","m","618","0.96","hard","uitters","5","48654","0","346568","346086","NA","NA","0","353845","346551","387523","435148","435129","0","435728","0","346552","353819","NA","0","NA","0","0","350806","436348","45528","NA","435129","LexicalDecision"
"No","692","1","2","Pseudo","3","1","1","m","C:/Users/hulsm/Documents/School/Methods_CCS/Lexical_descision","450","legacy","xpyriment","0.9488636363636364","m","692","0.96","hard","wieper","5","48654","0","346568","346086","NA","NA","0","353845","346551","387523","436931","436911","0","437533","0","346552","353819","NA","0","NA","0","0","350806","438227","45528","NA","436910","LexicalDecision"
"No","531","1","2","Pseudo","3","1","1","m","C:/Users/hulsm/Documents/School/Methods_CCS/Lexical_descision","447","legacy","xpyriment","0.9491525423728814","m","531","1.0","hard","derken","5","48654","0","346568","346086","NA","NA","0","353845","346551","387523","438816","438798","0","439415","0","346552","353819","NA","0","NA","0","0","350806","439949","45528","NA","438797","LexicalDecision"
"No","673","1","2","Pseudo","3","1","1","m","C:/Users/hulsm/Documents/School/Methods_CCS/Lexical_descision","523","legacy","xpyriment","0.949438202247191","m","673","1.0","hard","damer","5","48654","0","346568","346086","NA","NA","0","353845","346551","387523","440519","440499","0","441199","0","346552","353819","NA","0","NA","0","0","350806","441874","45528","NA","440498","LexicalDecision"
"No","477","1","2","Pseudo","3","1","1","m","C:/Users/hulsm/Documents/School/Methods_CCS/Lexical_descision","573","legacy","xpyriment","0.9497206703910615","m","477","1.0","hard","steeven","5","48654","0","346568","346086","NA","NA","0","353845","346551","387523","442452","442432","0","443176","0","346552","353819","NA","0","NA","0","0","350806","443654","45528","NA","442431","LexicalDecision"
"No","669","1","2","LF","2","1","1","n","C:/Users/hulsm/Documents/School/Methods_CCS/Lexical_descision","565","legacy","xpyriment","0.95","n","669","1.0","hard","nachtjes","5","48654","0","346568","346086","NA","NA","0","353845","346551","387523","444226","444206","0","444951","0","346552","353819","NA","0","NA","0","0","350806","445621","45528","NA","444205","LexicalDecision"
"No","501","1","2","Pseudo","3","1","1","m","C:/Users/hulsm/Documents/School/Methods_CCS/Lexical_descision","470","legacy","xpyriment","0.9502762430939227","m","501","1.0","hard","koedend","5","48654","0","346568","346086","NA","NA","0","353845","346551","387523","446206","446186","0","446824","0","346552","353819","NA","0","NA","0","0","350806","447326","45528","NA","446185","LexicalDecision"
"No","592","1","2","LF","2","1","1","n","C:/Users/hulsm/Documents/School/Methods_CCS/Lexical_descision","420","legacy","xpyriment","0.9505494505494505","n","592","1.0","hard","schatjes","5","48654","0","346568","346086","NA","NA","0","353845","346551","387523","447914","447895","0","448492","0","346552","353819","NA","0","NA","0","0","350806","449085","45528","NA","447894","LexicalDecision"
"No","509","1","2","Random","4","1","1","m","C:/Users/hulsm/Documents/School/Methods_CCS/Lexical_descision","504","legacy","xpyriment","0.9508196721311475","m","509","1.0","easy","rimeupsr","5","48654","0","346568","346086","NA","NA","0","353845","346551","387523","449713","449692","0","450375","0","346552","353819","NA","0","NA","0","0","350806","450885","45528","NA","449691","LexicalDecision"
"No","880","0","2","LF","2","0","0","n","C:/Users/hulsm/Documents/School/Methods_CCS/Lexical_descision","459","legacy","xpyriment","0.9456521739130435","m","880","0.96","hard","stropje","5","48654","0","346568","346086","NA","NA","0","353845","346551","453121","451467","451448","0","452081","0","346552","353819","NA","0","NA","0","0","350806","452963","45528","NA","451447","LexicalDecision"
"No","615","1","2","LF","2","1","1","n","C:/Users/hulsm/Documents/School/Methods_CCS/Lexical_descision","570","legacy","xpyriment","0.9459459459459459","n","615","0.96","hard","schepjes","5","48654","0","346568","346086","NA","NA","0","353845","346551","453121","455709","455688","0","456432","0","346552","353819","NA","0","NA","0","0","350806","457049","45528","NA","455688","LexicalDecision"
"No","780","1","2","Pseudo","3","1","1","m","C:/Users/hulsm/Documents/School/Methods_CCS/Lexical_descision","528","legacy","xpyriment","0.946236559139785","m","780","0.96","hard","groeg","5","48654","0","346568","346086","NA","NA","0","353845","346551","453121","457634","457614","0","458304","0","346552","353819","NA","0","NA","0","0","350806","459086","45528","NA","457613","LexicalDecision"
"No","803","1","2","LF","2","1","1","n","C:/Users/hulsm/Documents/School/Methods_CCS/Lexical_descision","558","legacy","xpyriment","0.946524064171123","n","803","0.96","hard","bever","5","48654","0","346568","346086","NA","NA","0","353845","346551","453121","459675","459652","0","460384","0","346552","353819","NA","0","NA","0","0","350806","461188","45528","NA","459651","LexicalDecision"
"No","479","1","2","Random","4","1","1","m","C:/Users/hulsm/Documents/School/Methods_CCS/Lexical_descision","524","legacy","xpyriment","0.9468085106382979","m","479","0.96","easy","snajaled","5","48654","0","346568","346086","NA","NA","0","353845","346551","453121","461792","461770","0","462461","0","346552","353819","NA","0","NA","0","0","350806","462942","45528","NA","461769","LexicalDecision"
"No","554","1","2","Pseudo","3","1","1","m","C:/Users/hulsm/Documents/School/Methods_CCS/Lexical_descision","407","legacy","xpyriment","0.9470899470899471","m","554","0.96","hard","aand","5","48654","0","346568","346086","NA","NA","0","353845","346551","453121","463532","463510","0","464091","0","346552","353819","NA","0","NA","0","0","350806","464647","45528","NA","463510","LexicalDecision"
"No","539","0","2","LF","2","0","0","n","C:/Users/hulsm/Documents/School/Methods_CCS/Lexical_descision","407","legacy","xpyriment","0.9421052631578948","m","539","0.92","hard","raster","5","48654","0","346568","346086","NA","NA","0","353845","346551","466501","465245","465226","0","465808","0","346552","353819","NA","0","NA","0","0","350806","466348","45528","NA","465225","LexicalDecision"
"No","635","1","2","Pseudo","3","1","1","m","C:/Users/hulsm/Documents/School/Methods_CCS/Lexical_descision","496","legacy","xpyriment","0.9424083769633508","m","635","0.92","hard","stenk","5","48654","0","346568","346086","NA","NA","0","353845","346551","466501","469089","469067","0","469737","0","346552","353819","NA","0","NA","0","0","350806","470373","45528","NA","469067","LexicalDecision"
"No","511","1","2","HF","1","1","1","n","C:/Users/hulsm/Documents/School/Methods_CCS/Lexical_descision","512","legacy","xpyriment","0.9427083333333334","n","511","0.92","easy","daad","5","48654","0","346568","346086","NA","NA","0","353845","346551","466501","470976","470955","0","471642","0","346552","353819","NA","0","NA","0","0","350806","472154","45528","NA","470954","LexicalDecision"
"No","522","1","2","Pseudo","3","1","1","m","C:/Users/hulsm/Documents/School/Methods_CCS/Lexical_descision","489","legacy","xpyriment","0.9430051813471503","m","522","0.92","hard","tervas","5","48654","0","346568","346086","NA","NA","0","353845","346551","466501","472737","472717","0","473374","0","346552","353819","NA","0","NA","0","0","350806","473898","45528","NA","472716","LexicalDecision"
"No","722","1","2","Pseudo","3","1","1","m","C:/Users/hulsm/Documents/School/Methods_CCS/Lexical_descision","581","legacy","xpyriment","0.9432989690721649","m","722","0.92","hard","mortiek","5","48654","0","346568","346086","NA","NA","0","353845","346551","466501","474508","474490","0","475246","0","346552","353819","NA","0","NA","0","0","350806","475969","45528","NA","474489","LexicalDecision"
"No","512","1","2","Pseudo","3","1","1","m","C:/Users/hulsm/Documents/School/Methods_CCS/Lexical_descision","559","legacy","xpyriment","0.9435897435897436","m","512","0.92","hard","egnect","5","48654","0","346568","346086","NA","NA","0","353845","346551","466501","476546","476524","0","477256","0","346552","353819","NA","0","NA","0","0","350806","477770","45528","NA","476523","LexicalDecision"
"No","421","1","2","Pseudo","3","1","1","m","C:/Users/hulsm/Documents/School/Methods_CCS/Lexical_descision","567","legacy","xpyriment","0.9438775510204082","m","421","0.92","hard","bechte","5","48654","0","346568","346086","NA","NA","0","353845","346551","466501","478355","478337","0","479071","0","346552","353819","NA","0","NA","0","0","350806","479494","45528","NA","478336","LexicalDecision"
"No","668","1","2","LF","2","1","1","n","C:/Users/hulsm/Documents/School/Methods_CCS/Lexical_descision","556","legacy","xpyriment","0.9441624365482234","n","668","0.92","hard","lieverds","5","48654","0","346568","346086","NA","NA","0","353845","346551","466501","480077","480057","0","480788","0","346552","353819","NA","0","NA","0","0","350806","481458","45528","NA","480056","LexicalDecision"
"No","861","1","2","LF","2","1","1","n","C:/Users/hulsm/Documents/School/Methods_CCS/Lexical_descision","564","legacy","xpyriment","0.9444444444444444","n","861","0.92","hard","panty's","5","48654","0","346568","346086","NA","NA","0","353845","346551","466501","482038","482018","0","482760","0","346552","353819","NA","0","NA","0","0","350806","483623","45528","NA","482017","LexicalDecision"
"No","802","1","2","LF","2","1","1","n","C:/Users/hulsm/Documents/School/Methods_CCS/Lexical_descision","475","legacy","xpyriment","0.9447236180904522","n","802","0.92","hard","strippen","5","48654","0","346568","346086","NA","NA","0","353845","346551","466501","484213","484194","0","484843","0","346552","353819","NA","0","NA","0","0","350806","485647","45528","NA","484193","LexicalDecision"
"No","840","1","2","HF","1","1","1","n","C:/Users/hulsm/Documents/School/Methods_CCS/Lexical_descision","468","legacy","xpyriment","0.945","n","840","0.92","easy","franse","5","48654","0","346568","346086","NA","NA","0","353845","346551","466501","486231","486210","0","486853","0","346552","353819","NA","0","NA","0","0","350806","487695","45528","NA","486209","LexicalDecision"
"No","678","1","2","Pseudo","3","1","1","m","C:/Users/hulsm/Documents/School/Methods_CCS/Lexical_descision","515","legacy","xpyriment","0.945273631840796","m","678","0.92","hard","spindig","5","48654","0","346568","346086","NA","NA","0","353845","346551","466501","488279","488259","0","488947","0","346552","353819","NA","0","NA","0","0","350806","489627","45528","NA","488258","LexicalDecision"
"No","654","1","2","Random","4","1","1","m","C:/Users/hulsm/Documents/School/Methods_CCS/Lexical_descision","411","legacy","xpyriment","0.9455445544554455","m","654","0.92","easy","tespja","5","48654","0","346568","346086","NA","NA","0","353845","346551","466501","490198","490179","0","490761","0","346552","353819","NA","0","NA","0","0","350806","491418","45528","NA","490178","LexicalDecision"
"No","455","1","2","Random","4","1","1","m","C:/Users/hulsm/Documents/School/Methods_CCS/Lexical_descision","567","legacy","xpyriment","0.9458128078817734","m","455","0.92","easy","jlsueki","5","48654","0","346568","346086","NA","NA","0","353845","346551","466501","492006","491983","0","492722","0","346552","353819","NA","0","NA","0","0","350806","493180","45528","NA","491983","LexicalDecision"
"No","474","1","2","Pseudo","3","1","1","m","C:/Users/hulsm/Documents/School/Methods_CCS/Lexical_descision","522","legacy","xpyriment","0.946078431372549","m","474","0.92","hard","nierp","5","48654","0","346568","346086","NA","NA","0","353845","346551","466501","493760","493740","0","494436","0","346552","353819","NA","0","NA","0","0","350806","494913","45528","NA","493740","LexicalDecision"
"No","727","1","2","Pseudo","3","1","1","m","C:/Users/hulsm/Documents/School/Methods_CCS/Lexical_descision","468","legacy","xpyriment","0.9463414634146341","m","727","0.92","hard","vergent","5","48654","0","346568","346086","NA","NA","0","353845","346551","466501","495507","495487","0","496134","0","346552","353819","NA","0","NA","0","0","350806","496863","45528","NA","495486","LexicalDecision"
"No","574","0","2","LF","2","0","0","n","C:/Users/hulsm/Documents/School/Methods_CCS/Lexical_descision","509","legacy","xpyriment","0.941747572815534","m","574","0.88","hard","boffen","5","48654","0","346568","346086","NA","NA","0","353845","346551","498841","497456","497437","0","498116","0","346552","353819","NA","0","NA","0","0","350806","498692","45528","NA","497436","LexicalDecision"
"No","713","1","2","Pseudo","3","1","1","m","C:/Users/hulsm/Documents/School/Methods_CCS/Lexical_descision","547","legacy","xpyriment","0.9420289855072463","m","713","0.88","hard","verblek","5","48654","0","346568","346086","NA","NA","0","353845","346551","498841","501433","501408","0","502135","0","346552","353819","NA","0","NA","0","0","350806","502850","45528","NA","501408","LexicalDecision"
"No","1718","1","2","LF","2","1","1","n","C:/Users/hulsm/Documents/School/Methods_CCS/Lexical_descision","475","legacy","xpyriment","0.9423076923076923","n","1718","0.88","hard","baseball","5","48654","0","346568","346086","NA","NA","0","353845","346551","498841","503439","503419","0","504071","0","346552","353819","NA","0","NA","0","0","350806","505791","45528","NA","503417","LexicalDecision"
"No","564","1","2","LF","2","1","1","n","C:/Users/hulsm/Documents/School/Methods_CCS/Lexical_descision","435","legacy","xpyriment","0.9425837320574163","n","564","0.92","hard","wiegjes","5","48654","0","346568","346086","NA","NA","0","353845","346551","498841","506375","506353","0","506965","0","346552","353819","NA","0","NA","0","0","350806","507531","45528","NA","506352","LexicalDecision"
"No","474","1","2","LF","2","1","1","n","C:/Users/hulsm/Documents/School/Methods_CCS/Lexical_descision","457","legacy","xpyriment","0.9428571428571428","n","474","0.92","hard","wieltje","5","48654","0","346568","346086","NA","NA","0","353845","346551","498841","508160","508140","0","508762","0","346552","353819","NA","0","NA","0","0","350806","509238","45528","NA","508139","LexicalDecision"
"No","1599","1","2","HF","1","1","1","n","C:/Users/hulsm/Documents/School/Methods_CCS/Lexical_descision","516","legacy","xpyriment","0.943127962085308","n","1599","0.92","easy","word","5","48654","0","346568","346086","NA","NA","0","353845","346551","498841","509820","509800","0","510482","0","346552","353819","NA","0","NA","0","0","350806","512083","45528","NA","509797","LexicalDecision"
"No","820","0","2","LF","2","0","0","n","C:/Users/hulsm/Documents/School/Methods_CCS/Lexical_descision","407","legacy","xpyriment","0.9386792452830188","m","820","0.88","hard","boogjes","5","48654","0","346568","346086","NA","NA","0","353845","346551","514217","512683","512660","0","513244","0","346552","353819","NA","0","NA","0","0","350806","514066","45528","NA","512659","LexicalDecision"
"No","906","1","2","Pseudo","3","1","1","m","C:/Users/hulsm/Documents/School/Methods_CCS/Lexical_descision","444","legacy","xpyriment","0.9389671361502347","m","906","0.88","hard","peus","5","48654","0","346568","346086","NA","NA","0","353845","346551","514217","516794","516775","0","517396","0","346552","353819","NA","0","NA","0","0","350806","518304","45528","NA","516774","LexicalDecision"
"No","776","1","2","Pseudo","3","1","1","m","C:/Users/hulsm/Documents/School/Methods_CCS/Lexical_descision","436","legacy","xpyriment","0.9392523364485982","m","776","0.88","hard","waarman","5","48654","0","346568","346086","NA","NA","0","353845","346551","514217","518882","518863","0","519475","0","346552","353819","NA","0","NA","0","0","350806","520253","45528","NA","518862","LexicalDecision"
"No","686","1","2","Pseudo","3","1","1","m","C:/Users/hulsm/Documents/School/Methods_CCS/Lexical_descision","594","legacy","xpyriment","0.9395348837209302","m","686","0.92","hard","blug","5","48654","0","346568","346086","NA","NA","0","353845","346551","514217","520834","520815","0","521578","0","346552","353819","NA","0","NA","0","0","350806","522266","45528","NA","520814","LexicalDecision"
"No","814","1","2","Pseudo","3","1","1","m","C:/Users/hulsm/Documents/School/Methods_CCS/Lexical_descision","559","legacy","xpyriment","0.9398148148148148","m","814","0.92","hard","scraken","5","48654","0","346568","346086","NA","NA","0","353845","346551","514217","522841","522823","0","523550","0","346552","353819","NA","0","NA","0","0","350806","524367","45528","NA","522823","LexicalDecision"
"No","1213","1","2","LF","2","1","1","n","C:/Users/hulsm/Documents/School/Methods_CCS/Lexical_descision","480","legacy","xpyriment","0.9400921658986175","n","1213","0.92","hard","zuiltjes","5","48654","0","346568","346086","NA","NA","0","353845","346551","514217","524983","524965","0","525636","0","346552","353819","NA","0","NA","0","0","350806","526850","45528","NA","524964","LexicalDecision"
"No","1252","1","2","Pseudo","3","1","1","m","C:/Users/hulsm/Documents/School/Methods_CCS/Lexical_descision","512","legacy","xpyriment","0.9403669724770642","m","1252","0.92","hard","dieken","5","48654","0","346568","346086","NA","NA","0","353845","346551","514217","527470","527448","0","528137","0","346552","353819","NA","0","NA","0","0","350806","529392","45528","NA","527446","LexicalDecision"
"No","619","1","2","HF","1","1","1","n","C:/Users/hulsm/Documents/School/Methods_CCS/Lexical_descision","463","legacy","xpyriment","0.9406392694063926","n","619","0.92","easy","stelsel","5","48654","0","346568","346086","NA","NA","0","353845","346551","514217","529975","529952","0","530593","0","346552","353819","NA","0","NA","0","0","350806","531214","45528","NA","529951","LexicalDecision"
"No","572","1","2","Pseudo","3","1","1","m","C:/Users/hulsm/Documents/School/Methods_CCS/Lexical_descision","514","legacy","xpyriment","0.9409090909090909","m","572","0.92","hard","wern","5","48654","0","346568","346086","NA","NA","0","353845","346551","514217","531800","531779","0","532467","0","346552","353819","NA","0","NA","0","0","350806","533040","45528","NA","531779","LexicalDecision"
"No","550","1","2","Pseudo","3","1","1","m","C:/Users/hulsm/Documents/School/Methods_CCS/Lexical_descision","581","legacy","xpyriment","0.9411764705882353","m","550","0.92","hard","belpt","5","48654","0","346568","346086","NA","NA","0","353845","346551","514217","533661","533641","0","534393","0","346552","353819","NA","0","NA","0","0","350806","534945","45528","NA","533640","LexicalDecision"
"No","794","1","2","LF","2","1","1","n","C:/Users/hulsm/Documents/School/Methods_CCS/Lexical_descision","405","legacy","xpyriment","0.9414414414414415","n","794","0.92","hard","zieltje","5","48654","0","346568","346086","NA","NA","0","353845","346551","514217","535530","535510","0","536094","0","346552","353819","NA","0","NA","0","0","350806","536890","45528","NA","535509","LexicalDecision"
"No","1031","1","2","LF","2","1","1","n","C:/Users/hulsm/Documents/School/Methods_CCS/Lexical_descision","517","legacy","xpyriment","0.9417040358744395","n","1031","0.92","hard","kliekjes","5","48654","0","346568","346086","NA","NA","0","353845","346551","514217","537472","537453","0","538129","0","346552","353819","NA","0","NA","0","0","350806","539162","45528","NA","537452","LexicalDecision"
"No","885","1","2","LF","2","1","1","n","C:/Users/hulsm/Documents/School/Methods_CCS/Lexical_descision","435","legacy","xpyriment","0.9419642857142857","n","885","0.92","hard","disco's","5","48654","0","346568","346086","NA","NA","0","353845","346551","514217","539748","539727","0","540331","0","346552","353819","NA","0","NA","0","0","350806","541218","45528","NA","539726","LexicalDecision"
"No","847","1","2","Pseudo","3","1","1","m","C:/Users/hulsm/Documents/School/Methods_CCS/Lexical_descision","407","legacy","xpyriment","0.9422222222222222","m","847","0.92","hard","schoud","5","48654","0","346568","346086","NA","NA","0","353845","346551","514217","541819","541798","0","542373","0","346552","353819","NA","0","NA","0","0","350806","543222","45528","NA","541797","LexicalDecision"
"No","674","1","2","LF","2","1","1","n","C:/Users/hulsm/Documents/School/Methods_CCS/Lexical_descision","534","legacy","xpyriment","0.9424778761061947","n","674","0.92","hard","gifslang","5","48654","0","346568","346086","NA","NA","0","353845","346551","514217","543812","543791","0","544501","0","346552","353819","NA","0","NA","0","0","350806","545177","45528","NA","543790","LexicalDecision"
"No","563","1","2","LF","2","1","1","n","C:/Users/hulsm/Documents/School/Methods_CCS/Lexical_descision","498","legacy","xpyriment","0.9427312775330396","n","563","0.92","hard","prinsjes","5","48654","0","346568","346086","NA","NA","0","353845","346551","514217","545755","545735","0","546409","0","346552","353819","NA","0","NA","0","0","350806","546974","45528","NA","545735","LexicalDecision"
"No","506","1","2","LF","2","1","1","n","C:/Users/hulsm/Documents/School/Methods_CCS/Lexical_descision","593","legacy","xpyriment","0.9429824561403509","n","506","0.92","hard","designs","5","48654","0","346568","346086","NA","NA","0","353845","346551","514217","547580","547560","0","548320","0","346552","353819","NA","0","NA","0","0","350806","548827","45528","NA","547559","LexicalDecision"
"No","509","1","2","LF","2","1","1","n","C:/Users/hulsm/Documents/School/Methods_CCS/Lexical_descision","475","legacy","xpyriment","0.9432314410480349","n","509","0.92","hard","uiltje","5","48654","0","346568","346086","NA","NA","0","353845","346551","514217","549434","549415","0","550055","0","346552","353819","NA","0","NA","0","0","350806","550566","45528","NA","549414","LexicalDecision"
"No","549","1","2","Pseudo","3","1","1","m","C:/Users/hulsm/Documents/School/Methods_CCS/Lexical_descision","456","legacy","xpyriment","0.9434782608695652","m","549","0.92","hard","lalen","5","48654","0","346568","346086","NA","NA","0","353845","346551","514217","551151","551131","0","551759","0","346552","353819","NA","0","NA","0","0","350806","552310","45528","NA","551130","LexicalDecision"
"No","685","1","2","Pseudo","3","1","1","m","C:/Users/hulsm/Documents/School/Methods_CCS/Lexical_descision","407","legacy","xpyriment","0.9437229437229437","m","685","0.96","hard","foten","5","48654","0","346568","346086","NA","NA","0","353845","346551","514217","552882","552862","0","553436","0","346552","353819","NA","0","NA","0","0","350806","554124","45528","NA","552861","LexicalDecision"
"No","568","1","2","Pseudo","3","1","1","m","C:/Users/hulsm/Documents/School/Methods_CCS/Lexical_descision","562","legacy","xpyriment","0.9439655172413793","m","568","0.96","hard","vooram","5","48654","0","346568","346086","NA","NA","0","353845","346551","514217","554722","554702","0","555432","0","346552","353819","NA","0","NA","0","0","350806","556002","45528","NA","554702","LexicalDecision"
"No","656","1","2","LF","2","1","1","n","C:/Users/hulsm/Documents/School/Methods_CCS/Lexical_descision","534","legacy","xpyriment","0.944206008583691","n","656","0.96","hard","nekjes","5","48654","0","346568","346086","NA","NA","0","353845","346551","514217","556602","556583","0","557291","0","346552","353819","NA","0","NA","0","0","350806","557949","45528","NA","556582","LexicalDecision"
"No","693","1","2","LF","2","1","1","n","C:/Users/hulsm/Documents/School/Methods_CCS/Lexical_descision","492","legacy","xpyriment","0.9444444444444444","n","693","0.96","hard","neusjes","5","48654","0","346568","346086","NA","NA","0","353845","346551","514217","558544","558524","0","559183","0","346552","353819","NA","0","NA","0","0","350806","559880","45528","NA","558523","LexicalDecision"
"No","595","1","2","LF","2","1","1","n","C:/Users/hulsm/Documents/School/Methods_CCS/Lexical_descision","492","legacy","xpyriment","0.9446808510638298","n","595","0.96","hard","teefjes","5","48654","0","346568","346086","NA","NA","0","353845","346551","514217","560464","560445","0","561104","0","346552","353819","NA","0","NA","0","0","350806","561702","45528","NA","560445","LexicalDecision"
"No","617","1","2","LF","2","1","1","n","C:/Users/hulsm/Documents/School/Methods_CCS/Lexical_descision","465","legacy","xpyriment","0.9449152542372882","n","617","0.96","hard","papjes","5","48654","0","346568","346086","NA","NA","0","353845","346551","514217","562280","562261","0","562893","0","346552","353819","NA","0","NA","0","0","350806","563512","45528","NA","562260","LexicalDecision"
"No","765","1","2","Pseudo","3","1","1","m","C:/Users/hulsm/Documents/School/Methods_CCS/Lexical_descision","452","legacy","xpyriment","0.9451476793248945","m","765","1.0","hard","farder","5","48654","0","346568","346086","NA","NA","0","353845","346551","514217","564088","564068","0","564691","0","346552","353819","NA","0","NA","0","0","350806","565458","45528","NA","564067","LexicalDecision"
"No","839","1","2","LF","2","1","1","n","C:/Users/hulsm/Documents/School/Methods_CCS/Lexical_descision","556","legacy","xpyriment","0.9453781512605042","n","839","1.0","hard","fases","5","48654","0","346568","346086","NA","NA","0","353845","346551","514217","566090","566068","0","566806","0","346552","353819","NA","0","NA","0","0","350806","567647","45528","NA","566067","LexicalDecision"
"No","879","1","2","Pseudo","3","1","1","m","C:/Users/hulsm/Documents/School/Methods_CCS/Lexical_descision","417","legacy","xpyriment","0.9456066945606695","m","879","1.0","hard","bedoept","5","48654","0","346568","346086","NA","NA","0","353845","346551","514217","568223","568204","0","568788","0","346552","353819","NA","0","NA","0","0","350806","569669","45528","NA","568203","LexicalDecision"
"No","533","1","2","Pseudo","3","1","1","m","C:/Users/hulsm/Documents/School/Methods_CCS/Lexical_descision","414","legacy","xpyriment","0.9458333333333333","m","533","1.0","hard","geeerst","5","48654","0","346568","346086","NA","NA","0","353845","346551","514217","570258","570238","0","570841","0","346552","353819","NA","0","NA","0","0","350806","571376","45528","NA","570237","LexicalDecision"
"No","812","1","2","Pseudo","3","1","1","m","C:/Users/hulsm/Documents/School/Methods_CCS/Lexical_descision","534","legacy","xpyriment","0.946058091286307","m","812","1.0","hard","behoel","5","48654","0","346568","346086","NA","NA","0","353845","346551","514217","571964","571945","0","572651","0","346552","353819","NA","0","NA","0","0","350806","573465","45528","NA","571943","LexicalDecision"
"No","603","1","2","Pseudo","3","1","1","m","C:/Users/hulsm/Documents/School/Methods_CCS/Lexical_descision","540","legacy","xpyriment","0.9462809917355371","m","603","1.0","hard","saart","5","48654","0","346568","346086","NA","NA","0","353845","346551","514217","574041","574019","0","574732","0","346552","353819","NA","0","NA","0","0","350806","575337","45528","NA","574018","LexicalDecision"
"No","572","1","2","LF","2","1","1","n","C:/Users/hulsm/Documents/School/Methods_CCS/Lexical_descision","485","legacy","xpyriment","0.9465020576131687","n","572","1.0","hard","zitjes","5","48654","0","346568","346086","NA","NA","0","353845","346551","514217","575933","575912","0","576573","0","346552","353819","NA","0","NA","0","0","350806","577148","45528","NA","575911","LexicalDecision"
"No","555","0","2","LF","2","0","0","n","C:/Users/hulsm/Documents/School/Methods_CCS/Lexical_descision","410","legacy","xpyriment","0.9426229508196722","m","555","0.96","hard","merries","5","48654","0","346568","346086","NA","NA","0","353845","346551","578992","577731","577711","0","578290","0","346552","353819","NA","0","NA","0","0","350806","578847","45528","NA","577710","LexicalDecision"
"No","1322","1","2","Pseudo","3","1","1","m","C:/Users/hulsm/Documents/School/Methods_CCS/Lexical_descision","460","legacy","xpyriment","0.9428571428571428","m","1322","0.96","hard","bagden","5","48654","0","346568","346086","NA","NA","0","353845","346551","578992","581616","581596","0","582229","0","346552","353819","NA","0","NA","0","0","350806","583553","45528","NA","581596","LexicalDecision"
"No","539","1","2","LF","2","1","1","n","C:/Users/hulsm/Documents/School/Methods_CCS/Lexical_descision","469","legacy","xpyriment","0.943089430894309","n","539","0.96","hard","duo's","5","48654","0","346568","346086","NA","NA","0","353845","346551","578992","584157","584137","0","584779","0","346552","353819","NA","0","NA","0","0","350806","585320","45528","NA","584136","LexicalDecision"
"No","707","1","2","Pseudo","3","1","1","m","C:/Users/hulsm/Documents/School/Methods_CCS/Lexical_descision","488","legacy","xpyriment","0.9433198380566802","m","707","0.96","hard","karm","5","48654","0","346568","346086","NA","NA","0","353845","346551","578992","585893","585875","0","586534","0","346552","353819","NA","0","NA","0","0","350806","587243","45528","NA","585874","LexicalDecision"
"No","592","1","2","Pseudo","3","1","1","m","C:/Users/hulsm/Documents/School/Methods_CCS/Lexical_descision","398","legacy","xpyriment","0.9435483870967742","m","592","0.96","hard","pind","5","48654","0","346568","346086","NA","NA","0","353845","346551","578992","587833","587813","0","588377","0","346552","353819","NA","0","NA","0","0","350806","588971","45528","NA","587812","LexicalDecision"
"No","602","1","2","LF","2","1","1","n","C:/Users/hulsm/Documents/School/Methods_CCS/Lexical_descision","538","legacy","xpyriment","0.9437751004016064","n","602","0.96","hard","weekjes","5","48654","0","346568","346086","NA","NA","0","353845","346551","578992","589558","589537","0","590248","0","346552","353819","NA","0","NA","0","0","350806","590852","45528","NA","589536","LexicalDecision"
"No","871","0","2","Pseudo","3","0","0","m","C:/Users/hulsm/Documents/School/Methods_CCS/Lexical_descision","522","legacy","xpyriment","0.94","n","871","0.92","hard","nakken","5","48654","0","346568","346086","NA","NA","0","353845","346551","593146","591446","591424","0","592118","0","346552","353819","NA","0","NA","0","0","350806","592991","45528","NA","591423","LexicalDecision"
"No","1173","1","2","Pseudo","3","1","1","m","C:/Users/hulsm/Documents/School/Methods_CCS/Lexical_descision","446","legacy","xpyriment","0.9402390438247012","m","1173","0.92","hard","bekler","5","48654","0","346568","346086","NA","NA","0","353845","346551","593146","595728","595708","0","596327","0","346552","353819","NA","0","NA","0","0","350806","597501","45528","NA","595708","LexicalDecision"
"No","473","1","2","Pseudo","3","1","1","m","C:/Users/hulsm/Documents/School/Methods_CCS/Lexical_descision","595","legacy","xpyriment","0.9404761904761905","m","473","0.92","hard","diek","5","48654","0","346568","346086","NA","NA","0","353845","346551","593146","598123","598101","0","598870","0","346552","353819","NA","0","NA","0","0","350806","599345","45528","NA","598101","LexicalDecision"
"No","665","1","2","Pseudo","3","1","1","m","C:/Users/hulsm/Documents/School/Methods_CCS/Lexical_descision","569","legacy","xpyriment","0.9407114624505929","m","665","0.92","hard","jullen","5","48654","0","346568","346086","NA","NA","0","353845","346551","593146","599935","599915","0","600662","0","346552","353819","NA","0","NA","0","0","350806","601329","45528","NA","599914","LexicalDecision"
"No","577","1","2","Pseudo","3","1","1","m","C:/Users/hulsm/Documents/School/Methods_CCS/Lexical_descision","469","legacy","xpyriment","0.9409448818897638","m","577","0.92","hard","kieden","5","48654","0","346568","346086","NA","NA","0","353845","346551","593146","601906","601886","0","602527","0","346552","353819","NA","0","NA","0","0","350806","603106","45528","NA","601885","LexicalDecision"
"No","408","1","2","Pseudo","3","1","1","m","C:/Users/hulsm/Documents/School/Methods_CCS/Lexical_descision","454","legacy","xpyriment","0.9411764705882353","m","408","0.92","hard","belin","5","48654","0","346568","346086","NA","NA","0","353845","346551","593146","603692","603672","0","604300","0","346552","353819","NA","0","NA","0","0","350806","604711","45528","NA","603672","LexicalDecision"
"No","1464","1","2","LF","2","1","1","n","C:/Users/hulsm/Documents/School/Methods_CCS/Lexical_descision","467","legacy","xpyriment","0.94140625","n","1464","0.92","hard","koevoet","5","48654","0","346568","346086","NA","NA","0","353845","346551","593146","605307","605288","0","605923","0","346552","353819","NA","0","NA","0","0","350806","607389","45528","NA","605287","LexicalDecision"
"No","918","1","2","LF","2","1","1","n","C:/Users/hulsm/Documents/School/Methods_CCS/Lexical_descision","530","legacy","xpyriment","0.9416342412451362","n","918","0.92","hard","borstje","5","48654","0","346568","346086","NA","NA","0","353845","346551","593146","607976","607953","0","608659","0","346552","353819","NA","0","NA","0","0","350806","609579","45528","NA","607953","LexicalDecision"
"No","567","1","2","LF","2","1","1","n","C:/Users/hulsm/Documents/School/Methods_CCS/Lexical_descision","529","legacy","xpyriment","0.9418604651162791","n","567","0.92","hard","graadje","5","48654","0","346568","346086","NA","NA","0","353845","346551","593146","610183","610160","0","610865","0","346552","353819","NA","0","NA","0","0","350806","611434","45528","NA","610159","LexicalDecision"
"No","1628","1","2","HF","1","1","1","n","C:/Users/hulsm/Documents/School/Methods_CCS/Lexical_descision","461","legacy","xpyriment","0.9420849420849421","n","1628","0.92","easy","gevuld","5","48654","0","346568","346086","NA","NA","0","353845","346551","593146","612017","611998","0","612628","0","346552","353819","NA","0","NA","0","0","350806","614258","45528","NA","611998","LexicalDecision"
"No","699","1","2","LF","2","1","1","n","C:/Users/hulsm/Documents/School/Methods_CCS/Lexical_descision","476","legacy","xpyriment","0.9423076923076923","n","699","0.92","hard","setje","5","48654","0","346568","346086","NA","NA","0","353845","346551","593146","614842","614820","0","615470","0","346552","353819","NA","0","NA","0","0","350806","616171","45528","NA","614818","LexicalDecision"
"No","530","1","2","LF","2","1","1","n","C:/Users/hulsm/Documents/School/Methods_CCS/Lexical_descision","439","legacy","xpyriment","0.9425287356321839","n","530","0.92","hard","vlokjes","5","48654","0","346568","346086","NA","NA","0","353845","346551","593146","616769","616748","0","617365","0","346552","353819","NA","0","NA","0","0","350806","617897","45528","NA","616747","LexicalDecision"
"No","577","1","2","Pseudo","3","1","1","m","C:/Users/hulsm/Documents/School/Methods_CCS/Lexical_descision","493","legacy","xpyriment","0.9427480916030534","m","577","0.92","hard","stelds","5","48654","0","346568","346086","NA","NA","0","353845","346551","593146","618515","618496","0","619156","0","346552","353819","NA","0","NA","0","0","350806","619735","45528","NA","618494","LexicalDecision"
"No","490","1","2","Pseudo","3","1","1","m","C:/Users/hulsm/Documents/School/Methods_CCS/Lexical_descision","421","legacy","xpyriment","0.9429657794676806","m","490","0.92","hard","breive","5","48654","0","346568","346086","NA","NA","0","353845","346551","593146","620336","620317","0","620915","0","346552","353819","NA","0","NA","0","0","350806","621407","45528","NA","620315","LexicalDecision"
"No","510","1","2","Random","4","1","1","m","C:/Users/hulsm/Documents/School/Methods_CCS/Lexical_descision","464","legacy","xpyriment","0.9431818181818182","m","510","0.92","easy","emits","5","48654","0","346568","346086","NA","NA","0","353845","346551","593146","621996","621977","0","622610","0","346552","353819","NA","0","NA","0","0","350806","623122","45528","NA","621976","LexicalDecision"
"No","789","1","2","LF","2","1","1","n","C:/Users/hulsm/Documents/School/Methods_CCS/Lexical_descision","531","legacy","xpyriment","0.9433962264150944","n","789","0.92","hard","delta's","5","48654","0","346568","346086","NA","NA","0","353845","346551","593146","623703","623683","0","624390","0","346552","353819","NA","0","NA","0","0","350806","625181","45528","NA","623682","LexicalDecision"
"No","541","1","2","LF","2","1","1","n","C:/Users/hulsm/Documents/School/Methods_CCS/Lexical_descision","476","legacy","xpyriment","0.943609022556391","n","541","0.92","hard","popjes","5","48654","0","346568","346086","NA","NA","0","353845","346551","593146","625753","625733","0","626384","0","346552","353819","NA","0","NA","0","0","350806","626926","45528","NA","625732","LexicalDecision"
"No","558","1","2","LF","2","1","1","n","C:/Users/hulsm/Documents/School/Methods_CCS/Lexical_descision","482","legacy","xpyriment","0.9438202247191011","n","558","0.92","hard","zoentjes","5","48654","0","346568","346086","NA","NA","0","353845","346551","593146","627510","627492","0","628142","0","346552","353819","NA","0","NA","0","0","350806","628702","45528","NA","627491","LexicalDecision"
"No","434","1","2","LF","2","1","1","n","C:/Users/hulsm/Documents/School/Methods_CCS/Lexical_descision","433","legacy","xpyriment","0.9440298507462687","n","434","0.92","hard","sletje","5","48654","0","346568","346086","NA","NA","0","353845","346551","593146","629292","629271","0","629877","0","346552","353819","NA","0","NA","0","0","350806","630313","45528","NA","629271","LexicalDecision"
"No","398","1","2","HF","1","1","1","n","C:/Users/hulsm/Documents/School/Methods_CCS/Lexical_descision","593","legacy","xpyriment","0.9442379182156134","n","398","0.96","easy","tekst","5","48654","0","346568","346086","NA","NA","0","353845","346551","593146","630910","630890","0","631656","0","346552","353819","NA","0","NA","0","0","350806","632056","45528","NA","630889","LexicalDecision"
"No","337","1","2","LF","2","1","1","n","C:/Users/hulsm/Documents/School/Methods_CCS/Lexical_descision","466","legacy","xpyriment","0.9444444444444444","n","337","0.96","hard","boezems","5","48654","0","346568","346086","NA","NA","0","353845","346551","593146","632639","632619","0","633264","0","346552","353819","NA","0","NA","0","0","350806","633603","45528","NA","632618","LexicalDecision"
"No","681","1","3","LF","2","1","1","n","C:/Users/hulsm/Documents/School/Methods_CCS/Lexical_descision","557","legacy","xpyriment","0.9446494464944649","n","681","0.96","hard","marker","5","48654","0","634232","633757","NA","NA","0","645668","634219","593146","646090","646069","0","646799","0","634220","645639","NA","0","NA","0","0","645036","647482","45528","NA","646068","LexicalDecision"
"No","739","1","3","Pseudo","3","1","1","m","C:/Users/hulsm/Documents/School/Methods_CCS/Lexical_descision","595","legacy","xpyriment","0.9448529411764706","m","739","0.96","hard","gefeurd","5","48654","0","634232","633757","NA","NA","0","645668","634219","593146","648066","648047","0","648810","0","634220","645639","NA","0","NA","0","0","645036","649551","45528","NA","648047","LexicalDecision"
"No","741","1","3","LF","2","1","1","n","C:/Users/hulsm/Documents/School/Methods_CCS/Lexical_descision","590","legacy","xpyriment","0.945054945054945","n","741","0.96","hard","dweiltje","5","48654","0","634232","633757","NA","NA","0","645668","634219","593146","650153","650132","0","650898","0","634220","645639","NA","0","NA","0","0","645036","651641","45528","NA","650131","LexicalDecision"
"No","509","1","3","Pseudo","3","1","1","m","C:/Users/hulsm/Documents/School/Methods_CCS/Lexical_descision","431","legacy","xpyriment","0.9452554744525548","m","509","0.96","hard","deiring","5","48654","0","634232","633757","NA","NA","0","645668","634219","593146","652219","652200","0","652808","0","634220","645639","NA","0","NA","0","0","645036","653320","45528","NA","652199","LexicalDecision"
"No","679","1","3","LF","2","1","1","n","C:/Users/hulsm/Documents/School/Methods_CCS/Lexical_descision","528","legacy","xpyriment","0.9454545454545454","n","679","1.0","hard","zaaltjes","5","48654","0","634232","633757","NA","NA","0","645668","634219","593146","653903","653882","0","654576","0","634220","645639","NA","0","NA","0","0","645036","655257","45528","NA","653881","LexicalDecision"
"No","575","1","3","Pseudo","3","1","1","m","C:/Users/hulsm/Documents/School/Methods_CCS/Lexical_descision","579","legacy","xpyriment","0.9456521739130435","m","575","1.0","hard","horgen","5","48654","0","634232","633757","NA","NA","0","645668","634219","593146","655845","655824","0","656573","0","634220","645639","NA","0","NA","0","0","645036","657150","45528","NA","655823","LexicalDecision"
"No","527","1","3","LF","2","1","1","n","C:/Users/hulsm/Documents/School/Methods_CCS/Lexical_descision","455","legacy","xpyriment","0.9458483754512635","n","527","1.0","hard","zwijntje","5","48654","0","634232","633757","NA","NA","0","645668","634219","593146","657732","657712","0","658335","0","634220","645639","NA","0","NA","0","0","645036","658865","45528","NA","657711","LexicalDecision"
"No","664","1","3","Pseudo","3","1","1","m","C:/Users/hulsm/Documents/School/Methods_CCS/Lexical_descision","452","legacy","xpyriment","0.9460431654676259","m","664","1.0","hard","eroot","5","48654","0","634232","633757","NA","NA","0","645668","634219","593146","659486","659467","0","660086","0","634220","645639","NA","0","NA","0","0","645036","660752","45528","NA","659467","LexicalDecision"
"No","476","1","3","Random","4","1","1","m","C:/Users/hulsm/Documents/School/Methods_CCS/Lexical_descision","484","legacy","xpyriment","0.946236559139785","m","476","1.0","easy","eesfejtr","5","48654","0","634232","633757","NA","NA","0","645668","634219","593146","661359","661340","0","662000","0","634220","645639","NA","0","NA","0","0","645036","662478","45528","NA","661340","LexicalDecision"
"No","1117","1","3","Pseudo","3","1","1","m","C:/Users/hulsm/Documents/School/Methods_CCS/Lexical_descision","541","legacy","xpyriment","0.9464285714285714","m","1117","1.0","hard","weeltijd","5","48654","0","634232","633757","NA","NA","0","645668","634219","593146","663059","663039","0","663754","0","634220","645639","NA","0","NA","0","0","645036","664874","45528","NA","663038","LexicalDecision"
"No","652","1","3","LF","2","1","1","n","C:/Users/hulsm/Documents/School/Methods_CCS/Lexical_descision","532","legacy","xpyriment","0.9466192170818505","n","652","1.0","hard","wormpjes","5","48654","0","634232","633757","NA","NA","0","645668","634219","593146","665462","665438","0","666143","0","634220","645639","NA","0","NA","0","0","645036","666797","45528","NA","665436","LexicalDecision"
"No","774","1","3","LF","2","1","1","n","C:/Users/hulsm/Documents/School/Methods_CCS/Lexical_descision","527","legacy","xpyriment","0.9468085106382979","n","774","1.0","hard","kapjes","5","48654","0","634232","633757","NA","NA","0","645668","634219","593146","667381","667362","0","668062","0","634220","645639","NA","0","NA","0","0","645036","668838","45528","NA","667361","LexicalDecision"
"No","488","1","3","Random","4","1","1","m","C:/Users/hulsm/Documents/School/Methods_CCS/Lexical_descision","564","legacy","xpyriment","0.9469964664310954","m","488","1.0","easy","seenstj","5","48654","0","634232","633757","NA","NA","0","645668","634219","593146","669415","669397","0","670134","0","634220","645639","NA","0","NA","0","0","645036","670624","45528","NA","669396","LexicalDecision"
"No","522","1","3","LF","2","1","1","n","C:/Users/hulsm/Documents/School/Methods_CCS/Lexical_descision","526","legacy","xpyriment","0.9471830985915493","n","522","1.0","hard","wandkast","5","48654","0","634232","633757","NA","NA","0","645668","634219","593146","671207","671188","0","671880","0","634220","645639","NA","0","NA","0","0","645036","672404","45528","NA","671186","LexicalDecision"
"No","1671","1","3","LF","2","1","1","n","C:/Users/hulsm/Documents/School/Methods_CCS/Lexical_descision","582","legacy","xpyriment","0.9473684210526315","n","1671","1.0","hard","kartons","5","48654","0","634232","633757","NA","NA","0","645668","634219","593146","672995","672974","0","673730","0","634220","645639","NA","0","NA","0","0","645036","675404","45528","NA","672973","LexicalDecision"
"No","479","1","3","LF","2","1","1","n","C:/Users/hulsm/Documents/School/Methods_CCS/Lexical_descision","587","legacy","xpyriment","0.9475524475524476","n","479","1.0","hard","buurtjes","5","48654","0","634232","633757","NA","NA","0","645668","634219","593146","675982","675960","0","676719","0","634220","645639","NA","0","NA","0","0","645036","677200","45528","NA","675959","LexicalDecision"
"No","477","1","3","Pseudo","3","1","1","m","C:/Users/hulsm/Documents/School/Methods_CCS/Lexical_descision","529","legacy","xpyriment","0.9477351916376306","m","477","1.0","hard","mondim","5","48654","0","634232","633757","NA","NA","0","645668","634219","593146","677789","677769","0","678472","0","634220","645639","NA","0","NA","0","0","645036","678951","45528","NA","677768","LexicalDecision"
"No","772","1","3","Pseudo","3","1","1","m","C:/Users/hulsm/Documents/School/Methods_CCS/Lexical_descision","544","legacy","xpyriment","0.9479166666666666","m","772","1.0","hard","pind","5","48654","0","634232","633757","NA","NA","0","645668","634219","593146","679531","679512","0","680224","0","634220","645639","NA","0","NA","0","0","645036","680998","45528","NA","679511","LexicalDecision"
"No","855","1","3","Pseudo","3","1","1","m","C:/Users/hulsm/Documents/School/Methods_CCS/Lexical_descision","543","legacy","xpyriment","0.9480968858131488","m","855","1.0","hard","lannen","5","48654","0","634232","633757","NA","NA","0","645668","634219","593146","681597","681575","0","682289","0","634220","645639","NA","0","NA","0","0","645036","683146","45528","NA","681574","LexicalDecision"
"No","619","1","3","LF","2","1","1","n","C:/Users/hulsm/Documents/School/Methods_CCS/Lexical_descision","407","legacy","xpyriment","0.9482758620689655","n","619","1.0","hard","zinsdeel","5","48654","0","634232","633757","NA","NA","0","645668","634219","593146","683731","683711","0","684295","0","634220","645639","NA","0","NA","0","0","645036","684917","45528","NA","683710","LexicalDecision"
"No","818","1","3","HF","1","1","1","n","C:/Users/hulsm/Documents/School/Methods_CCS/Lexical_descision","518","legacy","xpyriment","0.9484536082474226","n","818","1.0","easy","pastoor","5","48654","0","634232","633757","NA","NA","0","645668","634219","593146","685502","685481","0","686175","0","634220","645639","NA","0","NA","0","0","645036","686996","45528","NA","685480","LexicalDecision"
"No","583","1","3","Pseudo","3","1","1","m","C:/Users/hulsm/Documents/School/Methods_CCS/Lexical_descision","494","legacy","xpyriment","0.9486301369863014","m","583","1.0","hard","derken","5","48654","0","634232","633757","NA","NA","0","645668","634219","593146","687576","687558","0","688222","0","634220","645639","NA","0","NA","0","0","645036","688807","45528","NA","687557","LexicalDecision"
"No","1748","1","3","Random","4","1","1","m","C:/Users/hulsm/Documents/School/Methods_CCS/Lexical_descision","549","legacy","xpyriment","0.9488054607508533","m","1748","1.0","easy","etlens","5","48654","0","634232","633757","NA","NA","0","645668","634219","593146","689392","689371","0","690090","0","634220","645639","NA","0","NA","0","0","645036","691840","45528","NA","689371","LexicalDecision"
"No","556","1","3","Pseudo","3","1","1","m","C:/Users/hulsm/Documents/School/Methods_CCS/Lexical_descision","431","legacy","xpyriment","0.9489795918367347","m","556","1.0","hard","durde","5","48654","0","634232","633757","NA","NA","0","645668","634219","593146","692431","692409","0","693023","0","634220","645639","NA","0","NA","0","0","645036","693581","45528","NA","692408","LexicalDecision"
"No","491","1","3","Pseudo","3","1","1","m","C:/Users/hulsm/Documents/School/Methods_CCS/Lexical_descision","547","legacy","xpyriment","0.9491525423728814","m","491","1.0","hard","speeps","5","48654","0","634232","633757","NA","NA","0","645668","634219","593146","694174","694153","0","694870","0","634220","645639","NA","0","NA","0","0","645036","695364","45528","NA","694153","LexicalDecision"
"No","500","1","3","LF","2","1","1","n","C:/Users/hulsm/Documents/School/Methods_CCS/Lexical_descision","581","legacy","xpyriment","0.9493243243243243","n","500","1.0","hard","frietjes","5","48654","0","634232","633757","NA","NA","0","645668","634219","593146","695938","695916","0","696672","0","634220","645639","NA","0","NA","0","0","645036","697174","45528","NA","695915","LexicalDecision"
"No","418","1","3","LF","2","1","1","n","C:/Users/hulsm/Documents/School/Methods_CCS/Lexical_descision","461","legacy","xpyriment","0.9494949494949495","n","418","1.0","hard","toontjes","5","48654","0","634232","633757","NA","NA","0","645668","634219","593146","697762","697740","0","698375","0","634220","645639","NA","0","NA","0","0","645036","698796","45528","NA","697739","LexicalDecision"
"No","585","1","3","Pseudo","3","1","1","m","C:/Users/hulsm/Documents/School/Methods_CCS/Lexical_descision","402","legacy","xpyriment","0.9496644295302014","m","585","1.0","hard","vrijntin","5","48654","0","634232","633757","NA","NA","0","645668","634219","593146","699378","699358","0","699932","0","634220","645639","NA","0","NA","0","0","645036","700520","45528","NA","699357","LexicalDecision"
"No","696","1","3","LF","2","1","1","n","C:/Users/hulsm/Documents/School/Methods_CCS/Lexical_descision","424","legacy","xpyriment","0.9498327759197325","n","696","1.0","hard","vaasjes","5","48654","0","634232","633757","NA","NA","0","645668","634219","593146","701101","701079","0","701696","0","634220","645639","NA","0","NA","0","0","645036","702395","45528","NA","701078","LexicalDecision"
"No","481","1","3","LF","2","1","1","n","C:/Users/hulsm/Documents/School/Methods_CCS/Lexical_descision","591","legacy","xpyriment","0.95","n","481","1.0","hard","ijsbeer","5","48654","0","634232","633757","NA","NA","0","645668","634219","593146","702986","702966","0","703723","0","634220","645639","NA","0","NA","0","0","645036","704207","45528","NA","702965","LexicalDecision"
"No","390","1","3","LF","2","1","1","n","C:/Users/hulsm/Documents/School/Methods_CCS/Lexical_descision","545","legacy","xpyriment","0.9501661129568106","n","390","1.0","hard","olijf","5","48654","0","634232","633757","NA","NA","0","645668","634219","593146","704796","704774","0","705499","0","634220","645639","NA","0","NA","0","0","645036","705891","45528","NA","704773","LexicalDecision"
"No","775","1","3","Pseudo","3","1","1","m","C:/Users/hulsm/Documents/School/Methods_CCS/Lexical_descision","540","legacy","xpyriment","0.9503311258278145","m","775","1.0","hard","biren","5","48654","0","634232","633757","NA","NA","0","645668","634219","593146","706482","706464","0","707184","0","634220","645639","NA","0","NA","0","0","645036","707962","45528","NA","706463","LexicalDecision"
"No","559","1","3","Pseudo","3","1","1","m","C:/Users/hulsm/Documents/School/Methods_CCS/Lexical_descision","564","legacy","xpyriment","0.9504950495049505","m","559","1.0","hard","krolijn","5","48654","0","634232","633757","NA","NA","0","645668","634219","593146","708544","708522","0","709259","0","634220","645639","NA","0","NA","0","0","645036","709820","45528","NA","708521","LexicalDecision"
"No","1763","1","3","HF","1","1","1","n","C:/Users/hulsm/Documents/School/Methods_CCS/Lexical_descision","416","legacy","xpyriment","0.9506578947368421","n","1763","1.0","easy","gouden","5","48654","0","634232","633757","NA","NA","0","645668","634219","593146","710408","710387","0","710987","0","634220","645639","NA","0","NA","0","0","645036","712752","45528","NA","710386","LexicalDecision"
"No","553","1","3","Pseudo","3","1","1","m","C:/Users/hulsm/Documents/School/Methods_CCS/Lexical_descision","426","legacy","xpyriment","0.9508196721311475","m","553","1.0","hard","hermen","5","48654","0","634232","633757","NA","NA","0","645668","634219","593146","713380","713358","0","713960","0","634220","645639","NA","0","NA","0","0","645036","714515","45528","NA","713357","LexicalDecision"
"No","967","1","3","LF","2","1","1","n","C:/Users/hulsm/Documents/School/Methods_CCS/Lexical_descision","582","legacy","xpyriment","0.9509803921568627","n","967","1.0","hard","hendels","5","48654","0","634232","633757","NA","NA","0","645668","634219","593146","715102","715082","0","715839","0","634220","645639","NA","0","NA","0","0","645036","716808","45528","NA","715081","LexicalDecision"
"No","557","1","3","Pseudo","3","1","1","m","C:/Users/hulsm/Documents/School/Methods_CCS/Lexical_descision","488","legacy","xpyriment","0.9511400651465798","m","557","1.0","hard","cingen","5","48654","0","634232","633757","NA","NA","0","645668","634219","593146","717385","717365","0","718028","0","634220","645639","NA","0","NA","0","0","645036","718588","45528","NA","717364","LexicalDecision"
"No","492","1","3","LF","2","1","1","n","C:/Users/hulsm/Documents/School/Methods_CCS/Lexical_descision","583","legacy","xpyriment","0.9512987012987013","n","492","1.0","hard","items","5","48654","0","634232","633757","NA","NA","0","645668","634219","593146","719168","719145","0","719902","0","634220","645639","NA","0","NA","0","0","645036","720398","45528","NA","719144","LexicalDecision"
"No","462","1","3","LF","2","1","1","n","C:/Users/hulsm/Documents/School/Methods_CCS/Lexical_descision","534","legacy","xpyriment","0.9514563106796117","n","462","1.0","hard","vosje","5","48654","0","634232","633757","NA","NA","0","645668","634219","593146","720986","720968","0","721667","0","634220","645639","NA","0","NA","0","0","645036","722132","45528","NA","720967","LexicalDecision"
"No","362","1","3","LF","2","1","1","n","C:/Users/hulsm/Documents/School/Methods_CCS/Lexical_descision","423","legacy","xpyriment","0.9516129032258065","n","362","1.0","hard","bizon","5","48654","0","634232","633757","NA","NA","0","645668","634219","593146","722709","722690","0","723286","0","634220","645639","NA","0","NA","0","0","645036","723652","45528","NA","722688","LexicalDecision"
"No","578","1","3","Pseudo","3","1","1","m","C:/Users/hulsm/Documents/School/Methods_CCS/Lexical_descision","442","legacy","xpyriment","0.9517684887459807","m","578","1.0","hard","zwijrend","5","48654","0","634232","633757","NA","NA","0","645668","634219","593146","724232","724214","0","724824","0","634220","645639","NA","0","NA","0","0","645036","725404","45528","NA","724213","LexicalDecision"
"No","549","1","3","LF","2","1","1","n","C:/Users/hulsm/Documents/School/Methods_CCS/Lexical_descision","475","legacy","xpyriment","0.9519230769230769","n","549","1.0","hard","zuiltje","5","48654","0","634232","633757","NA","NA","0","645668","634219","593146","725995","725975","0","726622","0","634220","645639","NA","0","NA","0","0","645036","727174","45528","NA","725974","LexicalDecision"
"No","657","1","3","Pseudo","3","1","1","m","C:/Users/hulsm/Documents/School/Methods_CCS/Lexical_descision","426","legacy","xpyriment","0.952076677316294","m","657","1.0","hard","kicht","5","48654","0","634232","633757","NA","NA","0","645668","634219","593146","727816","727795","0","728401","0","634220","645639","NA","0","NA","0","0","645036","729063","45528","NA","727795","LexicalDecision"
"No","711","1","3","LF","2","1","1","n","C:/Users/hulsm/Documents/School/Methods_CCS/Lexical_descision","535","legacy","xpyriment","0.9522292993630573","n","711","1.0","hard","lijkjes","5","48654","0","634232","633757","NA","NA","0","645668","634219","593146","729642","729625","0","730329","0","634220","645639","NA","0","NA","0","0","645036","731045","45528","NA","729624","LexicalDecision"
"No","553","1","3","LF","2","1","1","n","C:/Users/hulsm/Documents/School/Methods_CCS/Lexical_descision","590","legacy","xpyriment","0.9523809523809523","n","553","1.0","hard","judo","5","48654","0","634232","633757","NA","NA","0","645668","634219","593146","731658","731640","0","732391","0","634220","645639","NA","0","NA","0","0","645036","732946","45528","NA","731639","LexicalDecision"
"No","498","1","3","Pseudo","3","1","1","m","C:/Users/hulsm/Documents/School/Methods_CCS/Lexical_descision","525","legacy","xpyriment","0.9525316455696202","m","498","1.0","hard","jugi","5","48654","0","634232","633757","NA","NA","0","645668","634219","593146","733525","733505","0","734196","0","634220","645639","NA","0","NA","0","0","645036","734697","45528","NA","733504","LexicalDecision"
"No","797","1","3","Pseudo","3","1","1","m","C:/Users/hulsm/Documents/School/Methods_CCS/Lexical_descision","557","legacy","xpyriment","0.9526813880126183","m","797","1.0","hard","lieuws","5","48654","0","634232","633757","NA","NA","0","645668","634219","593146","735280","735261","0","735984","0","634220","645639","NA","0","NA","0","0","645036","736784","45528","NA","735260","LexicalDecision"
"No","588","1","3","LF","2","1","1","n","C:/Users/hulsm/Documents/School/Methods_CCS/Lexical_descision","564","legacy","xpyriment","0.9528301886792453","n","588","1.0","hard","kassiers","5","48654","0","634232","633757","NA","NA","0","645668","634219","593146","737381","737362","0","738095","0","634220","645639","NA","0","NA","0","0","645036","738686","45528","NA","737361","LexicalDecision"
"No","772","1","3","Pseudo","3","1","1","m","C:/Users/hulsm/Documents/School/Methods_CCS/Lexical_descision","488","legacy","xpyriment","0.9529780564263323","m","772","1.0","hard","betooft","5","48654","0","634232","633757","NA","NA","0","645668","634219","593146","739274","739254","0","739913","0","634220","645639","NA","0","NA","0","0","645036","740688","45528","NA","739253","LexicalDecision"
"No","529","1","3","Pseudo","3","1","1","m","C:/Users/hulsm/Documents/School/Methods_CCS/Lexical_descision","434","legacy","xpyriment","0.953125","m","529","1.0","hard","voorbern","5","48654","0","634232","633757","NA","NA","0","645668","634219","593146","741271","741252","0","741859","0","634220","645639","NA","0","NA","0","0","645036","742391","45528","NA","741250","LexicalDecision"
"No","766","1","3","LF","2","1","1","n","C:/Users/hulsm/Documents/School/Methods_CCS/Lexical_descision","507","legacy","xpyriment","0.9532710280373832","n","766","1.0","hard","jochies","5","48654","0","634232","633757","NA","NA","0","645668","634219","593146","743003","742982","0","743660","0","634220","645639","NA","0","NA","0","0","645036","744429","45528","NA","742981","LexicalDecision"
"No","585","1","3","Pseudo","3","1","1","m","C:/Users/hulsm/Documents/School/Methods_CCS/Lexical_descision","586","legacy","xpyriment","0.953416149068323","m","585","1.0","hard","appis","5","48654","0","634232","633757","NA","NA","0","645668","634219","593146","745006","744987","0","745740","0","634220","645639","NA","0","NA","0","0","645036","746328","45528","NA","744986","LexicalDecision"
"No","490","1","3","HF","1","1","1","n","C:/Users/hulsm/Documents/School/Methods_CCS/Lexical_descision","449","legacy","xpyriment","0.9535603715170279","n","490","1.0","easy","honden","5","48654","0","634232","633757","NA","NA","0","645668","634219","593146","746922","746903","0","747525","0","634220","645639","NA","0","NA","0","0","645036","748017","45528","NA","746902","LexicalDecision"
"No","1102","1","3","LF","2","1","1","n","C:/Users/hulsm/Documents/School/Methods_CCS/Lexical_descision","489","legacy","xpyriment","0.9537037037037037","n","1102","1.0","hard","kraker","5","48654","0","634232","633757","NA","NA","0","645668","634219","593146","748618","748597","0","749254","0","634220","645639","NA","0","NA","0","0","645036","750359","45528","NA","748595","LexicalDecision"
"No","466","1","3","LF","2","1","1","n","C:/Users/hulsm/Documents/School/Methods_CCS/Lexical_descision","589","legacy","xpyriment","0.9538461538461539","n","466","1.0","hard","biscuits","5","48654","0","634232","633757","NA","NA","0","645668","634219","593146","750976","750954","0","751711","0","634220","645639","NA","0","NA","0","0","645036","752180","45528","NA","750954","LexicalDecision"
"No","525","1","3","LF","2","1","1","n","C:/Users/hulsm/Documents/School/Methods_CCS/Lexical_descision","418","legacy","xpyriment","0.9539877300613497","n","525","1.0","hard","snoetjes","5","48654","0","634232","633757","NA","NA","0","645668","634219","593146","752785","752764","0","753353","0","634220","645639","NA","0","NA","0","0","645036","753881","45528","NA","752763","LexicalDecision"
"No","532","1","3","Pseudo","3","1","1","m","C:/Users/hulsm/Documents/School/Methods_CCS/Lexical_descision","519","legacy","xpyriment","0.9541284403669725","m","532","1.0","hard","jaam","5","48654","0","634232","633757","NA","NA","0","645668","634219","593146","754472","754453","0","755157","0","634220","645639","NA","0","NA","0","0","645036","755692","45528","NA","754452","LexicalDecision"
"No","663","1","3","Pseudo","3","1","1","m","C:/Users/hulsm/Documents/School/Methods_CCS/Lexical_descision","568","legacy","xpyriment","0.9542682926829268","m","663","1.0","hard","fovo","5","48654","0","634232","633757","NA","NA","0","645668","634219","593146","756282","756262","0","757001","0","634220","645639","NA","0","NA","0","0","645036","757667","45528","NA","756261","LexicalDecision"
"No","1073","1","3","LF","2","1","1","n","C:/Users/hulsm/Documents/School/Methods_CCS/Lexical_descision","476","legacy","xpyriment","0.9544072948328267","n","1073","1.0","hard","trippen","5","48654","0","634232","633757","NA","NA","0","645668","634219","593146","758254","758234","0","758884","0","634220","645639","NA","0","NA","0","0","645036","759960","45528","NA","758233","LexicalDecision"
"No","502","1","3","LF","2","1","1","n","C:/Users/hulsm/Documents/School/Methods_CCS/Lexical_descision","565","legacy","xpyriment","0.9545454545454546","n","502","1.0","hard","drum","5","48654","0","634232","633757","NA","NA","0","645668","634219","593146","760549","760527","0","761266","0","634220","645639","NA","0","NA","0","0","645036","761771","45528","NA","760526","LexicalDecision"
"No","566","1","3","LF","2","1","1","n","C:/Users/hulsm/Documents/School/Methods_CCS/Lexical_descision","566","legacy","xpyriment","0.9546827794561934","n","566","1.0","hard","frames","5","48654","0","634232","633757","NA","NA","0","645668","634219","593146","762357","762337","0","763075","0","634220","645639","NA","0","NA","0","0","645036","763644","45528","NA","762336","LexicalDecision"
"No","409","1","3","LF","2","1","1","n","C:/Users/hulsm/Documents/School/Methods_CCS/Lexical_descision","568","legacy","xpyriment","0.9548192771084337","n","409","1.0","hard","shirtje","5","48654","0","634232","633757","NA","NA","0","645668","634219","593146","764271","764250","0","764988","0","634220","645639","NA","0","NA","0","0","645036","765401","45528","NA","764249","LexicalDecision"
"No","527","1","3","LF","2","1","1","n","C:/Users/hulsm/Documents/School/Methods_CCS/Lexical_descision","590","legacy","xpyriment","0.954954954954955","n","527","1.0","hard","gala","5","48654","0","634232","633757","NA","NA","0","645668","634219","593146","765991","765971","0","766734","0","634220","645639","NA","0","NA","0","0","645036","767265","45528","NA","765970","LexicalDecision"
"No","463","1","3","LF","2","1","1","n","C:/Users/hulsm/Documents/School/Methods_CCS/Lexical_descision","416","legacy","xpyriment","0.9550898203592815","n","463","1.0","hard","trailer","5","48654","0","634232","633757","NA","NA","0","645668","634219","593146","767846","767825","0","768406","0","634220","645639","NA","0","NA","0","0","645036","768872","45528","NA","767824","LexicalDecision"
"No","568","1","3","Pseudo","3","1","1","m","C:/Users/hulsm/Documents/School/Methods_CCS/Lexical_descision","533","legacy","xpyriment","0.9552238805970149","m","568","1.0","hard","preeses","5","48654","0","634232","633757","NA","NA","0","645668","634219","593146","769449","769428","0","770132","0","634220","645639","NA","0","NA","0","0","645036","770703","45528","NA","769427","LexicalDecision"
"No","536","1","3","Random","4","1","1","m","C:/Users/hulsm/Documents/School/Methods_CCS/Lexical_descision","481","legacy","xpyriment","0.9553571428571429","m","536","1.0","easy","uaijn","5","48654","0","634232","633757","NA","NA","0","645668","634219","593146","771323","771304","0","771954","0","634220","645639","NA","0","NA","0","0","645036","772493","45528","NA","771303","LexicalDecision"
"No","560","1","3","Pseudo","3","1","1","m","C:/Users/hulsm/Documents/School/Methods_CCS/Lexical_descision","407","legacy","xpyriment","0.9554896142433235","m","560","1.0","hard","torden","5","48654","0","634232","633757","NA","NA","0","645668","634219","593146","773104","773084","0","773664","0","634220","645639","NA","0","NA","0","0","645036","774227","45528","NA","773083","LexicalDecision"
"No","597","1","3","LF","2","1","1","n","C:/Users/hulsm/Documents/School/Methods_CCS/Lexical_descision","523","legacy","xpyriment","0.9556213017751479","n","597","1.0","hard","mango's","5","48654","0","634232","633757","NA","NA","0","645668","634219","593146","774801","774781","0","775473","0","634220","645639","NA","0","NA","0","0","645036","776072","45528","NA","774780","LexicalDecision"
"No","1205","0","3","LF","2","0","0","n","C:/Users/hulsm/Documents/School/Methods_CCS/Lexical_descision","520","legacy","xpyriment","0.9528023598820059","m","1205","0.96","hard","volkjes","5","48654","0","634232","633757","NA","NA","0","645668","634219","778689","776660","776641","0","777326","0","634220","645639","NA","0","NA","0","0","645036","778534","45528","NA","776640","LexicalDecision"
"No","690","1","3","Pseudo","3","1","1","m","C:/Users/hulsm/Documents/School/Methods_CCS/Lexical_descision","438","legacy","xpyriment","0.9529411764705882","m","690","0.96","hard","geschurd","5","48654","0","634232","633757","NA","NA","0","645668","634219","778689","781269","781249","0","781857","0","634220","645639","NA","0","NA","0","0","645036","782549","45528","NA","781249","LexicalDecision"
"No","630","1","3","LF","2","1","1","n","C:/Users/hulsm/Documents/School/Methods_CCS/Lexical_descision","465","legacy","xpyriment","0.9530791788856305","n","630","0.96","hard","weetjes","5","48654","0","634232","633757","NA","NA","0","645668","634219","778689","783154","783134","0","783774","0","634220","645639","NA","0","NA","0","0","645036","784406","45528","NA","783132","LexicalDecision"
"No","516","1","3","Pseudo","3","1","1","m","C:/Users/hulsm/Documents/School/Methods_CCS/Lexical_descision","414","legacy","xpyriment","0.9532163742690059","m","516","0.96","hard","distijfs","5","48654","0","634232","633757","NA","NA","0","645668","634219","778689","784996","784976","0","785562","0","634220","645639","NA","0","NA","0","0","645036","786080","45528","NA","784976","LexicalDecision"
"No","509","1","3","HF","1","1","1","n","C:/Users/hulsm/Documents/School/Methods_CCS/Lexical_descision","581","legacy","xpyriment","0.9533527696793003","n","509","0.96","easy","liefst","5","48654","0","634232","633757","NA","NA","0","645668","634219","778689","786667","786648","0","787399","0","634220","645639","NA","0","NA","0","0","645036","787911","45528","NA","786648","LexicalDecision"
"No","460","1","3","LF","2","1","1","n","C:/Users/hulsm/Documents/School/Methods_CCS/Lexical_descision","444","legacy","xpyriment","0.9534883720930233","n","460","0.96","hard","sauna's","5","48654","0","634232","633757","NA","NA","0","645668","634219","778689","788498","788478","0","789096","0","634220","645639","NA","0","NA","0","0","645036","789560","45528","NA","788477","LexicalDecision"
"No","576","1","3","Pseudo","3","1","1","m","C:/Users/hulsm/Documents/School/Methods_CCS/Lexical_descision","409","legacy","xpyriment","0.9536231884057971","m","576","0.96","hard","tuiker","5","48654","0","634232","633757","NA","NA","0","645668","634219","778689","790146","790124","0","790706","0","634220","645639","NA","0","NA","0","0","645036","791285","45528","NA","790123","LexicalDecision"
"No","537","1","3","Random","4","1","1","m","C:/Users/hulsm/Documents/School/Methods_CCS/Lexical_descision","456","legacy","xpyriment","0.953757225433526","m","537","0.96","easy","rgaif","5","48654","0","634232","633757","NA","NA","0","645668","634219","778689","791889","791868","0","792490","0","634220","645639","NA","0","NA","0","0","645036","793029","45528","NA","791867","LexicalDecision"
"No","695","1","3","Pseudo","3","1","1","m","C:/Users/hulsm/Documents/School/Methods_CCS/Lexical_descision","405","legacy","xpyriment","0.9538904899135446","m","695","0.96","hard","schin","5","48654","0","634232","633757","NA","NA","0","645668","634219","778689","793667","793648","0","794222","0","634220","645639","NA","0","NA","0","0","645036","794919","45528","NA","793647","LexicalDecision"
"No","523","0","3","Random","4","0","0","m","C:/Users/hulsm/Documents/School/Methods_CCS/Lexical_descision","415","legacy","xpyriment","0.9511494252873564","n","523","0.92","easy","trjeoo","5","48654","0","634232","633757","NA","NA","0","645668","634219","796755","795497","795477","0","796073","0","634220","645639","NA","0","NA","0","0","645036","796599","45528","NA","795476","LexicalDecision"
"No","1050","1","3","Pseudo","3","1","1","m","C:/Users/hulsm/Documents/School/Methods_CCS/Lexical_descision","454","legacy","xpyriment","0.9512893982808023","m","1050","0.92","hard","hindel","5","48654","0","634232","633757","NA","NA","0","645668","634219","796755","799349","799326","0","799956","0","634220","645639","NA","0","NA","0","0","645036","801009","45528","NA","799325","LexicalDecision"
"No","792","0","3","LF","2","0","0","n","C:/Users/hulsm/Documents/School/Methods_CCS/Lexical_descision","449","legacy","xpyriment","0.9485714285714286","m","792","0.88","hard","keeltje","5","48654","0","634232","633757","NA","NA","0","645668","634219","803159","801608","801587","0","802206","0","634220","645639","NA","0","NA","0","0","645036","803001","45528","NA","801586","LexicalDecision"
"No","474","1","3","Random","4","1","1","m","C:/Users/hulsm/Documents/School/Methods_CCS/Lexical_descision","492","legacy","xpyriment","0.9487179487179487","m","474","0.88","easy","crbesoh","5","48654","0","634232","633757","NA","NA","0","645668","634219","803159","805738","805718","0","806382","0","634220","645639","NA","0","NA","0","0","645036","806858","45528","NA","805718","LexicalDecision"
"No","1016","0","3","HF","1","0","0","n","C:/Users/hulsm/Documents/School/Methods_CCS/Lexical_descision","554","legacy","xpyriment","0.9460227272727273","m","1016","0.84","easy","lijkt","5","48654","0","634232","633757","NA","NA","0","645668","634219","809335","807455","807437","0","808163","0","634220","645639","NA","0","NA","0","0","645036","809182","45528","NA","807436","LexicalDecision"
"No","1122","1","3","LF","2","1","1","n","C:/Users/hulsm/Documents/School/Methods_CCS/Lexical_descision","438","legacy","xpyriment","0.9461756373937678","n","1122","0.84","hard","kalfje","5","48654","0","634232","633757","NA","NA","0","645668","634219","809335","811949","811927","0","812540","0","634220","645639","NA","0","NA","0","0","645036","813665","45528","NA","811927","LexicalDecision"
"No","1218","1","3","LF","2","1","1","n","C:/Users/hulsm/Documents/School/Methods_CCS/Lexical_descision","452","legacy","xpyriment","0.9463276836158192","n","1218","0.84","hard","tikker","5","48654","0","634232","633757","NA","NA","0","645668","634219","809335","814237","814216","0","814841","0","634220","645639","NA","0","NA","0","0","645036","816061","45528","NA","814215","LexicalDecision"
"No","725","1","3","Pseudo","3","1","1","m","C:/Users/hulsm/Documents/School/Methods_CCS/Lexical_descision","550","legacy","xpyriment","0.9464788732394366","m","725","0.84","hard","gegaald","5","48654","0","634232","633757","NA","NA","0","645668","634219","809335","816661","816640","0","817357","0","634220","645639","NA","0","NA","0","0","645036","818084","45528","NA","816639","LexicalDecision"
"No","961","1","3","LF","2","1","1","n","C:/Users/hulsm/Documents/School/Methods_CCS/Lexical_descision","578","legacy","xpyriment","0.9466292134831461","n","961","0.84","hard","wolfje","5","48654","0","634232","633757","NA","NA","0","645668","634219","809335","818652","818631","0","819375","0","634220","645639","NA","0","NA","0","0","645036","820339","45528","NA","818630","LexicalDecision"
"No","619","1","3","Pseudo","3","1","1","m","C:/Users/hulsm/Documents/School/Methods_CCS/Lexical_descision","402","legacy","xpyriment","0.9467787114845938","m","619","0.84","hard","laler","5","48654","0","634232","633757","NA","NA","0","645668","634219","809335","820937","820916","0","821486","0","634220","645639","NA","0","NA","0","0","645036","822107","45528","NA","820915","LexicalDecision"
"No","661","1","3","Pseudo","3","1","1","m","C:/Users/hulsm/Documents/School/Methods_CCS/Lexical_descision","524","legacy","xpyriment","0.946927374301676","m","661","0.84","hard","took","5","48654","0","634232","633757","NA","NA","0","645668","634219","809335","822713","822693","0","823402","0","634220","645639","NA","0","NA","0","0","645036","824066","45528","NA","822691","LexicalDecision"
"No","1278","0","3","LF","2","0","0","n","C:/Users/hulsm/Documents/School/Methods_CCS/Lexical_descision","509","legacy","xpyriment","0.9442896935933147","m","1278","0.8","hard","miertje","5","48654","0","634232","633757","NA","NA","0","645668","634219","826736","824652","824631","0","825308","0","634220","645639","NA","0","NA","0","0","645036","826589","45528","NA","824630","LexicalDecision"
"No","650","1","3","Pseudo","3","1","1","m","C:/Users/hulsm/Documents/School/Methods_CCS/Lexical_descision","542","legacy","xpyriment","0.9444444444444444","m","650","0.8","hard","lalen","5","48654","0","634232","633757","NA","NA","0","645668","634219","826736","829319","829297","0","830013","0","634220","645639","NA","0","NA","0","0","645036","830665","45528","NA","829297","LexicalDecision"
"No","610","1","3","Pseudo","3","1","1","m","C:/Users/hulsm/Documents/School/Methods_CCS/Lexical_descision","430","legacy","xpyriment","0.9445983379501385","m","610","0.8","hard","gemaast","5","48654","0","634232","633757","NA","NA","0","645668","634219","826736","831250","831230","0","831831","0","634220","645639","NA","0","NA","0","0","645036","832443","45528","NA","831229","LexicalDecision"
"No","583","1","3","Pseudo","3","1","1","m","C:/Users/hulsm/Documents/School/Methods_CCS/Lexical_descision","403","legacy","xpyriment","0.9447513812154696","m","583","0.8","hard","helaar","5","48654","0","634232","633757","NA","NA","0","645668","634219","826736","833041","833019","0","833593","0","634220","645639","NA","0","NA","0","0","645036","834179","45528","NA","833018","LexicalDecision"
"No","542","1","3","Random","4","1","1","m","C:/Users/hulsm/Documents/School/Methods_CCS/Lexical_descision","519","legacy","xpyriment","0.9449035812672176","m","542","0.8","easy","sfa'os","5","48654","0","634232","633757","NA","NA","0","645668","634219","826736","834750","834730","0","835421","0","634220","645639","NA","0","NA","0","0","645036","835967","45528","NA","834729","LexicalDecision"
"No","980","1","3","LF","2","1","1","n","C:/Users/hulsm/Documents/School/Methods_CCS/Lexical_descision","586","legacy","xpyriment","0.945054945054945","n","980","0.84","hard","sletten","5","48654","0","634232","633757","NA","NA","0","645668","634219","826736","836568","836549","0","837303","0","634220","645639","NA","0","NA","0","0","645036","838285","45528","NA","836548","LexicalDecision"
"No","508","1","3","Pseudo","3","1","1","m","C:/Users/hulsm/Documents/School/Methods_CCS/Lexical_descision","578","legacy","xpyriment","0.9452054794520548","m","508","0.84","hard","kijn","5","48654","0","634232","633757","NA","NA","0","645668","634219","826736","838873","838853","0","839606","0","634220","645639","NA","0","NA","0","0","645036","840117","45528","NA","838852","LexicalDecision"
"No","520","0","3","LF","2","0","0","n","C:/Users/hulsm/Documents/School/Methods_CCS/Lexical_descision","562","legacy","xpyriment","0.9426229508196722","m","520","0.8","hard","beitels","5","48654","0","634232","633757","NA","NA","0","645668","634219","842093","840710","840692","0","841426","0","634220","645639","NA","0","NA","0","0","645036","841948","45528","NA","840691","LexicalDecision"
"No","500","1","3","Pseudo","3","1","1","m","C:/Users/hulsm/Documents/School/Methods_CCS/Lexical_descision","498","legacy","xpyriment","0.9427792915531336","m","500","0.8","hard","neis","5","48654","0","634232","633757","NA","NA","0","645668","634219","842093","844674","844653","0","845330","0","634220","645639","NA","0","NA","0","0","645036","845832","45528","NA","844653","LexicalDecision"
"No","471","1","3","Random","4","1","1","m","C:/Users/hulsm/Documents/School/Methods_CCS/Lexical_descision","552","legacy","xpyriment","0.9429347826086957","m","471","0.8","easy","ajewts","5","48654","0","634232","633757","NA","NA","0","645668","634219","842093","846409","846389","0","847111","0","634220","645639","NA","0","NA","0","0","645036","847586","45528","NA","846388","LexicalDecision"
"No","499","1","3","Pseudo","3","1","1","m","C:/Users/hulsm/Documents/School/Methods_CCS/Lexical_descision","502","legacy","xpyriment","0.943089430894309","m","499","0.8","hard","lawant","5","48654","0","634232","633757","NA","NA","0","645668","634219","842093","848212","848191","0","848863","0","634220","645639","NA","0","NA","0","0","645036","849364","45528","NA","848190","LexicalDecision"
"No","807","1","3","LF","2","1","1","n","C:/Users/hulsm/Documents/School/Methods_CCS/Lexical_descision","544","legacy","xpyriment","0.9432432432432433","n","807","0.8","hard","buikjes","5","48654","0","634232","633757","NA","NA","0","645668","634219","842093","849960","849940","0","850648","0","634220","645639","NA","0","NA","0","0","645036","851457","45528","NA","849939","LexicalDecision"
"No","470","1","3","Random","4","1","1","m","C:/Users/hulsm/Documents/School/Methods_CCS/Lexical_descision","514","legacy","xpyriment","0.9433962264150944","m","470","0.8","easy","prsetpin","5","48654","0","634232","633757","NA","NA","0","645668","634219","842093","852047","852026","0","852716","0","634220","645639","NA","0","NA","0","0","645036","853188","45528","NA","852026","LexicalDecision"
"No","615","1","3","HF","1","1","1","n","C:/Users/hulsm/Documents/School/Methods_CCS/Lexical_descision","572","legacy","xpyriment","0.9435483870967742","n","615","0.8","easy","thuis","5","48654","0","634232","633757","NA","NA","0","645668","634219","842093","853815","853794","0","854542","0","634220","645639","NA","0","NA","0","0","645036","855160","45528","NA","853793","LexicalDecision"
"No","524","1","3","Random","4","1","1","m","C:/Users/hulsm/Documents/School/Methods_CCS/Lexical_descision","414","legacy","xpyriment","0.9436997319034852","m","524","0.84","easy","ekjcat","5","48654","0","634232","633757","NA","NA","0","645668","634219","842093","855750","855731","0","856312","0","634220","645639","NA","0","NA","0","0","645036","856838","45528","NA","855730","LexicalDecision"
"No","491","1","3","Random","4","1","1","m","C:/Users/hulsm/Documents/School/Methods_CCS/Lexical_descision","536","legacy","xpyriment","0.9438502673796791","m","491","0.84","easy","ookljef","5","48654","0","634232","633757","NA","NA","0","645668","634219","842093","857416","857397","0","858098","0","634220","645639","NA","0","NA","0","0","645036","858591","45528","NA","857396","LexicalDecision"
"No","566","1","3","Pseudo","3","1","1","m","C:/Users/hulsm/Documents/School/Methods_CCS/Lexical_descision","482","legacy","xpyriment","0.944","m","566","0.88","hard","mard","5","48654","0","634232","633757","NA","NA","0","645668","634219","842093","859166","859146","0","859797","0","634220","645639","NA","0","NA","0","0","645036","860366","45528","NA","859145","LexicalDecision"
"No","450","1","3","Pseudo","3","1","1","m","C:/Users/hulsm/Documents/School/Methods_CCS/Lexical_descision","436","legacy","xpyriment","0.9441489361702128","m","450","0.88","hard","melster","5","48654","0","634232","633757","NA","NA","0","645668","634219","842093","860946","860926","0","861535","0","634220","645639","NA","0","NA","0","0","645036","861988","45528","NA","860925","LexicalDecision"
"No","532","1","3","LF","2","1","1","n","C:/Users/hulsm/Documents/School/Methods_CCS/Lexical_descision","513","legacy","xpyriment","0.9442970822281167","n","532","0.92","hard","stofjes","5","48654","0","634232","633757","NA","NA","0","645668","634219","842093","862582","862563","0","863247","0","634220","645639","NA","0","NA","0","0","645036","863783","45528","NA","862562","LexicalDecision"
"No","601","1","3","LF","2","1","1","n","C:/Users/hulsm/Documents/School/Methods_CCS/Lexical_descision","430","legacy","xpyriment","0.9444444444444444","n","601","0.92","hard","glijbaan","5","48654","0","634232","633757","NA","NA","0","645668","634219","842093","864367","864345","0","864950","0","634220","645639","NA","0","NA","0","0","645036","865554","45528","NA","864344","LexicalDecision"
"No","745","1","3","Pseudo","3","1","1","m","C:/Users/hulsm/Documents/School/Methods_CCS/Lexical_descision","546","legacy","xpyriment","0.9445910290237467","m","745","0.92","hard","took","5","48654","0","634232","633757","NA","NA","0","645668","634219","842093","866133","866113","0","866832","0","634220","645639","NA","0","NA","0","0","645036","867579","45528","NA","866111","LexicalDecision"
"No","696","1","3","LF","2","1","1","n","C:/Users/hulsm/Documents/School/Methods_CCS/Lexical_descision","416","legacy","xpyriment","0.9447368421052632","n","696","0.92","hard","lengtes","5","48654","0","634232","633757","NA","NA","0","645668","634219","842093","868179","868160","0","868748","0","634220","645639","NA","0","NA","0","0","645036","869447","45528","NA","868159","LexicalDecision"
"No","985","1","3","LF","2","1","1","n","C:/Users/hulsm/Documents/School/Methods_CCS/Lexical_descision","416","legacy","xpyriment","0.9448818897637795","n","985","0.92","hard","matches","5","48654","0","634232","633757","NA","NA","0","645668","634219","842093","870032","870012","0","870597","0","634220","645639","NA","0","NA","0","0","645036","871584","45528","NA","870011","LexicalDecision"
"No","582","1","3","Pseudo","3","1","1","m","C:/Users/hulsm/Documents/School/Methods_CCS/Lexical_descision","511","legacy","xpyriment","0.9450261780104712","m","582","0.92","hard","grag","5","48654","0","634232","633757","NA","NA","0","645668","634219","842093","872165","872145","0","872828","0","634220","645639","NA","0","NA","0","0","645036","873413","45528","NA","872144","LexicalDecision"
"No","524","1","3","Pseudo","3","1","1","m","C:/Users/hulsm/Documents/School/Methods_CCS/Lexical_descision","443","legacy","xpyriment","0.9451697127937336","m","524","0.92","hard","weks","5","48654","0","634232","633757","NA","NA","0","645668","634219","842093","873985","873965","0","874579","0","634220","645639","NA","0","NA","0","0","645036","875105","45528","NA","873964","LexicalDecision"
"No","370","1","3","Pseudo","3","1","1","m","C:/Users/hulsm/Documents/School/Methods_CCS/Lexical_descision","534","legacy","xpyriment","0.9453125","m","370","0.96","hard","voch","5","48654","0","634232","633757","NA","NA","0","645668","634219","842093","875688","875668","0","876373","0","634220","645639","NA","0","NA","0","0","645036","876746","45528","NA","875667","LexicalDecision"
"No","607","1","3","LF","2","1","1","n","C:/Users/hulsm/Documents/School/Methods_CCS/Lexical_descision","556","legacy","xpyriment","0.9454545454545454","n","607","0.96","hard","geurtje","5","48654","0","634232","633757","NA","NA","0","645668","634219","842093","877332","877312","0","878044","0","634220","645639","NA","0","NA","0","0","645036","878653","45528","NA","877310","LexicalDecision"
"No","525","1","3","Pseudo","3","1","1","m","C:/Users/hulsm/Documents/School/Methods_CCS/Lexical_descision","432","legacy","xpyriment","0.9455958549222798","m","525","0.96","hard","keiper","5","48654","0","634232","633757","NA","NA","0","645668","634219","842093","879286","879267","0","879875","0","634220","645639","NA","0","NA","0","0","645036","880403","45528","NA","879266","LexicalDecision"
"No","1106","1","3","LF","2","1","1","n","C:/Users/hulsm/Documents/School/Methods_CCS/Lexical_descision","482","legacy","xpyriment","0.9457364341085271","n","1106","0.96","hard","eenhoorn","5","48654","0","634232","633757","NA","NA","0","645668","634219","842093","880985","880965","0","881623","0","634220","645639","NA","0","NA","0","0","645036","882731","45528","NA","880963","LexicalDecision"
"No","800","1","3","Pseudo","3","1","1","m","C:/Users/hulsm/Documents/School/Methods_CCS/Lexical_descision","557","legacy","xpyriment","0.9458762886597938","m","800","0.96","hard","huitje","5","48654","0","634232","633757","NA","NA","0","645668","634219","842093","883319","883298","0","884026","0","634220","645639","NA","0","NA","0","0","645036","884828","45528","NA","883297","LexicalDecision"
"No","1396","1","3","LF","2","1","1","n","C:/Users/hulsm/Documents/School/Methods_CCS/Lexical_descision","501","legacy","xpyriment","0.9460154241645244","n","1396","0.96","hard","kliekje","5","48654","0","634232","633757","NA","NA","0","645668","634219","842093","885414","885391","0","886063","0","634220","645639","NA","0","NA","0","0","645036","887462","45528","NA","885390","LexicalDecision"
"No","597","1","3","Pseudo","3","1","1","m","C:/Users/hulsm/Documents/School/Methods_CCS/Lexical_descision","574","legacy","xpyriment","0.9461538461538461","m","597","0.96","hard","fede","5","48654","0","634232","633757","NA","NA","0","645668","634219","842093","888036","888015","0","888760","0","634220","645639","NA","0","NA","0","0","645036","889360","45528","NA","888014","LexicalDecision"
"No","966","1","3","LF","2","1","1","n","C:/Users/hulsm/Documents/School/Methods_CCS/Lexical_descision","477","legacy","xpyriment","0.9462915601023018","n","966","1.0","hard","strikjes","5","48654","0","634232","633757","NA","NA","0","645668","634219","842093","889947","889927","0","890569","0","634220","645639","NA","0","NA","0","0","645036","891538","45528","NA","889926","LexicalDecision"
"No","1082","1","3","Pseudo","3","1","1","m","C:/Users/hulsm/Documents/School/Methods_CCS/Lexical_descision","490","legacy","xpyriment","0.9464285714285714","m","1082","1.0","hard","mierzaam","5","48654","0","634232","633757","NA","NA","0","645668","634219","842093","892121","892099","0","892764","0","634220","645639","NA","0","NA","0","0","645036","893849","45528","NA","892098","LexicalDecision"
"No","848","1","3","LF","2","1","1","n","C:/Users/hulsm/Documents/School/Methods_CCS/Lexical_descision","543","legacy","xpyriment","0.9465648854961832","n","848","1.0","hard","treintje","5","48654","0","634232","633757","NA","NA","0","645668","634219","842093","894426","894406","0","895124","0","634220","645639","NA","0","NA","0","0","645036","895974","45528","NA","894405","LexicalDecision"
"No","608","1","3","Pseudo","3","1","1","m","C:/Users/hulsm/Documents/School/Methods_CCS/Lexical_descision","406","legacy","xpyriment","0.9467005076142132","m","608","1.0","hard","erdij","5","48654","0","634232","633757","NA","NA","0","645668","634219","842093","896574","896554","0","897134","0","634220","645639","NA","0","NA","0","0","645036","897746","45528","NA","896553","LexicalDecision"
"No","528","1","3","Pseudo","3","1","1","m","C:/Users/hulsm/Documents/School/Methods_CCS/Lexical_descision","531","legacy","xpyriment","0.9468354430379747","m","528","1.0","hard","glak","5","48654","0","634232","633757","NA","NA","0","645668","634219","842093","898316","898297","0","898998","0","634220","645639","NA","0","NA","0","0","645036","899529","45528","NA","898296","LexicalDecision"
"No","2000","0","3","Pseudo","3","0","0","m","C:/Users/hulsm/Documents/School/Methods_CCS/Lexical_descision","517","legacy","xpyriment","0.9444444444444444","None","2000","0.96","hard","genaard","5","48654","0","634232","633757","NA","NA","0","645668","634219","902928","900106","900086","0","900777","0","634220","645639","NA","0","NA","0","0","645036","902778","45528","NA","900085","LexicalDecision"
"No","695","1","3","LF","2","1","1","n","C:/Users/hulsm/Documents/School/Methods_CCS/Lexical_descision","472","legacy","xpyriment","0.9445843828715366","n","695","0.96","hard","oorbel","5","48654","0","634232","633757","NA","NA","0","645668","634219","902928","905527","905504","0","906156","0","634220","645639","NA","0","NA","0","0","645036","906854","45528","NA","905504","LexicalDecision"
"No","481","1","3","LF","2","1","1","n","C:/Users/hulsm/Documents/School/Methods_CCS/Lexical_descision","461","legacy","xpyriment","0.9447236180904522","n","481","0.96","hard","knuffel","5","48654","0","634232","633757","NA","NA","0","645668","634219","902928","907446","907425","0","908057","0","634220","645639","NA","0","NA","0","0","645036","908540","45528","NA","907423","LexicalDecision"
"No","578","1","3","LF","2","1","1","n","C:/Users/hulsm/Documents/School/Methods_CCS/Lexical_descision","416","legacy","xpyriment","0.9448621553884712","n","578","0.96","hard","donors","5","48654","0","634232","633757","NA","NA","0","645668","634219","902928","909116","909094","0","909685","0","634220","645639","NA","0","NA","0","0","645036","910266","45528","NA","909093","LexicalDecision"
"No","1110","1","3","Pseudo","3","1","1","m","C:/Users/hulsm/Documents/School/Methods_CCS/Lexical_descision","538","legacy","xpyriment","0.945","m","1110","0.96","hard","nonder","5","48654","0","634232","633757","NA","NA","0","645668","634219","902928","910847","910829","0","911548","0","634220","645639","NA","0","NA","0","0","645036","912661","45528","NA","910828","LexicalDecision"
"No","573","1","3","LF","2","1","1","n","C:/Users/hulsm/Documents/School/Methods_CCS/Lexical_descision","554","legacy","xpyriment","0.9451371571072319","n","573","0.96","hard","sandaal","5","48654","0","634232","633757","NA","NA","0","645668","634219","902928","913252","913231","0","913963","0","634220","645639","NA","0","NA","0","0","645036","914539","45528","NA","913230","LexicalDecision"
"No","399","1","3","LF","2","1","1","n","C:/Users/hulsm/Documents/School/Methods_CCS/Lexical_descision","442","legacy","xpyriment","0.945273631840796","n","399","0.96","hard","biscuit","5","48654","0","634232","633757","NA","NA","0","645668","634219","902928","915129","915108","0","915718","0","634220","645639","NA","0","NA","0","0","645036","916119","45528","NA","915107","LexicalDecision"
"No","530","1","3","Pseudo","3","1","1","m","C:/Users/hulsm/Documents/School/Methods_CCS/Lexical_descision","570","legacy","xpyriment","0.9454094292803971","m","530","0.96","hard","ontlerm","5","48654","0","634232","633757","NA","NA","0","645668","634219","902928","916723","916706","0","917448","0","634220","645639","NA","0","NA","0","0","645036","917981","45528","NA","916705","LexicalDecision"
"No","588","1","3","Pseudo","3","1","1","m","C:/Users/hulsm/Documents/School/Methods_CCS/Lexical_descision","529","legacy","xpyriment","0.9455445544554455","m","588","0.96","hard","taas","5","48654","0","634232","633757","NA","NA","0","645668","634219","902928","918563","918545","0","919245","0","634220","645639","NA","0","NA","0","0","645036","919835","45528","NA","918543","LexicalDecision"
"No","428","1","3","Random","4","1","1","m","C:/Users/hulsm/Documents/School/Methods_CCS/Lexical_descision","565","legacy","xpyriment","0.945679012345679","m","428","0.96","easy","bdejse","5","48654","0","634232","633757","NA","NA","0","645668","634219","902928","920415","920392","0","921129","0","634220","645639","NA","0","NA","0","0","645036","921560","45528","NA","920391","LexicalDecision"
"No","577","1","4","Pseudo","3","1","1","m","C:/Users/hulsm/Documents/School/Methods_CCS/Lexical_descision","592","legacy","xpyriment","0.9458128078817734","m","577","0.96","hard","berder","5","48654","0","922195","921714","NA","NA","0","938376","922180","902928","938807","938785","0","939547","0","922181","938349","NA","0","NA","0","0","936867","940128","45528","NA","938784","LexicalDecision"
"No","526","1","4","LF","2","1","1","n","C:/Users/hulsm/Documents/School/Methods_CCS/Lexical_descision","505","legacy","xpyriment","0.9459459459459459","n","526","0.96","hard","roosjes","5","48654","0","922195","921714","NA","NA","0","938376","922180","902928","940732","940711","0","941386","0","922181","938349","NA","0","NA","0","0","936867","941916","45528","NA","940710","LexicalDecision"
"No","534","1","4","Random","4","1","1","m","C:/Users/hulsm/Documents/School/Methods_CCS/Lexical_descision","522","legacy","xpyriment","0.946078431372549","m","534","0.96","easy","fetssoj","5","48654","0","922195","921714","NA","NA","0","938376","922180","902928","942496","942477","0","943167","0","922181","938349","NA","0","NA","0","0","936867","943704","45528","NA","942476","LexicalDecision"
"No","538","1","4","LF","2","1","1","n","C:/Users/hulsm/Documents/School/Methods_CCS/Lexical_descision","425","legacy","xpyriment","0.9462102689486552","n","538","0.96","hard","trio's","5","48654","0","922195","921714","NA","NA","0","938376","922180","902928","944277","944258","0","944857","0","922181","938349","NA","0","NA","0","0","936867","945398","45528","NA","944257","LexicalDecision"
"No","541","1","4","Pseudo","3","1","1","m","C:/Users/hulsm/Documents/School/Methods_CCS/Lexical_descision","408","legacy","xpyriment","0.9463414634146341","m","541","0.96","hard","leept","5","48654","0","922195","921714","NA","NA","0","938376","922180","902928","945988","945967","0","946554","0","922181","938349","NA","0","NA","0","0","936867","947099","45528","NA","945966","LexicalDecision"
"No","564","1","4","LF","2","1","1","n","C:/Users/hulsm/Documents/School/Methods_CCS/Lexical_descision","573","legacy","xpyriment","0.9464720194647201","n","564","0.96","hard","zwaantje","5","48654","0","922195","921714","NA","NA","0","938376","922180","902928","947693","947674","0","948422","0","922181","938349","NA","0","NA","0","0","936867","948988","45528","NA","947673","LexicalDecision"
"No","492","1","4","Random","4","1","1","m","C:/Users/hulsm/Documents/School/Methods_CCS/Lexical_descision","506","legacy","xpyriment","0.9466019417475728","m","492","0.96","easy","ijgv","5","48654","0","922195","921714","NA","NA","0","938376","922180","902928","949582","949562","0","950238","0","922181","938349","NA","0","NA","0","0","936867","950732","45528","NA","949560","LexicalDecision"
"No","487","1","4","LF","2","1","1","n","C:/Users/hulsm/Documents/School/Methods_CCS/Lexical_descision","532","legacy","xpyriment","0.9467312348668281","n","487","0.96","hard","badjes","5","48654","0","922195","921714","NA","NA","0","938376","922180","902928","951315","951296","0","952010","0","922181","938349","NA","0","NA","0","0","936867","952499","45528","NA","951296","LexicalDecision"
"No","595","1","4","LF","2","1","1","n","C:/Users/hulsm/Documents/School/Methods_CCS/Lexical_descision","527","legacy","xpyriment","0.9468599033816425","n","595","0.96","hard","turbo","5","48654","0","922195","921714","NA","NA","0","938376","922180","902928","953092","953071","0","953774","0","922181","938349","NA","0","NA","0","0","936867","954372","45528","NA","953070","LexicalDecision"
"No","597","1","4","LF","2","1","1","n","C:/Users/hulsm/Documents/School/Methods_CCS/Lexical_descision","546","legacy","xpyriment","0.946987951807229","n","597","0.96","hard","mietjes","5","48654","0","922195","921714","NA","NA","0","938376","922180","902928","954978","954957","0","955671","0","922181","938349","NA","0","NA","0","0","936867","956272","45528","NA","954956","LexicalDecision"
"No","520","1","4","LF","2","1","1","n","C:/Users/hulsm/Documents/School/Methods_CCS/Lexical_descision","488","legacy","xpyriment","0.9471153846153846","n","520","0.96","hard","meidje","5","48654","0","922195","921714","NA","NA","0","938376","922180","902928","956867","956844","0","957514","0","922181","938349","NA","0","NA","0","0","936867","958038","45528","NA","956844","LexicalDecision"
"No","521","1","4","Pseudo","3","1","1","m","C:/Users/hulsm/Documents/School/Methods_CCS/Lexical_descision","586","legacy","xpyriment","0.947242206235012","m","521","0.96","hard","fuder","5","48654","0","922195","921714","NA","NA","0","938376","922180","902928","958661","958640","0","959404","0","922181","938349","NA","0","NA","0","0","936867","959927","45528","NA","958639","LexicalDecision"
"No","827","1","4","Pseudo","3","1","1","m","C:/Users/hulsm/Documents/School/Methods_CCS/Lexical_descision","584","legacy","xpyriment","0.9473684210526315","m","827","0.96","hard","bezoofd","5","48654","0","922195","921714","NA","NA","0","938376","922180","902928","960526","960507","0","961263","0","922181","938349","NA","0","NA","0","0","936867","962092","45528","NA","960506","LexicalDecision"
"No","498","1","4","Pseudo","3","1","1","m","C:/Users/hulsm/Documents/School/Methods_CCS/Lexical_descision","517","legacy","xpyriment","0.9474940334128878","m","498","0.96","hard","iezer","5","48654","0","922195","921714","NA","NA","0","938376","922180","902928","962682","962663","0","963347","0","922181","938349","NA","0","NA","0","0","936867","963848","45528","NA","962662","LexicalDecision"
"No","959","1","4","LF","2","1","1","n","C:/Users/hulsm/Documents/School/Methods_CCS/Lexical_descision","519","legacy","xpyriment","0.9476190476190476","n","959","0.96","hard","deuntjes","5","48654","0","922195","921714","NA","NA","0","938376","922180","902928","964430","964409","0","965098","0","922181","938349","NA","0","NA","0","0","936867","966060","45528","NA","964408","LexicalDecision"
"No","569","1","4","HF","1","1","1","n","C:/Users/hulsm/Documents/School/Methods_CCS/Lexical_descision","520","legacy","xpyriment","0.9477434679334917","n","569","0.96","easy","bekeek","5","48654","0","922195","921714","NA","NA","0","938376","922180","902928","966655","966637","0","967331","0","922181","938349","NA","0","NA","0","0","936867","967902","45528","NA","966636","LexicalDecision"
"No","625","1","4","Pseudo","3","1","1","m","C:/Users/hulsm/Documents/School/Methods_CCS/Lexical_descision","498","legacy","xpyriment","0.9478672985781991","m","625","0.96","hard","egen","5","48654","0","922195","921714","NA","NA","0","938376","922180","902928","968492","968468","0","969138","0","922181","938349","NA","0","NA","0","0","936867","969765","45528","NA","968467","LexicalDecision"
"No","531","1","4","LF","2","1","1","n","C:/Users/hulsm/Documents/School/Methods_CCS/Lexical_descision","545","legacy","xpyriment","0.9479905437352246","n","531","0.96","hard","speldjes","5","48654","0","922195","921714","NA","NA","0","938376","922180","902928","970342","970323","0","971040","0","922181","938349","NA","0","NA","0","0","936867","971573","45528","NA","970322","LexicalDecision"
"No","657","1","4","HF","1","1","1","n","C:/Users/hulsm/Documents/School/Methods_CCS/Lexical_descision","543","legacy","xpyriment","0.9481132075471698","n","657","0.96","easy","scheppen","5","48654","0","922195","921714","NA","NA","0","938376","922180","902928","972162","972143","0","972862","0","922181","938349","NA","0","NA","0","0","936867","973522","45528","NA","972142","LexicalDecision"
"No","468","1","4","Pseudo","3","1","1","m","C:/Users/hulsm/Documents/School/Methods_CCS/Lexical_descision","552","legacy","xpyriment","0.9482352941176471","m","468","0.96","hard","direer","5","48654","0","922195","921714","NA","NA","0","938376","922180","902928","974106","974086","0","974808","0","922181","938349","NA","0","NA","0","0","936867","975280","45528","NA","974085","LexicalDecision"
"No","854","1","4","LF","2","1","1","n","C:/Users/hulsm/Documents/School/Methods_CCS/Lexical_descision","551","legacy","xpyriment","0.9483568075117371","n","854","0.96","hard","pijltjes","5","48654","0","922195","921714","NA","NA","0","938376","922180","902928","975867","975848","0","976576","0","922181","938349","NA","0","NA","0","0","936867","977433","45528","NA","975847","LexicalDecision"
"No","1530","1","4","Pseudo","3","1","1","m","C:/Users/hulsm/Documents/School/Methods_CCS/Lexical_descision","499","legacy","xpyriment","0.9484777517564403","m","1530","0.96","hard","geruld","5","48654","0","922195","921714","NA","NA","0","938376","922180","902928","978017","977996","0","978661","0","922181","938349","NA","0","NA","0","0","936867","980194","45528","NA","977996","LexicalDecision"
"No","685","1","4","LF","2","1","1","n","C:/Users/hulsm/Documents/School/Methods_CCS/Lexical_descision","402","legacy","xpyriment","0.9485981308411215","n","685","0.96","hard","goudstuk","5","48654","0","922195","921714","NA","NA","0","938376","922180","902928","980781","980754","0","981337","0","922181","938349","NA","0","NA","0","0","936867","982025","45528","NA","980753","LexicalDecision"
"No","653","1","4","Pseudo","3","1","1","m","C:/Users/hulsm/Documents/School/Methods_CCS/Lexical_descision","569","legacy","xpyriment","0.9487179487179487","m","653","0.96","hard","trief","5","48654","0","922195","921714","NA","NA","0","938376","922180","902928","982603","982584","0","983326","0","922181","938349","NA","0","NA","0","0","936867","983981","45528","NA","982584","LexicalDecision"
"No","653","1","4","Pseudo","3","1","1","m","C:/Users/hulsm/Documents/School/Methods_CCS/Lexical_descision","468","legacy","xpyriment","0.9488372093023256","m","653","0.96","hard","aand","5","48654","0","922195","921714","NA","NA","0","938376","922180","902928","984571","984550","0","985192","0","922181","938349","NA","0","NA","0","0","936867","985847","45528","NA","984549","LexicalDecision"
"No","457","1","4","HF","1","1","1","n","C:/Users/hulsm/Documents/School/Methods_CCS/Lexical_descision","520","legacy","xpyriment","0.9489559164733179","n","457","0.96","easy","tuin","5","48654","0","922195","921714","NA","NA","0","938376","922180","902928","986458","986436","0","987129","0","922181","938349","NA","0","NA","0","0","936867","987588","45528","NA","986435","LexicalDecision"
"No","518","1","4","Pseudo","3","1","1","m","C:/Users/hulsm/Documents/School/Methods_CCS/Lexical_descision","435","legacy","xpyriment","0.9490740740740741","m","518","0.96","hard","waarif","5","48654","0","922195","921714","NA","NA","0","938376","922180","902928","988171","988149","0","988756","0","922181","938349","NA","0","NA","0","0","936867","989276","45528","NA","988149","LexicalDecision"
"No","658","1","4","Pseudo","3","1","1","m","C:/Users/hulsm/Documents/School/Methods_CCS/Lexical_descision","405","legacy","xpyriment","0.9491916859122402","m","658","0.96","hard","luttig","5","48654","0","922195","921714","NA","NA","0","938376","922180","902928","989862","989843","0","990419","0","922181","938349","NA","0","NA","0","0","936867","991080","45528","NA","989842","LexicalDecision"
"No","536","1","4","Pseudo","3","1","1","m","C:/Users/hulsm/Documents/School/Methods_CCS/Lexical_descision","430","legacy","xpyriment","0.9493087557603687","m","536","0.96","hard","bijders","5","48654","0","922195","921714","NA","NA","0","938376","922180","902928","991681","991661","0","992262","0","922181","938349","NA","0","NA","0","0","936867","992801","45528","NA","991660","LexicalDecision"
"No","646","1","4","Pseudo","3","1","1","m","C:/Users/hulsm/Documents/School/Methods_CCS/Lexical_descision","587","legacy","xpyriment","0.9494252873563218","m","646","0.96","hard","akind","5","48654","0","922195","921714","NA","NA","0","938376","922180","902928","993387","993366","0","994132","0","922181","938349","NA","0","NA","0","0","936867","994781","45528","NA","993365","LexicalDecision"
"No","678","1","4","LF","2","1","1","n","C:/Users/hulsm/Documents/School/Methods_CCS/Lexical_descision","478","legacy","xpyriment","0.9495412844036697","n","678","0.96","hard","zuchtjes","5","48654","0","922195","921714","NA","NA","0","938376","922180","902928","995369","995348","0","995996","0","922181","938349","NA","0","NA","0","0","936867","996677","45528","NA","995346","LexicalDecision"
"No","796","1","4","Pseudo","3","1","1","m","C:/Users/hulsm/Documents/School/Methods_CCS/Lexical_descision","529","legacy","xpyriment","0.9496567505720824","m","796","0.96","hard","begriet","5","48654","0","922195","921714","NA","NA","0","938376","922180","902928","997265","997243","0","997943","0","922181","938349","NA","0","NA","0","0","936867","998741","45528","NA","997242","LexicalDecision"
"No","884","1","4","LF","2","1","1","n","C:/Users/hulsm/Documents/School/Methods_CCS/Lexical_descision","532","legacy","xpyriment","0.9497716894977168","n","884","0.96","hard","etters","5","48654","0","922195","921714","NA","NA","0","938376","922180","902928","999364","999343","0","1000043","0","922181","938349","NA","0","NA","0","0","936867","1000930","45528","NA","999343","LexicalDecision"
"No","581","1","4","LF","2","1","1","n","C:/Users/hulsm/Documents/School/Methods_CCS/Lexical_descision","554","legacy","xpyriment","0.9498861047835991","n","581","0.96","hard","vraagjes","5","48654","0","922195","921714","NA","NA","0","938376","922180","902928","1001531","1001510","0","1002252","0","922181","938349","NA","0","NA","0","0","936867","1002836","45528","NA","1001509","LexicalDecision"
"No","516","1","4","HF","1","1","1","n","C:/Users/hulsm/Documents/School/Methods_CCS/Lexical_descision","489","legacy","xpyriment","0.95","n","516","0.96","easy","hond","5","48654","0","922195","921714","NA","NA","0","938376","922180","902928","1003427","1003401","0","1004061","0","922181","938349","NA","0","NA","0","0","936867","1004580","45528","NA","1003401","LexicalDecision"
"No","634","1","4","Random","4","1","1","m","C:/Users/hulsm/Documents/School/Methods_CCS/Lexical_descision","493","legacy","xpyriment","0.9501133786848073","m","634","0.96","easy","uknp","5","48654","0","922195","921714","NA","NA","0","938376","922180","902928","1005167","1005145","0","1005807","0","922181","938349","NA","0","NA","0","0","936867","1006444","45528","NA","1005145","LexicalDecision"
"No","674","1","4","LF","2","1","1","n","C:/Users/hulsm/Documents/School/Methods_CCS/Lexical_descision","537","legacy","xpyriment","0.9502262443438914","n","674","0.96","hard","balkjes","5","48654","0","922195","921714","NA","NA","0","938376","922180","902928","1007018","1006999","0","1007705","0","922181","938349","NA","0","NA","0","0","936867","1008382","45528","NA","1006999","LexicalDecision"
"No","728","1","4","LF","2","1","1","n","C:/Users/hulsm/Documents/School/Methods_CCS/Lexical_descision","526","legacy","xpyriment","0.9503386004514672","n","728","0.96","hard","truitjes","5","48654","0","922195","921714","NA","NA","0","938376","922180","902928","1008963","1008944","0","1009639","0","922181","938349","NA","0","NA","0","0","936867","1010369","45528","NA","1008943","LexicalDecision"
"No","580","1","4","Pseudo","3","1","1","m","C:/Users/hulsm/Documents/School/Methods_CCS/Lexical_descision","526","legacy","xpyriment","0.9504504504504504","m","580","0.96","hard","liende","5","48654","0","922195","921714","NA","NA","0","938376","922180","902928","1010953","1010932","0","1011628","0","922181","938349","NA","0","NA","0","0","936867","1012212","45528","NA","1010931","LexicalDecision"
"No","728","1","4","LF","2","1","1","n","C:/Users/hulsm/Documents/School/Methods_CCS/Lexical_descision","417","legacy","xpyriment","0.950561797752809","n","728","0.96","hard","clip","5","48654","0","922195","921714","NA","NA","0","938376","922180","902928","1012793","1012774","0","1013358","0","922181","938349","NA","0","NA","0","0","936867","1014089","45528","NA","1012773","LexicalDecision"
"No","1341","1","4","LF","2","1","1","n","C:/Users/hulsm/Documents/School/Methods_CCS/Lexical_descision","510","legacy","xpyriment","0.9506726457399103","n","1341","0.96","hard","tekstje","5","48654","0","922195","921714","NA","NA","0","938376","922180","902928","1014663","1014643","0","1015329","0","922181","938349","NA","0","NA","0","0","936867","1016672","45528","NA","1014642","LexicalDecision"
"No","2000","0","4","LF","2","0","0","n","C:/Users/hulsm/Documents/School/Methods_CCS/Lexical_descision","436","legacy","xpyriment","0.9485458612975392","None","2000","0.96","hard","sleetje","5","48654","0","922195","921714","NA","NA","0","938376","922180","1020031","1017299","1017278","0","1017887","0","922181","938349","NA","0","NA","0","0","936867","1019889","45528","NA","1017278","LexicalDecision"
"No","649","0","4","LF","2","0","0","n","C:/Users/hulsm/Documents/School/Methods_CCS/Lexical_descision","406","legacy","xpyriment","0.9464285714285714","m","649","0.96","hard","rally","5","48654","0","922195","921714","NA","NA","0","938376","922180","1023992","1022630","1022608","0","1023192","0","922181","938349","NA","0","NA","0","0","936867","1023844","45528","NA","1022607","LexicalDecision"
"No","513","1","4","LF","2","1","1","n","C:/Users/hulsm/Documents/School/Methods_CCS/Lexical_descision","587","legacy","xpyriment","0.9465478841870824","n","513","0.96","hard","soepbord","5","48654","0","922195","921714","NA","NA","0","938376","922180","1023992","1026589","1026567","0","1027323","0","922181","938349","NA","0","NA","0","0","936867","1027839","45528","NA","1026567","LexicalDecision"
"No","609","1","4","Pseudo","3","1","1","m","C:/Users/hulsm/Documents/School/Methods_CCS/Lexical_descision","552","legacy","xpyriment","0.9466666666666667","m","609","0.96","hard","debliek","5","48654","0","922195","921714","NA","NA","0","938376","922180","1023992","1028422","1028400","0","1029125","0","922181","938349","NA","0","NA","0","0","936867","1029737","45528","NA","1028400","LexicalDecision"
"No","548","1","4","LF","2","1","1","n","C:/Users/hulsm/Documents/School/Methods_CCS/Lexical_descision","579","legacy","xpyriment","0.9467849223946785","n","548","0.96","hard","wratje","5","48654","0","922195","921714","NA","NA","0","938376","922180","1023992","1030314","1030295","0","1031044","0","922181","938349","NA","0","NA","0","0","936867","1031595","45528","NA","1030294","LexicalDecision"
"No","493","1","4","LF","2","1","1","n","C:/Users/hulsm/Documents/School/Methods_CCS/Lexical_descision","478","legacy","xpyriment","0.9469026548672567","n","493","0.96","hard","vlaaien","5","48654","0","922195","921714","NA","NA","0","938376","922180","1023992","1032172","1032153","0","1032799","0","922181","938349","NA","0","NA","0","0","936867","1033295","45528","NA","1032152","LexicalDecision"
"No","473","1","4","HF","1","1","1","n","C:/Users/hulsm/Documents/School/Methods_CCS/Lexical_descision","556","legacy","xpyriment","0.9470198675496688","n","473","0.96","easy","draait","5","48654","0","922195","921714","NA","NA","0","938376","922180","1023992","1033874","1033855","0","1034581","0","922181","938349","NA","0","NA","0","0","936867","1035057","45528","NA","1033854","LexicalDecision"
"No","524","1","4","LF","2","1","1","n","C:/Users/hulsm/Documents/School/Methods_CCS/Lexical_descision","465","legacy","xpyriment","0.947136563876652","n","524","0.96","hard","balies","5","48654","0","922195","921714","NA","NA","0","938376","922180","1023992","1035631","1035609","0","1036244","0","922181","938349","NA","0","NA","0","0","936867","1036771","45528","NA","1035608","LexicalDecision"
"No","496","1","4","Random","4","1","1","m","C:/Users/hulsm/Documents/School/Methods_CCS/Lexical_descision","582","legacy","xpyriment","0.9472527472527472","m","496","0.96","easy","iertmje","5","48654","0","922195","921714","NA","NA","0","938376","922180","1023992","1037362","1037342","0","1038097","0","922181","938349","NA","0","NA","0","0","936867","1038595","45528","NA","1037341","LexicalDecision"
"No","644","1","4","Pseudo","3","1","1","m","C:/Users/hulsm/Documents/School/Methods_CCS/Lexical_descision","540","legacy","xpyriment","0.9473684210526315","m","644","0.96","hard","ergels","5","48654","0","922195","921714","NA","NA","0","938376","922180","1023992","1039191","1039173","0","1039881","0","922181","938349","NA","0","NA","0","0","936867","1040527","45528","NA","1039172","LexicalDecision"
"No","546","1","4","HF","1","1","1","n","C:/Users/hulsm/Documents/School/Methods_CCS/Lexical_descision","595","legacy","xpyriment","0.9474835886214442","n","546","0.96","easy","diensten","5","48654","0","922195","921714","NA","NA","0","938376","922180","1023992","1041104","1041082","0","1041856","0","922181","938349","NA","0","NA","0","0","936867","1042404","45528","NA","1041081","LexicalDecision"
"No","534","1","4","Pseudo","3","1","1","m","C:/Users/hulsm/Documents/School/Methods_CCS/Lexical_descision","468","legacy","xpyriment","0.9475982532751092","m","534","0.96","hard","fienst","5","48654","0","922195","921714","NA","NA","0","938376","922180","1023992","1042988","1042969","0","1043605","0","922181","938349","NA","0","NA","0","0","936867","1044142","45528","NA","1042968","LexicalDecision"
"No","643","1","4","LF","2","1","1","n","C:/Users/hulsm/Documents/School/Methods_CCS/Lexical_descision","532","legacy","xpyriment","0.9477124183006536","n","643","0.96","hard","vlaai","5","48654","0","922195","921714","NA","NA","0","938376","922180","1023992","1044720","1044700","0","1045402","0","922181","938349","NA","0","NA","0","0","936867","1046047","45528","NA","1044699","LexicalDecision"
"No","514","1","4","Pseudo","3","1","1","m","C:/Users/hulsm/Documents/School/Methods_CCS/Lexical_descision","486","legacy","xpyriment","0.9478260869565217","m","514","0.96","hard","pavroot","5","48654","0","922195","921714","NA","NA","0","938376","922180","1023992","1046623","1046602","0","1047269","0","922181","938349","NA","0","NA","0","0","936867","1047786","45528","NA","1046601","LexicalDecision"
"No","546","1","4","Pseudo","3","1","1","m","C:/Users/hulsm/Documents/School/Methods_CCS/Lexical_descision","541","legacy","xpyriment","0.9479392624728851","m","546","0.96","hard","focht","5","48654","0","922195","921714","NA","NA","0","938376","922180","1023992","1048431","1048412","0","1049123","0","922181","938349","NA","0","NA","0","0","936867","1049673","45528","NA","1048410","LexicalDecision"
"No","541","1","4","LF","2","1","1","n","C:/Users/hulsm/Documents/School/Methods_CCS/Lexical_descision","475","legacy","xpyriment","0.948051948051948","n","541","0.96","hard","zombie","5","48654","0","922195","921714","NA","NA","0","938376","922180","1023992","1050255","1050235","0","1050883","0","922181","938349","NA","0","NA","0","0","936867","1051428","45528","NA","1050235","LexicalDecision"
"No","617","1","4","LF","2","1","1","n","C:/Users/hulsm/Documents/School/Methods_CCS/Lexical_descision","459","legacy","xpyriment","0.9481641468682506","n","617","0.96","hard","poortjes","5","48654","0","922195","921714","NA","NA","0","938376","922180","1023992","1052050","1052029","0","1052658","0","922181","938349","NA","0","NA","0","0","936867","1053279","45528","NA","1052028","LexicalDecision"
"No","431","1","4","Random","4","1","1","m","C:/Users/hulsm/Documents/School/Methods_CCS/Lexical_descision","571","legacy","xpyriment","0.9482758620689655","m","431","0.96","easy","idnseelz","5","48654","0","922195","921714","NA","NA","0","938376","922180","1023992","1053867","1053849","0","1054593","0","922181","938349","NA","0","NA","0","0","936867","1055027","45528","NA","1053847","LexicalDecision"
"No","571","1","4","LF","2","1","1","n","C:/Users/hulsm/Documents/School/Methods_CCS/Lexical_descision","460","legacy","xpyriment","0.9483870967741935","n","571","0.96","hard","motto's","5","48654","0","922195","921714","NA","NA","0","938376","922180","1023992","1055634","1055615","0","1056247","0","922181","938349","NA","0","NA","0","0","936867","1056821","45528","NA","1055613","LexicalDecision"
"No","582","1","4","LF","2","1","1","n","C:/Users/hulsm/Documents/School/Methods_CCS/Lexical_descision","419","legacy","xpyriment","0.9484978540772532","n","582","0.96","hard","tango's","5","48654","0","922195","921714","NA","NA","0","938376","922180","1023992","1057402","1057381","0","1057971","0","922181","938349","NA","0","NA","0","0","936867","1058557","45528","NA","1057379","LexicalDecision"
"No","510","1","4","HF","1","1","1","n","C:/Users/hulsm/Documents/School/Methods_CCS/Lexical_descision","499","legacy","xpyriment","0.9486081370449678","n","510","0.96","easy","tweede","5","48654","0","922195","921714","NA","NA","0","938376","922180","1023992","1059128","1059109","0","1059786","0","922181","938349","NA","0","NA","0","0","936867","1060298","45528","NA","1059108","LexicalDecision"
"No","669","1","4","Pseudo","3","1","1","m","C:/Users/hulsm/Documents/School/Methods_CCS/Lexical_descision","441","legacy","xpyriment","0.9487179487179487","m","669","0.96","hard","brepen","5","48654","0","922195","921714","NA","NA","0","938376","922180","1023992","1060899","1060879","0","1061494","0","922181","938349","NA","0","NA","0","0","936867","1062167","45528","NA","1060879","LexicalDecision"
"No","1034","1","4","Pseudo","3","1","1","m","C:/Users/hulsm/Documents/School/Methods_CCS/Lexical_descision","413","legacy","xpyriment","0.9488272921108742","m","1034","0.96","hard","keinen","5","48654","0","922195","921714","NA","NA","0","938376","922180","1023992","1062763","1062741","0","1063329","0","922181","938349","NA","0","NA","0","0","936867","1064366","45528","NA","1062740","LexicalDecision"
"No","497","1","4","Pseudo","3","1","1","m","C:/Users/hulsm/Documents/School/Methods_CCS/Lexical_descision","430","legacy","xpyriment","0.948936170212766","m","497","0.96","hard","zwee","5","48654","0","922195","921714","NA","NA","0","938376","922180","1023992","1064955","1064936","0","1065543","0","922181","938349","NA","0","NA","0","0","936867","1066043","45528","NA","1064935","LexicalDecision"
"No","510","1","4","Pseudo","3","1","1","m","C:/Users/hulsm/Documents/School/Methods_CCS/Lexical_descision","500","legacy","xpyriment","0.9490445859872612","m","510","0.96","hard","gezort","5","48654","0","922195","921714","NA","NA","0","938376","922180","1023992","1066630","1066610","0","1067280","0","922181","938349","NA","0","NA","0","0","936867","1067794","45528","NA","1066610","LexicalDecision"
"No","606","1","4","LF","2","1","1","n","C:/Users/hulsm/Documents/School/Methods_CCS/Lexical_descision","559","legacy","xpyriment","0.9491525423728814","n","606","0.96","hard","buizerd","5","48654","0","922195","921714","NA","NA","0","938376","922180","1023992","1068379","1068358","0","1069087","0","922181","938349","NA","0","NA","0","0","936867","1069696","45528","NA","1068357","LexicalDecision"
"No","673","1","4","LF","2","1","1","n","C:/Users/hulsm/Documents/School/Methods_CCS/Lexical_descision","436","legacy","xpyriment","0.9492600422832981","n","673","0.96","hard","likjes","5","48654","0","922195","921714","NA","NA","0","938376","922180","1023992","1070273","1070252","0","1070856","0","922181","938349","NA","0","NA","0","0","936867","1071533","45528","NA","1070251","LexicalDecision"
"No","739","1","4","Pseudo","3","1","1","m","C:/Users/hulsm/Documents/School/Methods_CCS/Lexical_descision","560","legacy","xpyriment","0.9493670886075949","m","739","0.96","hard","noeit","5","48654","0","922195","921714","NA","NA","0","938376","922180","1023992","1072156","1072137","0","1072869","0","922181","938349","NA","0","NA","0","0","936867","1073611","45528","NA","1072136","LexicalDecision"
"No","428","0","4","LF","2","0","0","n","C:/Users/hulsm/Documents/School/Methods_CCS/Lexical_descision","534","legacy","xpyriment","0.9473684210526315","m","428","0.96","hard","steekjes","5","48654","0","922195","921714","NA","NA","0","938376","922180","1075505","1074225","1074204","0","1074919","0","922181","938349","NA","0","NA","0","0","936867","1075349","45528","NA","1074204","LexicalDecision"
"No","490","1","4","LF","2","1","1","n","C:/Users/hulsm/Documents/School/Methods_CCS/Lexical_descision","488","legacy","xpyriment","0.9474789915966386","n","490","0.96","hard","dakpan","5","48654","0","922195","921714","NA","NA","0","938376","922180","1075505","1078086","1078062","0","1078723","0","922181","938349","NA","0","NA","0","0","936867","1079216","45528","NA","1078062","LexicalDecision"
"No","538","1","4","Pseudo","3","1","1","m","C:/Users/hulsm/Documents/School/Methods_CCS/Lexical_descision","483","legacy","xpyriment","0.9475890985324947","m","538","0.96","hard","gede","5","48654","0","922195","921714","NA","NA","0","938376","922180","1075505","1079813","1079795","0","1080446","0","922181","938349","NA","0","NA","0","0","936867","1080987","45528","NA","1079794","LexicalDecision"
"No","593","1","4","LF","2","1","1","n","C:/Users/hulsm/Documents/School/Methods_CCS/Lexical_descision","423","legacy","xpyriment","0.9476987447698745","n","593","0.96","hard","buggy","5","48654","0","922195","921714","NA","NA","0","938376","922180","1075505","1081558","1081539","0","1082138","0","922181","938349","NA","0","NA","0","0","936867","1082733","45528","NA","1081538","LexicalDecision"
"No","519","1","4","Pseudo","3","1","1","m","C:/Users/hulsm/Documents/School/Methods_CCS/Lexical_descision","537","legacy","xpyriment","0.9478079331941545","m","519","0.96","hard","schebe","5","48654","0","922195","921714","NA","NA","0","938376","922180","1075505","1083327","1083306","0","1084011","0","922181","938349","NA","0","NA","0","0","936867","1084533","45528","NA","1083305","LexicalDecision"
"No","508","1","4","Pseudo","3","1","1","m","C:/Users/hulsm/Documents/School/Methods_CCS/Lexical_descision","565","legacy","xpyriment","0.9479166666666666","m","508","0.96","hard","tangzaar","5","48654","0","922195","921714","NA","NA","0","938376","922180","1075505","1085110","1085091","0","1085825","0","922181","938349","NA","0","NA","0","0","936867","1086336","45528","NA","1085090","LexicalDecision"
"No","675","1","4","LF","2","1","1","n","C:/Users/hulsm/Documents/School/Methods_CCS/Lexical_descision","523","legacy","xpyriment","0.9480249480249481","n","675","0.96","hard","beertjes","5","48654","0","922195","921714","NA","NA","0","938376","922180","1075505","1086910","1086892","0","1087581","0","922181","938349","NA","0","NA","0","0","936867","1088258","45528","NA","1086891","LexicalDecision"
"No","479","1","4","Pseudo","3","1","1","m","C:/Users/hulsm/Documents/School/Methods_CCS/Lexical_descision","462","legacy","xpyriment","0.9481327800829875","m","479","0.96","hard","gelzen","5","48654","0","922195","921714","NA","NA","0","938376","922180","1075505","1088853","1088833","0","1089464","0","922181","938349","NA","0","NA","0","0","936867","1089946","45528","NA","1088832","LexicalDecision"
"No","471","1","4","Pseudo","3","1","1","m","C:/Users/hulsm/Documents/School/Methods_CCS/Lexical_descision","432","legacy","xpyriment","0.94824016563147","m","471","0.96","hard","serste","5","48654","0","922195","921714","NA","NA","0","938376","922180","1075505","1090536","1090517","0","1091116","0","922181","938349","NA","0","NA","0","0","936867","1091590","45528","NA","1090516","LexicalDecision"
"No","625","1","4","LF","2","1","1","n","C:/Users/hulsm/Documents/School/Methods_CCS/Lexical_descision","505","legacy","xpyriment","0.9483471074380165","n","625","0.96","hard","ventjes","5","48654","0","922195","921714","NA","NA","0","938376","922180","1075505","1092186","1092165","0","1092846","0","922181","938349","NA","0","NA","0","0","936867","1093474","45528","NA","1092163","LexicalDecision"
"No","1135","1","4","Pseudo","3","1","1","m","C:/Users/hulsm/Documents/School/Methods_CCS/Lexical_descision","551","legacy","xpyriment","0.9484536082474226","m","1135","0.96","hard","gerul","5","48654","0","922195","921714","NA","NA","0","938376","922180","1075505","1094052","1094032","0","1094760","0","922181","938349","NA","0","NA","0","0","936867","1095898","45528","NA","1094031","LexicalDecision"
"No","856","1","4","LF","2","1","1","n","C:/Users/hulsm/Documents/School/Methods_CCS/Lexical_descision","405","legacy","xpyriment","0.948559670781893","n","856","0.96","hard","leegten","5","48654","0","922195","921714","NA","NA","0","938376","922180","1075505","1096488","1096468","0","1097045","0","922181","938349","NA","0","NA","0","0","936867","1097904","45528","NA","1096467","LexicalDecision"
"No","585","1","4","LF","2","1","1","n","C:/Users/hulsm/Documents/School/Methods_CCS/Lexical_descision","513","legacy","xpyriment","0.9486652977412731","n","585","0.96","hard","boksers","5","48654","0","922195","921714","NA","NA","0","938376","922180","1075505","1098492","1098473","0","1099158","0","922181","938349","NA","0","NA","0","0","936867","1099746","45528","NA","1098471","LexicalDecision"
"No","495","1","4","LF","2","1","1","n","C:/Users/hulsm/Documents/School/Methods_CCS/Lexical_descision","507","legacy","xpyriment","0.9487704918032787","n","495","0.96","hard","slotje","5","48654","0","922195","921714","NA","NA","0","938376","922180","1075505","1100326","1100307","0","1101006","0","922181","938349","NA","0","NA","0","0","936867","1101504","45528","NA","1100306","LexicalDecision"
"No","638","1","4","Pseudo","3","1","1","m","C:/Users/hulsm/Documents/School/Methods_CCS/Lexical_descision","484","legacy","xpyriment","0.9488752556237219","m","638","0.96","hard","ontblam","5","48654","0","922195","921714","NA","NA","0","938376","922180","1075505","1102128","1102107","0","1102759","0","922181","938349","NA","0","NA","0","0","936867","1103401","45528","NA","1102107","LexicalDecision"
"No","725","1","4","LF","2","1","1","n","C:/Users/hulsm/Documents/School/Methods_CCS/Lexical_descision","451","legacy","xpyriment","0.9489795918367347","n","725","0.96","hard","gleufje","5","48654","0","922195","921714","NA","NA","0","938376","922180","1075505","1103972","1103952","0","1104580","0","922181","938349","NA","0","NA","0","0","936867","1105308","45528","NA","1103951","LexicalDecision"
"No","474","1","4","Random","4","1","1","m","C:/Users/hulsm/Documents/School/Methods_CCS/Lexical_descision","476","legacy","xpyriment","0.9490835030549898","m","474","0.96","easy","plepfir","5","48654","0","922195","921714","NA","NA","0","938376","922180","1075505","1105901","1105881","0","1106529","0","922181","938349","NA","0","NA","0","0","936867","1107006","45528","NA","1105881","LexicalDecision"
"No","428","1","4","LF","2","1","1","n","C:/Users/hulsm/Documents/School/Methods_CCS/Lexical_descision","547","legacy","xpyriment","0.9491869918699187","n","428","0.96","hard","stages","5","48654","0","922195","921714","NA","NA","0","938376","922180","1075505","1107602","1107581","0","1108298","0","922181","938349","NA","0","NA","0","0","936867","1108729","45528","NA","1107580","LexicalDecision"
"No","585","1","4","Pseudo","3","1","1","m","C:/Users/hulsm/Documents/School/Methods_CCS/Lexical_descision","407","legacy","xpyriment","0.949290060851927","m","585","0.96","hard","bewoeld","5","48654","0","922195","921714","NA","NA","0","938376","922180","1075505","1109312","1109291","0","1109871","0","922181","938349","NA","0","NA","0","0","936867","1110460","45528","NA","1109290","LexicalDecision"
"No","506","1","4","Pseudo","3","1","1","m","C:/Users/hulsm/Documents/School/Methods_CCS/Lexical_descision","442","legacy","xpyriment","0.9493927125506073","m","506","0.96","hard","zief","5","48654","0","922195","921714","NA","NA","0","938376","922180","1075505","1111066","1111046","0","1111656","0","922181","938349","NA","0","NA","0","0","936867","1112164","45528","NA","1111045","LexicalDecision"
"No","532","1","4","Pseudo","3","1","1","m","C:/Users/hulsm/Documents/School/Methods_CCS/Lexical_descision","425","legacy","xpyriment","0.9494949494949495","m","532","0.96","hard","sonds","5","48654","0","922195","921714","NA","NA","0","938376","922180","1075505","1112761","1112739","0","1113345","0","922181","938349","NA","0","NA","0","0","936867","1113880","45528","NA","1112738","LexicalDecision"
"No","528","1","4","HF","1","1","1","n","C:/Users/hulsm/Documents/School/Methods_CCS/Lexical_descision","548","legacy","xpyriment","0.9495967741935484","n","528","0.96","easy","slechte","5","48654","0","922195","921714","NA","NA","0","938376","922180","1075505","1114468","1114448","0","1115161","0","922181","938349","NA","0","NA","0","0","936867","1115692","45528","NA","1114447","LexicalDecision"
"No","466","0","4","LF","2","0","0","n","C:/Users/hulsm/Documents/School/Methods_CCS/Lexical_descision","490","legacy","xpyriment","0.9476861167002012","m","466","0.96","hard","zangen","5","48654","0","922195","921714","NA","NA","0","938376","922180","1117569","1116305","1116286","0","1116945","0","922181","938349","NA","0","NA","0","0","936867","1117414","45528","NA","1116284","LexicalDecision"
"No","566","1","4","LF","2","1","1","n","C:/Users/hulsm/Documents/School/Methods_CCS/Lexical_descision","441","legacy","xpyriment","0.9477911646586346","n","566","0.96","hard","cartoons","5","48654","0","922195","921714","NA","NA","0","938376","922180","1117569","1120155","1120133","0","1120755","0","922181","938349","NA","0","NA","0","0","936867","1121324","45528","NA","1120133","LexicalDecision"
"No","510","1","4","Pseudo","3","1","1","m","C:/Users/hulsm/Documents/School/Methods_CCS/Lexical_descision","504","legacy","xpyriment","0.9478957915831663","m","510","0.96","hard","beuden","5","48654","0","922195","921714","NA","NA","0","938376","922180","1117569","1121912","1121892","0","1122563","0","922181","938349","NA","0","NA","0","0","936867","1123075","45528","NA","1121891","LexicalDecision"
"No","471","1","4","LF","2","1","1","n","C:/Users/hulsm/Documents/School/Methods_CCS/Lexical_descision","565","legacy","xpyriment","0.948","n","471","0.96","hard","intro","5","48654","0","922195","921714","NA","NA","0","938376","922180","1117569","1123654","1123634","0","1124372","0","922181","938349","NA","0","NA","0","0","936867","1124846","45528","NA","1123633","LexicalDecision"
"No","641","1","4","Pseudo","3","1","1","m","C:/Users/hulsm/Documents/School/Methods_CCS/Lexical_descision","502","legacy","xpyriment","0.9481037924151696","m","641","0.96","hard","klipt","5","48654","0","922195","921714","NA","NA","0","938376","922180","1117569","1125427","1125406","0","1126080","0","922181","938349","NA","0","NA","0","0","936867","1126724","45528","NA","1125405","LexicalDecision"
"No","407","0","4","LF","2","0","0","n","C:/Users/hulsm/Documents/School/Methods_CCS/Lexical_descision","564","legacy","xpyriment","0.9462151394422311","m","407","0.96","hard","pelzen","5","48654","0","922195","921714","NA","NA","0","938376","922180","1128619","1127341","1127321","0","1128061","0","922181","938349","NA","0","NA","0","0","936867","1128471","45528","NA","1127320","LexicalDecision"
"No","808","1","4","HF","1","1","1","n","C:/Users/hulsm/Documents/School/Methods_CCS/Lexical_descision","594","legacy","xpyriment","0.9463220675944334","n","808","0.96","easy","drie","5","48654","0","922195","921714","NA","NA","0","938376","922180","1128619","1131230","1131208","0","1131967","0","922181","938349","NA","0","NA","0","0","936867","1132778","45528","NA","1131208","LexicalDecision"
"No","507","1","4","Pseudo","3","1","1","m","C:/Users/hulsm/Documents/School/Methods_CCS/Lexical_descision","538","legacy","xpyriment","0.9464285714285714","m","507","0.96","hard","nechzelf","5","48654","0","922195","921714","NA","NA","0","938376","922180","1128619","1133359","1133340","0","1134049","0","922181","938349","NA","0","NA","0","0","936867","1134559","45528","NA","1133339","LexicalDecision"
"No","530","1","4","Random","4","1","1","m","C:/Users/hulsm/Documents/School/Methods_CCS/Lexical_descision","446","legacy","xpyriment","0.9465346534653465","m","530","0.96","easy","keotj","5","48654","0","922195","921714","NA","NA","0","938376","922180","1128619","1135141","1135120","0","1135739","0","922181","938349","NA","0","NA","0","0","936867","1136272","45528","NA","1135120","LexicalDecision"
"No","590","1","4","LF","2","1","1","n","C:/Users/hulsm/Documents/School/Methods_CCS/Lexical_descision","591","legacy","xpyriment","0.9466403162055336","n","590","0.96","hard","koer","5","48654","0","922195","921714","NA","NA","0","938376","922180","1128619","1136891","1136871","0","1137640","0","922181","938349","NA","0","NA","0","0","936867","1138235","45528","NA","1136871","LexicalDecision"
"No","444","1","4","HF","1","1","1","n","C:/Users/hulsm/Documents/School/Methods_CCS/Lexical_descision","441","legacy","xpyriment","0.9467455621301775","n","444","0.96","easy","daarbij","5","48654","0","922195","921714","NA","NA","0","938376","922180","1128619","1138820","1138797","0","1139415","0","922181","938349","NA","0","NA","0","0","936867","1139862","45528","NA","1138797","LexicalDecision"
"No","448","1","4","Pseudo","3","1","1","m","C:/Users/hulsm/Documents/School/Methods_CCS/Lexical_descision","516","legacy","xpyriment","0.9468503937007874","m","448","0.96","hard","tieden","5","48654","0","922195","921714","NA","NA","0","938376","922180","1128619","1140482","1140461","0","1141145","0","922181","938349","NA","0","NA","0","0","936867","1141595","45528","NA","1140460","LexicalDecision"
"No","593","1","4","LF","2","1","1","n","C:/Users/hulsm/Documents/School/Methods_CCS/Lexical_descision","478","legacy","xpyriment","0.9469548133595285","n","593","0.96","hard","sorbet","5","48654","0","922195","921714","NA","NA","0","938376","922180","1128619","1142171","1142151","0","1142797","0","922181","938349","NA","0","NA","0","0","936867","1143393","45528","NA","1142150","LexicalDecision"
"No","1247","1","4","Pseudo","3","1","1","m","C:/Users/hulsm/Documents/School/Methods_CCS/Lexical_descision","544","legacy","xpyriment","0.9470588235294117","m","1247","0.96","hard","gedrult","5","48654","0","922195","921714","NA","NA","0","938376","922180","1128619","1143959","1143940","0","1144654","0","922181","938349","NA","0","NA","0","0","936867","1145904","45528","NA","1143939","LexicalDecision"
"No","991","1","4","HF","1","1","1","n","C:/Users/hulsm/Documents/School/Methods_CCS/Lexical_descision","415","legacy","xpyriment","0.9471624266144814","n","991","0.96","easy","gaan","5","48654","0","922195","921714","NA","NA","0","938376","922180","1128619","1146476","1146456","0","1147046","0","922181","938349","NA","0","NA","0","0","936867","1148040","45528","NA","1146455","LexicalDecision"
"No","796","1","4","Pseudo","3","1","1","m","C:/Users/hulsm/Documents/School/Methods_CCS/Lexical_descision","463","legacy","xpyriment","0.947265625","m","796","0.96","hard","proeien","5","48654","0","922195","921714","NA","NA","0","938376","922180","1128619","1148637","1148616","0","1149251","0","922181","938349","NA","0","NA","0","0","936867","1150050","45528","NA","1148614","LexicalDecision"
"No","583","1","4","Random","4","1","1","m","C:/Users/hulsm/Documents/School/Methods_CCS/Lexical_descision","458","legacy","xpyriment","0.9473684210526315","m","583","0.96","easy","hlnseuc","5","48654","0","922195","921714","NA","NA","0","938376","922180","1128619","1150637","1150616","0","1151247","0","922181","938349","NA","0","NA","0","0","936867","1151833","45528","NA","1150615","LexicalDecision"
"No","494","0","4","LF","2","0","0","n","C:/Users/hulsm/Documents/School/Methods_CCS/Lexical_descision","475","legacy","xpyriment","0.9455252918287937","m","494","0.96","hard","rukwind","5","48654","0","922195","921714","NA","NA","0","938376","922180","1153730","1152441","1152421","0","1153072","0","922181","938349","NA","0","NA","0","0","936867","1153570","45528","NA","1152421","LexicalDecision"
"No","519","1","4","Pseudo","3","1","1","m","C:/Users/hulsm/Documents/School/Methods_CCS/Lexical_descision","431","legacy","xpyriment","0.945631067961165","m","519","0.96","hard","tandag","5","48654","0","922195","921714","NA","NA","0","938376","922180","1153730","1156344","1156323","0","1156937","0","922181","938349","NA","0","NA","0","0","936867","1157459","45528","NA","1156323","LexicalDecision"
"No","468","1","4","Pseudo","3","1","1","m","C:/Users/hulsm/Documents/School/Methods_CCS/Lexical_descision","400","legacy","xpyriment","0.9457364341085271","m","468","0.96","hard","brechtig","5","48654","0","922195","921714","NA","NA","0","938376","922180","1153730","1158046","1158026","0","1158604","0","922181","938349","NA","0","NA","0","0","936867","1159075","45528","NA","1158025","LexicalDecision"
"No","543","1","4","LF","2","1","1","n","C:/Users/hulsm/Documents/School/Methods_CCS/Lexical_descision","457","legacy","xpyriment","0.9458413926499033","n","543","0.96","hard","vlaktes","5","48654","0","922195","921714","NA","NA","0","938376","922180","1153730","1159683","1159662","0","1160290","0","922181","938349","NA","0","NA","0","0","936867","1160836","45528","NA","1159661","LexicalDecision"
"No","424","1","4","LF","2","1","1","n","C:/Users/hulsm/Documents/School/Methods_CCS/Lexical_descision","437","legacy","xpyriment","0.9459459459459459","n","424","0.96","hard","watjes","5","48654","0","922195","921714","NA","NA","0","938376","922180","1153730","1161460","1161439","0","1162041","0","922181","938349","NA","0","NA","0","0","936867","1162469","45528","NA","1161438","LexicalDecision"
"No","442","1","4","Pseudo","3","1","1","m","C:/Users/hulsm/Documents/School/Methods_CCS/Lexical_descision","495","legacy","xpyriment","0.9460500963391136","m","442","0.96","hard","nisten","5","48654","0","922195","921714","NA","NA","0","938376","922180","1153730","1163071","1163051","0","1163719","0","922181","938349","NA","0","NA","0","0","936867","1164164","45528","NA","1163050","LexicalDecision"
"No","558","1","4","Pseudo","3","1","1","m","C:/Users/hulsm/Documents/School/Methods_CCS/Lexical_descision","449","legacy","xpyriment","0.9461538461538461","m","558","0.96","hard","ming","5","48654","0","922195","921714","NA","NA","0","938376","922180","1153730","1164744","1164724","0","1165344","0","922181","938349","NA","0","NA","0","0","936867","1165904","45528","NA","1164724","LexicalDecision"
"No","486","1","4","LF","2","1","1","n","C:/Users/hulsm/Documents/School/Methods_CCS/Lexical_descision","524","legacy","xpyriment","0.946257197696737","n","486","0.96","hard","levers","5","48654","0","922195","921714","NA","NA","0","938376","922180","1153730","1166527","1166508","0","1167195","0","922181","938349","NA","0","NA","0","0","936867","1167684","45528","NA","1166507","LexicalDecision"
"No","534","1","4","Pseudo","3","1","1","m","C:/Users/hulsm/Documents/School/Methods_CCS/Lexical_descision","456","legacy","xpyriment","0.946360153256705","m","534","0.96","hard","eeldig","5","48654","0","922195","921714","NA","NA","0","938376","922180","1153730","1168250","1168232","0","1168864","0","922181","938349","NA","0","NA","0","0","936867","1169402","45528","NA","1168232","LexicalDecision"
"No","617","1","4","LF","2","1","1","n","C:/Users/hulsm/Documents/School/Methods_CCS/Lexical_descision","522","legacy","xpyriment","0.9464627151051626","n","617","0.96","hard","labels","5","48654","0","922195","921714","NA","NA","0","938376","922180","1153730","1169978","1169959","0","1170654","0","922181","938349","NA","0","NA","0","0","936867","1171274","45528","NA","1169957","LexicalDecision"
"No","666","1","4","Pseudo","3","1","1","m","C:/Users/hulsm/Documents/School/Methods_CCS/Lexical_descision","453","legacy","xpyriment","0.9465648854961832","m","666","0.96","hard","roord","5","48654","0","922195","921714","NA","NA","0","938376","922180","1153730","1171857","1171837","0","1172462","0","922181","938349","NA","0","NA","0","0","936867","1173132","45528","NA","1171836","LexicalDecision"
"No","663","0","4","Pseudo","3","0","0","m","C:/Users/hulsm/Documents/School/Methods_CCS/Lexical_descision","587","legacy","xpyriment","0.9447619047619048","n","663","0.96","hard","meeten","5","48654","0","922195","921714","NA","NA","0","938376","922180","1175276","1173719","1173699","0","1174452","0","922181","938349","NA","0","NA","0","0","936867","1175118","45528","NA","1173699","LexicalDecision"
"No","612","1","4","Pseudo","3","1","1","m","C:/Users/hulsm/Documents/School/Methods_CCS/Lexical_descision","565","legacy","xpyriment","0.9448669201520913","m","612","0.96","hard","brang","5","48654","0","922195","921714","NA","NA","0","938376","922180","1175276","1177879","1177858","0","1178593","0","922181","938349","NA","0","NA","0","0","936867","1179208","45528","NA","1177858","LexicalDecision"
"No","489","1","4","Pseudo","3","1","1","m","C:/Users/hulsm/Documents/School/Methods_CCS/Lexical_descision","410","legacy","xpyriment","0.9449715370018975","m","489","0.96","hard","istief","5","48654","0","922195","921714","NA","NA","0","938376","922180","1175276","1179803","1179784","0","1180370","0","922181","938349","NA","0","NA","0","0","936867","1180862","45528","NA","1179783","LexicalDecision"
"No","466","1","4","Pseudo","3","1","1","m","C:/Users/hulsm/Documents/School/Methods_CCS/Lexical_descision","555","legacy","xpyriment","0.9450757575757576","m","466","0.96","hard","leel","5","48654","0","922195","921714","NA","NA","0","938376","922180","1175276","1181481","1181461","0","1182185","0","922181","938349","NA","0","NA","0","0","936867","1182656","45528","NA","1181460","LexicalDecision"
"No","454","1","4","Pseudo","3","1","1","m","C:/Users/hulsm/Documents/School/Methods_CCS/Lexical_descision","497","legacy","xpyriment","0.945179584120983","m","454","0.96","hard","geet","5","48654","0","922195","921714","NA","NA","0","938376","922180","1175276","1183233","1183214","0","1183882","0","922181","938349","NA","0","NA","0","0","936867","1184339","45528","NA","1183213","LexicalDecision"
"No","612","0","4","LF","2","0","0","n","C:/Users/hulsm/Documents/School/Methods_CCS/Lexical_descision","461","legacy","xpyriment","0.9433962264150944","m","612","0.96","hard","doopsels","5","48654","0","922195","921714","NA","NA","0","938376","922180","1186301","1184922","1184902","0","1185537","0","922181","938349","NA","0","NA","0","0","936867","1186153","45528","NA","1184902","LexicalDecision"
"No","425","1","4","Random","4","1","1","m","C:/Users/hulsm/Documents/School/Methods_CCS/Lexical_descision","503","legacy","xpyriment","0.943502824858757","m","425","0.96","easy","rvgeeti","5","48654","0","922195","921714","NA","NA","0","938376","922180","1186301","1188897","1188875","0","1189557","0","922181","938349","NA","0","NA","0","0","936867","1189986","45528","NA","1188875","LexicalDecision"
"No","562","1","4","LF","2","1","1","n","C:/Users/hulsm/Documents/School/Methods_CCS/Lexical_descision","411","legacy","xpyriment","0.943609022556391","n","562","0.96","hard","luikjes","5","48654","0","922195","921714","NA","NA","0","938376","922180","1186301","1190575","1190554","0","1191134","0","922181","938349","NA","0","NA","0","0","936867","1191698","45528","NA","1190553","LexicalDecision"
"No","506","1","4","Pseudo","3","1","1","m","C:/Users/hulsm/Documents/School/Methods_CCS/Lexical_descision","533","legacy","xpyriment","0.9437148217636022","m","506","0.96","hard","maap","5","48654","0","922195","921714","NA","NA","0","938376","922180","1186301","1192342","1192323","0","1193024","0","922181","938349","NA","0","NA","0","0","936867","1193533","45528","NA","1192322","LexicalDecision"
"No","771","1","4","LF","2","1","1","n","C:/Users/hulsm/Documents/School/Methods_CCS/Lexical_descision","504","legacy","xpyriment","0.9438202247191011","n","771","0.96","hard","hoofdzin","5","48654","0","922195","921714","NA","NA","0","938376","922180","1186301","1194113","1194094","0","1194769","0","922181","938349","NA","0","NA","0","0","936867","1195543","45528","NA","1194093","LexicalDecision"
"No","465","1","4","Pseudo","3","1","1","m","C:/Users/hulsm/Documents/School/Methods_CCS/Lexical_descision","565","legacy","xpyriment","0.9439252336448598","m","465","0.96","hard","kicht","5","48654","0","922195","921714","NA","NA","0","938376","922180","1186301","1196126","1196106","0","1196841","0","922181","938349","NA","0","NA","0","0","936867","1197310","45528","NA","1196105","LexicalDecision"
"No","541","1","4","Pseudo","3","1","1","m","C:/Users/hulsm/Documents/School/Methods_CCS/Lexical_descision","443","legacy","xpyriment","0.9440298507462687","m","541","0.96","hard","roveel","5","48654","0","922195","921714","NA","NA","0","938376","922180","1186301","1197916","1197895","0","1198515","0","922181","938349","NA","0","NA","0","0","936867","1199059","45528","NA","1197894","LexicalDecision"
"No","445","1","4","Pseudo","3","1","1","m","C:/Users/hulsm/Documents/School/Methods_CCS/Lexical_descision","405","legacy","xpyriment","0.9441340782122905","m","445","0.96","hard","fussen","5","48654","0","922195","921714","NA","NA","0","938376","922180","1186301","1199636","1199615","0","1200195","0","922181","938349","NA","0","NA","0","0","936867","1200643","45528","NA","1199614","LexicalDecision"
"No","487","1","4","LF","2","1","1","n","C:/Users/hulsm/Documents/School/Methods_CCS/Lexical_descision","541","legacy","xpyriment","0.9442379182156134","n","487","0.96","hard","kloofje","5","48654","0","922195","921714","NA","NA","0","938376","922180","1186301","1201260","1201239","0","1201946","0","922181","938349","NA","0","NA","0","0","936867","1202437","45528","NA","1201238","LexicalDecision"
"No","670","0","4","Pseudo","3","0","0","m","C:/Users/hulsm/Documents/School/Methods_CCS/Lexical_descision","476","legacy","xpyriment","0.9424860853432282","n","670","0.96","hard","bospen","5","48654","0","922195","921714","NA","NA","0","938376","922180","1204472","1203020","1202999","0","1203649","0","922181","938349","NA","0","NA","0","0","936867","1204322","45528","NA","1202999","LexicalDecision"
"No","508","1","4","LF","2","1","1","n","C:/Users/hulsm/Documents/School/Methods_CCS/Lexical_descision","478","legacy","xpyriment","0.9425925925925925","n","508","0.96","hard","berging","5","48654","0","922195","921714","NA","NA","0","938376","922180","1204472","1207073","1207052","0","1207698","0","922181","938349","NA","0","NA","0","0","936867","1208210","45528","NA","1207052","LexicalDecision"
