"Practice","RT","accuracy","block","cond","condition","correct","correct_keyboard_response","correct_response","experiment_path","fixation_dur","keyboard_backend","mouse_backend","overall_accuracy","response_keyboard_response","response_time_keyboard_response","running_accuracy","stim_type","stimulus","subject_nr","time_Experimental","time_Practice","time_block_start","time_end_of_block_trigger","time_end_of_experiment","time_end_of_practice_block_trigger","time_experiment","time_experimental_block","time_experimental_sequence","time_feedback","time_fixation","time_fixation_duration","time_generalpreps","time_keyboard_response","time_main_instructions","time_new_block","time_new_block_trigger","time_new_sketchpad","time_practice_block","time_practice_block_trigger","time_practice_sequence_1","time_practice_start","time_presstostart","time_response_trigger","time_stimulus","time_stimulus_trigger","time_trial_sequence","title"
"Yes","635","1","0","Random","4","1","1","m","C:/Users/hulsm/Documents/School/Methods_CCS/Lexical_descision","475","legacy","xpyriment","0.5","m","635","NA","NA","sgao't","4","NA","0","NA","NA","NA","NA","0","NA","NA","NA","0","0","0","48693","0","NA","NA","NA","0","NA","0","0","0","49329","48693","NA","0","LexicalDecision"
"Yes","2000","0","0","HF","1","0","0","n","C:/Users/hulsm/Documents/School/Methods_CCS/Lexical_descision","560","legacy","xpyriment","0.5","None","2000","NA","NA","melk","4","NA","0","NA","NA","NA","NA","0","NA","NA","52645","49917","49896","0","50482","0","NA","NA","NA","0","NA","0","0","0","52482","50482","NA","49895","LexicalDecision"
"Yes","713","1","0","Random","4","1","1","m","C:/Users/hulsm/Documents/School/Methods_CCS/Lexical_descision","572","legacy","xpyriment","0.5","m","713","NA","NA","snajaled","4","NA","0","NA","NA","NA","NA","0","NA","NA","52645","55230","55209","0","55806","0","NA","NA","NA","0","NA","0","0","0","56520","55805","NA","55209","LexicalDecision"
"Yes","423","1","0","HF","1","1","1","n","C:/Users/hulsm/Documents/School/Methods_CCS/Lexical_descision","588","legacy","xpyriment","0.5","n","423","NA","NA","welk","4","NA","0","NA","NA","NA","NA","0","NA","NA","52645","57109","57088","0","57702","0","NA","NA","NA","0","NA","0","0","0","58126","57702","NA","57087","LexicalDecision"
"Yes","457","1","0","Pseudo","3","1","1","m","C:/Users/hulsm/Documents/School/Methods_CCS/Lexical_descision","450","legacy","xpyriment","0.5","m","457","NA","NA","sota","4","NA","0","NA","NA","NA","NA","0","NA","NA","52645","58712","58692","0","59166","0","NA","NA","NA","0","NA","0","0","0","59624","59166","NA","58691","LexicalDecision"
"Yes","425","1","0","LF","2","1","1","n","C:/Users/hulsm/Documents/School/Methods_CCS/Lexical_descision","569","legacy","xpyriment","0.5","n","425","NA","NA","games","4","NA","0","NA","NA","NA","NA","0","NA","NA","52645","60181","60165","0","60754","0","NA","NA","NA","0","NA","0","0","0","61180","60754","NA","60165","LexicalDecision"
"Yes","545","0","0","Pseudo","3","0","0","m","C:/Users/hulsm/Documents/School/Methods_CCS/Lexical_descision","492","legacy","xpyriment","0.5","n","545","NA","NA","beploot","4","NA","0","NA","NA","NA","NA","0","NA","NA","62992","61802","61779","0","62299","0","NA","NA","NA","0","NA","0","0","0","62845","62299","NA","61778","LexicalDecision"
"Yes","546","1","0","LF","2","1","1","n","C:/Users/hulsm/Documents/School/Methods_CCS/Lexical_descision","466","legacy","xpyriment","0.5","n","546","NA","NA","gala","4","NA","0","NA","NA","NA","NA","0","NA","NA","62992","65568","65548","0","66039","0","NA","NA","NA","0","NA","0","0","0","66586","66039","NA","65547","LexicalDecision"
"No","886","1","1","Pseudo","3","1","1","m","C:/Users/hulsm/Documents/School/Methods_CCS/Lexical_descision","508","legacy","xpyriment","1.0","m","886","1.0","hard","verdoord","4","77683","0","78034","NA","NA","NA","0","90186","78018","62992","90615","90593","0","91271","0","78018","90161","NA","0","NA","0","0","89006","92157","66039","NA","90592","LexicalDecision"
"No","649","1","1","LF","2","1","1","n","C:/Users/hulsm/Documents/School/Methods_CCS/Lexical_descision","412","legacy","xpyriment","1.0","n","649","1.0","hard","delta's","4","77683","0","78034","NA","NA","NA","0","90186","78018","62992","92742","92722","0","93311","0","78018","90161","NA","0","NA","0","0","89006","93961","66039","NA","92721","LexicalDecision"
"No","1045","1","1","LF","2","1","1","n","C:/Users/hulsm/Documents/School/Methods_CCS/Lexical_descision","552","legacy","xpyriment","1.0","n","1045","1.0","hard","muskiet","4","77683","0","78034","NA","NA","NA","0","90186","78018","62992","94567","94545","0","95266","0","78018","90161","NA","0","NA","0","0","89006","96313","66039","NA","94545","LexicalDecision"
"No","830","1","1","Pseudo","3","1","1","m","C:/Users/hulsm/Documents/School/Methods_CCS/Lexical_descision","423","legacy","xpyriment","1.0","m","830","1.0","hard","verwucht","4","77683","0","78034","NA","NA","NA","0","90186","78018","62992","96897","96878","0","97478","0","78018","90161","NA","0","NA","0","0","89006","98309","66039","NA","96877","LexicalDecision"
"No","1231","1","1","Pseudo","3","1","1","m","C:/Users/hulsm/Documents/School/Methods_CCS/Lexical_descision","534","legacy","xpyriment","1.0","m","1231","1.0","hard","bereekt","4","77683","0","78034","NA","NA","NA","0","90186","78018","62992","98909","98889","0","99603","0","78018","90161","NA","0","NA","0","0","89006","100835","66039","NA","98889","LexicalDecision"
"No","597","1","1","LF","2","1","1","n","C:/Users/hulsm/Documents/School/Methods_CCS/Lexical_descision","553","legacy","xpyriment","1.0","n","597","1.0","hard","slipper","4","77683","0","78034","NA","NA","NA","0","90186","78018","62992","101413","101393","0","102120","0","78018","90161","NA","0","NA","0","0","89006","102718","66039","NA","101392","LexicalDecision"
"No","566","1","1","LF","2","1","1","n","C:/Users/hulsm/Documents/School/Methods_CCS/Lexical_descision","531","legacy","xpyriment","1.0","n","566","1.0","hard","hoorntje","4","77683","0","78034","NA","NA","NA","0","90186","78018","62992","103310","103291","0","103992","0","78018","90161","NA","0","NA","0","0","89006","104560","66039","NA","103290","LexicalDecision"
"No","485","1","1","LF","2","1","1","n","C:/Users/hulsm/Documents/School/Methods_CCS/Lexical_descision","487","legacy","xpyriment","1.0","n","485","1.0","hard","bosbes","4","77683","0","78034","NA","NA","NA","0","90186","78018","62992","105132","105113","0","105790","0","78018","90161","NA","0","NA","0","0","89006","106276","66039","NA","105112","LexicalDecision"
"No","651","1","1","Pseudo","3","1","1","m","C:/Users/hulsm/Documents/School/Methods_CCS/Lexical_descision","431","legacy","xpyriment","1.0","m","651","1.0","hard","tahi","4","77683","0","78034","NA","NA","NA","0","90186","78018","62992","106865","106843","0","107449","0","78018","90161","NA","0","NA","0","0","89006","108101","66039","NA","106842","LexicalDecision"
"No","529","1","1","Pseudo","3","1","1","m","C:/Users/hulsm/Documents/School/Methods_CCS/Lexical_descision","551","legacy","xpyriment","1.0","m","529","1.0","hard","podig","4","77683","0","78034","NA","NA","NA","0","90186","78018","62992","108687","108666","0","109387","0","78018","90161","NA","0","NA","0","0","89006","109917","66039","NA","108665","LexicalDecision"
"No","544","1","1","Pseudo","3","1","1","m","C:/Users/hulsm/Documents/School/Methods_CCS/Lexical_descision","430","legacy","xpyriment","1.0","m","544","1.0","hard","didden","4","77683","0","78034","NA","NA","NA","0","90186","78018","62992","110493","110472","0","111078","0","78018","90161","NA","0","NA","0","0","89006","111623","66039","NA","110471","LexicalDecision"
"No","943","1","1","LF","2","1","1","n","C:/Users/hulsm/Documents/School/Methods_CCS/Lexical_descision","588","legacy","xpyriment","1.0","n","943","1.0","hard","lentes","4","77683","0","78034","NA","NA","NA","0","90186","78018","62992","112210","112188","0","112944","0","78018","90161","NA","0","NA","0","0","89006","113888","66039","NA","112187","LexicalDecision"
"No","523","1","1","HF","1","1","1","n","C:/Users/hulsm/Documents/School/Methods_CCS/Lexical_descision","444","legacy","xpyriment","1.0","n","523","1.0","easy","mond","4","77683","0","78034","NA","NA","NA","0","90186","78018","62992","114459","114440","0","115059","0","78018","90161","NA","0","NA","0","0","89006","115583","66039","NA","114439","LexicalDecision"
"No","458","1","1","LF","2","1","1","n","C:/Users/hulsm/Documents/School/Methods_CCS/Lexical_descision","544","legacy","xpyriment","1.0","n","458","1.0","hard","klapjes","4","77683","0","78034","NA","NA","NA","0","90186","78018","62992","116079","116060","0","116778","0","78018","90161","NA","0","NA","0","0","89006","117237","66039","NA","116060","LexicalDecision"
"No","595","1","1","LF","2","1","1","n","C:/Users/hulsm/Documents/School/Methods_CCS/Lexical_descision","467","legacy","xpyriment","1.0","n","595","1.0","hard","spatje","4","77683","0","78034","NA","NA","NA","0","90186","78018","62992","117808","117792","0","118426","0","78018","90161","NA","0","NA","0","0","89006","119022","66039","NA","117791","LexicalDecision"
"No","489","1","1","LF","2","1","1","n","C:/Users/hulsm/Documents/School/Methods_CCS/Lexical_descision","549","legacy","xpyriment","1.0","n","489","1.0","hard","zwijntje","4","77683","0","78034","NA","NA","NA","0","90186","78018","62992","119604","119585","0","120312","0","78018","90161","NA","0","NA","0","0","89006","120802","66039","NA","119584","LexicalDecision"
"No","588","1","1","Pseudo","3","1","1","m","C:/Users/hulsm/Documents/School/Methods_CCS/Lexical_descision","590","legacy","xpyriment","1.0","m","588","1.0","hard","beisjes","4","77683","0","78034","NA","NA","NA","0","90186","78018","62992","121382","121362","0","122125","0","78018","90161","NA","0","NA","0","0","89006","122714","66039","NA","121362","LexicalDecision"
"No","573","1","1","Pseudo","3","1","1","m","C:/Users/hulsm/Documents/School/Methods_CCS/Lexical_descision","403","legacy","xpyriment","1.0","m","573","1.0","hard","asnact","4","77683","0","78034","NA","NA","NA","0","90186","78018","62992","123342","123321","0","123892","0","78018","90161","NA","0","NA","0","0","89006","124467","66039","NA","123321","LexicalDecision"
"No","690","1","1","LF","2","1","1","n","C:/Users/hulsm/Documents/School/Methods_CCS/Lexical_descision","484","legacy","xpyriment","1.0","n","690","1.0","hard","buizerd","4","77683","0","78034","NA","NA","NA","0","90186","78018","62992","125089","125069","0","125723","0","78018","90161","NA","0","NA","0","0","89006","126414","66039","NA","125069","LexicalDecision"
"No","569","1","1","LF","2","1","1","n","C:/Users/hulsm/Documents/School/Methods_CCS/Lexical_descision","478","legacy","xpyriment","1.0","n","569","1.0","hard","leegten","4","77683","0","78034","NA","NA","NA","0","90186","78018","62992","127039","127019","0","127670","0","78018","90161","NA","0","NA","0","0","89006","128240","66039","NA","127018","LexicalDecision"
"No","481","1","1","LF","2","1","1","n","C:/Users/hulsm/Documents/School/Methods_CCS/Lexical_descision","489","legacy","xpyriment","1.0","n","481","1.0","hard","borstje","4","77683","0","78034","NA","NA","NA","0","90186","78018","62992","128827","128808","0","129463","0","78018","90161","NA","0","NA","0","0","89006","129945","66039","NA","128806","LexicalDecision"
"No","487","1","1","Random","4","1","1","m","C:/Users/hulsm/Documents/School/Methods_CCS/Lexical_descision","405","legacy","xpyriment","1.0","m","487","1.0","easy","eilabs","4","77683","0","78034","NA","NA","NA","0","90186","78018","62992","130536","130515","0","131094","0","78018","90161","NA","0","NA","0","0","89006","131583","66039","NA","130514","LexicalDecision"
"No","599","1","1","Pseudo","3","1","1","m","C:/Users/hulsm/Documents/School/Methods_CCS/Lexical_descision","507","legacy","xpyriment","1.0","m","599","1.0","hard","borpen","4","77683","0","78034","NA","NA","NA","0","90186","78018","62992","132175","132156","0","132838","0","78018","90161","NA","0","NA","0","0","89006","133439","66039","NA","132155","LexicalDecision"
"No","536","1","1","LF","2","1","1","n","C:/Users/hulsm/Documents/School/Methods_CCS/Lexical_descision","578","legacy","xpyriment","1.0","n","536","1.0","hard","broches","4","77683","0","78034","NA","NA","NA","0","90186","78018","62992","134018","133997","0","134745","0","78018","90161","NA","0","NA","0","0","89006","135282","66039","NA","133996","LexicalDecision"
"No","626","1","1","Pseudo","3","1","1","m","C:/Users/hulsm/Documents/School/Methods_CCS/Lexical_descision","531","legacy","xpyriment","1.0","m","626","1.0","hard","damer","4","77683","0","78034","NA","NA","NA","0","90186","78018","62992","135869","135847","0","136575","0","78018","90161","NA","0","NA","0","0","89006","137202","66039","NA","135845","LexicalDecision"
"No","531","1","1","LF","2","1","1","n","C:/Users/hulsm/Documents/School/Methods_CCS/Lexical_descision","463","legacy","xpyriment","1.0","n","531","1.0","hard","rolluik","4","77683","0","78034","NA","NA","NA","0","90186","78018","62992","137795","137772","0","138408","0","78018","90161","NA","0","NA","0","0","89006","138941","66039","NA","137771","LexicalDecision"
"No","551","1","1","LF","2","1","1","n","C:/Users/hulsm/Documents/School/Methods_CCS/Lexical_descision","519","legacy","xpyriment","1.0","n","551","1.0","hard","rietjes","4","77683","0","78034","NA","NA","NA","0","90186","78018","62992","139527","139508","0","140204","0","78018","90161","NA","0","NA","0","0","89006","140757","66039","NA","139507","LexicalDecision"
"No","773","0","1","Pseudo","3","0","0","m","C:/Users/hulsm/Documents/School/Methods_CCS/Lexical_descision","451","legacy","xpyriment","0.9642857142857143","n","773","0.96","hard","nakken","4","77683","0","78034","NA","NA","NA","0","90186","78018","142865","141343","141324","0","141940","0","78018","90161","NA","0","NA","0","0","89006","142714","66039","NA","141323","LexicalDecision"
"No","512","1","1","LF","2","1","1","n","C:/Users/hulsm/Documents/School/Methods_CCS/Lexical_descision","525","legacy","xpyriment","0.9655172413793104","n","512","0.96","hard","dakpan","4","77683","0","78034","NA","NA","NA","0","90186","78018","142865","145481","145458","0","146155","0","78018","90161","NA","0","NA","0","0","89006","146668","66039","NA","145457","LexicalDecision"
"No","489","1","1","LF","2","1","1","n","C:/Users/hulsm/Documents/School/Methods_CCS/Lexical_descision","498","legacy","xpyriment","0.9666666666666667","n","489","0.96","hard","wolfje","4","77683","0","78034","NA","NA","NA","0","90186","78018","142865","147299","147281","0","147949","0","78018","90161","NA","0","NA","0","0","89006","148439","66039","NA","147279","LexicalDecision"
"No","880","1","1","Pseudo","3","1","1","m","C:/Users/hulsm/Documents/School/Methods_CCS/Lexical_descision","413","legacy","xpyriment","0.967741935483871","m","880","0.96","hard","voorstok","4","77683","0","78034","NA","NA","NA","0","90186","78018","142865","149038","149018","0","149604","0","78018","90161","NA","0","NA","0","0","89006","150484","66039","NA","149016","LexicalDecision"
"No","536","1","1","Pseudo","3","1","1","m","C:/Users/hulsm/Documents/School/Methods_CCS/Lexical_descision","527","legacy","xpyriment","0.96875","m","536","0.96","hard","beus","4","77683","0","78034","NA","NA","NA","0","90186","78018","142865","151102","151083","0","151778","0","78018","90161","NA","0","NA","0","0","89006","152316","66039","NA","151082","LexicalDecision"
"No","512","1","1","LF","2","1","1","n","C:/Users/hulsm/Documents/School/Methods_CCS/Lexical_descision","592","legacy","xpyriment","0.9696969696969697","n","512","0.96","hard","frietjes","4","77683","0","78034","NA","NA","NA","0","90186","78018","142865","152919","152899","0","153663","0","78018","90161","NA","0","NA","0","0","89006","154177","66039","NA","152898","LexicalDecision"
"No","465","1","1","LF","2","1","1","n","C:/Users/hulsm/Documents/School/Methods_CCS/Lexical_descision","520","legacy","xpyriment","0.9705882352941176","n","465","0.96","hard","kalfje","4","77683","0","78034","NA","NA","NA","0","90186","78018","142865","154763","154742","0","155438","0","78018","90161","NA","0","NA","0","0","89006","155904","66039","NA","154742","LexicalDecision"
"No","498","1","1","LF","2","1","1","n","C:/Users/hulsm/Documents/School/Methods_CCS/Lexical_descision","536","legacy","xpyriment","0.9714285714285714","n","498","0.96","hard","koordjes","4","77683","0","78034","NA","NA","NA","0","90186","78018","142865","156489","156469","0","157178","0","78018","90161","NA","0","NA","0","0","89006","157677","66039","NA","156469","LexicalDecision"
"No","1109","0","1","LF","2","0","0","n","C:/Users/hulsm/Documents/School/Methods_CCS/Lexical_descision","539","legacy","xpyriment","0.9444444444444444","m","1109","0.92","hard","oorlogs","4","77683","0","78034","NA","NA","NA","0","90186","78018","160211","158266","158247","0","158954","0","78018","90161","NA","0","NA","0","0","89006","160065","66039","NA","158247","LexicalDecision"
"No","519","1","1","LF","2","1","1","n","C:/Users/hulsm/Documents/School/Methods_CCS/Lexical_descision","433","legacy","xpyriment","0.9459459459459459","n","519","0.92","hard","stortbui","4","77683","0","78034","NA","NA","NA","0","90186","78018","160211","162793","162772","0","163384","0","78018","90161","NA","0","NA","0","0","89006","163904","66039","NA","162772","LexicalDecision"
"No","430","1","1","LF","2","1","1","n","C:/Users/hulsm/Documents/School/Methods_CCS/Lexical_descision","533","legacy","xpyriment","0.9473684210526315","n","430","0.92","hard","vraagjes","4","77683","0","78034","NA","NA","NA","0","90186","78018","160211","164497","164477","0","165181","0","78018","90161","NA","0","NA","0","0","89006","165612","66039","NA","164477","LexicalDecision"
"No","471","1","1","HF","1","1","1","n","C:/Users/hulsm/Documents/School/Methods_CCS/Lexical_descision","567","legacy","xpyriment","0.9487179487179487","n","471","0.92","easy","aanzien","4","77683","0","78034","NA","NA","NA","0","90186","78018","160211","166196","166174","0","166913","0","78018","90161","NA","0","NA","0","0","89006","167385","66039","NA","166173","LexicalDecision"
"No","587","1","1","LF","2","1","1","n","C:/Users/hulsm/Documents/School/Methods_CCS/Lexical_descision","565","legacy","xpyriment","0.95","n","587","0.92","hard","sterkten","4","77683","0","78034","NA","NA","NA","0","90186","78018","160211","168003","167983","0","168718","0","78018","90161","NA","0","NA","0","0","89006","169306","66039","NA","167982","LexicalDecision"
"No","725","1","1","Pseudo","3","1","1","m","C:/Users/hulsm/Documents/School/Methods_CCS/Lexical_descision","401","legacy","xpyriment","0.9512195121951219","m","725","0.92","hard","amme","4","77683","0","78034","NA","NA","NA","0","90186","78018","160211","169927","169905","0","170480","0","78018","90161","NA","0","NA","0","0","89006","171206","66039","NA","169904","LexicalDecision"
"No","458","1","1","LF","2","1","1","n","C:/Users/hulsm/Documents/School/Methods_CCS/Lexical_descision","499","legacy","xpyriment","0.9523809523809523","n","458","0.92","hard","traantje","4","77683","0","78034","NA","NA","NA","0","90186","78018","160211","171780","171761","0","172434","0","78018","90161","NA","0","NA","0","0","89006","172893","66039","NA","171760","LexicalDecision"
"No","598","1","1","Pseudo","3","1","1","m","C:/Users/hulsm/Documents/School/Methods_CCS/Lexical_descision","503","legacy","xpyriment","0.9534883720930233","m","598","0.92","hard","bopen","4","77683","0","78034","NA","NA","NA","0","90186","78018","160211","173477","173457","0","174133","0","78018","90161","NA","0","NA","0","0","89006","174733","66039","NA","173456","LexicalDecision"
"No","508","1","1","LF","2","1","1","n","C:/Users/hulsm/Documents/School/Methods_CCS/Lexical_descision","570","legacy","xpyriment","0.9545454545454546","n","508","0.92","hard","frietje","4","77683","0","78034","NA","NA","NA","0","90186","78018","160211","175359","175341","0","176076","0","78018","90161","NA","0","NA","0","0","89006","176586","66039","NA","175340","LexicalDecision"
"No","581","1","1","Pseudo","3","1","1","m","C:/Users/hulsm/Documents/School/Methods_CCS/Lexical_descision","443","legacy","xpyriment","0.9555555555555556","m","581","0.92","hard","beem","4","77683","0","78034","NA","NA","NA","0","90186","78018","160211","177158","177139","0","177763","0","78018","90161","NA","0","NA","0","0","89006","178345","66039","NA","177139","LexicalDecision"
"No","786","1","1","LF","2","1","1","n","C:/Users/hulsm/Documents/School/Methods_CCS/Lexical_descision","404","legacy","xpyriment","0.9565217391304348","n","786","0.92","hard","zuiltje","4","77683","0","78034","NA","NA","NA","0","90186","78018","160211","178959","178939","0","179523","0","78018","90161","NA","0","NA","0","0","89006","180310","66039","NA","178939","LexicalDecision"
"No","551","1","1","Pseudo","3","1","1","m","C:/Users/hulsm/Documents/School/Methods_CCS/Lexical_descision","513","legacy","xpyriment","0.9574468085106383","m","551","0.92","hard","reugd","4","77683","0","78034","NA","NA","NA","0","90186","78018","160211","180887","180866","0","181554","0","78018","90161","NA","0","NA","0","0","89006","182106","66039","NA","180864","LexicalDecision"
"No","557","1","1","LF","2","1","1","n","C:/Users/hulsm/Documents/School/Methods_CCS/Lexical_descision","419","legacy","xpyriment","0.9583333333333334","n","557","0.92","hard","matjes","4","77683","0","78034","NA","NA","NA","0","90186","78018","160211","182699","182679","0","183278","0","78018","90161","NA","0","NA","0","0","89006","183837","66039","NA","182677","LexicalDecision"
"No","502","1","1","Pseudo","3","1","1","m","C:/Users/hulsm/Documents/School/Methods_CCS/Lexical_descision","418","legacy","xpyriment","0.9591836734693877","m","502","0.92","hard","vermde","4","77683","0","78034","NA","NA","NA","0","90186","78018","160211","184447","184426","0","185022","0","78018","90161","NA","0","NA","0","0","89006","185525","66039","NA","184426","LexicalDecision"
"No","646","1","1","LF","2","1","1","n","C:/Users/hulsm/Documents/School/Methods_CCS/Lexical_descision","463","legacy","xpyriment","0.96","n","646","0.92","hard","slijmen","4","77683","0","78034","NA","NA","NA","0","90186","78018","160211","186116","186097","0","186726","0","78018","90161","NA","0","NA","0","0","89006","187373","66039","NA","186096","LexicalDecision"
"No","816","1","1","Pseudo","3","1","1","m","C:/Users/hulsm/Documents/School/Methods_CCS/Lexical_descision","465","legacy","xpyriment","0.9607843137254902","m","816","0.92","hard","terneun","4","77683","0","78034","NA","NA","NA","0","90186","78018","160211","188001","187980","0","188615","0","78018","90161","NA","0","NA","0","0","89006","189433","66039","NA","187979","LexicalDecision"
"No","526","1","1","Pseudo","3","1","1","m","C:/Users/hulsm/Documents/School/Methods_CCS/Lexical_descision","480","legacy","xpyriment","0.9615384615384616","m","526","0.92","hard","lelen","4","77683","0","78034","NA","NA","NA","0","90186","78018","160211","190013","189992","0","190645","0","78018","90161","NA","0","NA","0","0","89006","191173","66039","NA","189992","LexicalDecision"
"No","501","1","1","LF","2","1","1","n","C:/Users/hulsm/Documents/School/Methods_CCS/Lexical_descision","537","legacy","xpyriment","0.9622641509433962","n","501","0.96","hard","tumors","4","77683","0","78034","NA","NA","NA","0","90186","78018","160211","191758","191738","0","192449","0","78018","90161","NA","0","NA","0","0","89006","192951","66039","NA","191737","LexicalDecision"
"No","688","1","1","Pseudo","3","1","1","m","C:/Users/hulsm/Documents/School/Methods_CCS/Lexical_descision","486","legacy","xpyriment","0.9629629629629629","m","688","0.96","hard","brechtig","4","77683","0","78034","NA","NA","NA","0","90186","78018","160211","193543","193522","0","194186","0","78018","90161","NA","0","NA","0","0","89006","194876","66039","NA","193521","LexicalDecision"
"No","639","1","1","LF","2","1","1","n","C:/Users/hulsm/Documents/School/Methods_CCS/Lexical_descision","593","legacy","xpyriment","0.9636363636363636","n","639","0.96","hard","polsjes","4","77683","0","78034","NA","NA","NA","0","90186","78018","160211","195475","195454","0","196216","0","78018","90161","NA","0","NA","0","0","89006","196857","66039","NA","195453","LexicalDecision"
"No","606","1","1","LF","2","1","1","n","C:/Users/hulsm/Documents/School/Methods_CCS/Lexical_descision","503","legacy","xpyriment","0.9642857142857143","n","606","0.96","hard","vrachtje","4","77683","0","78034","NA","NA","NA","0","90186","78018","160211","197427","197408","0","198076","0","78018","90161","NA","0","NA","0","0","89006","198684","66039","NA","197407","LexicalDecision"
"No","806","1","1","Pseudo","3","1","1","m","C:/Users/hulsm/Documents/School/Methods_CCS/Lexical_descision","466","legacy","xpyriment","0.9649122807017544","m","806","0.96","hard","hookt","4","77683","0","78034","NA","NA","NA","0","90186","78018","160211","199260","199240","0","199875","0","78018","90161","NA","0","NA","0","0","89006","200683","66039","NA","199239","LexicalDecision"
"No","549","1","1","Pseudo","3","1","1","m","C:/Users/hulsm/Documents/School/Methods_CCS/Lexical_descision","504","legacy","xpyriment","0.9655172413793104","m","549","0.96","hard","zolf","4","77683","0","78034","NA","NA","NA","0","90186","78018","160211","201305","201285","0","201963","0","78018","90161","NA","0","NA","0","0","89006","202513","66039","NA","201284","LexicalDecision"
"No","492","1","1","Pseudo","3","1","1","m","C:/Users/hulsm/Documents/School/Methods_CCS/Lexical_descision","550","legacy","xpyriment","0.9661016949152542","m","492","0.96","hard","knikke","4","77683","0","78034","NA","NA","NA","0","90186","78018","160211","203082","203063","0","203787","0","78018","90161","NA","0","NA","0","0","89006","204281","66039","NA","203063","LexicalDecision"
"No","581","1","1","Pseudo","3","1","1","m","C:/Users/hulsm/Documents/School/Methods_CCS/Lexical_descision","499","legacy","xpyriment","0.9666666666666667","m","581","0.96","hard","kilms","4","77683","0","78034","NA","NA","NA","0","90186","78018","160211","204905","204886","0","205552","0","78018","90161","NA","0","NA","0","0","89006","206134","66039","NA","204885","LexicalDecision"
"No","481","1","1","LF","2","1","1","n","C:/Users/hulsm/Documents/School/Methods_CCS/Lexical_descision","514","legacy","xpyriment","0.9672131147540983","n","481","1.0","hard","wandkast","4","77683","0","78034","NA","NA","NA","0","90186","78018","160211","206786","206762","0","207430","0","78018","90161","NA","0","NA","0","0","89006","207913","66039","NA","206760","LexicalDecision"
"No","514","1","1","Pseudo","3","1","1","m","C:/Users/hulsm/Documents/School/Methods_CCS/Lexical_descision","416","legacy","xpyriment","0.967741935483871","m","514","1.0","hard","grole","4","77683","0","78034","NA","NA","NA","0","90186","78018","160211","208444","208427","0","209000","0","78018","90161","NA","0","NA","0","0","89006","209515","66039","NA","208426","LexicalDecision"
"No","578","1","1","LF","2","1","1","n","C:/Users/hulsm/Documents/School/Methods_CCS/Lexical_descision","473","legacy","xpyriment","0.9682539682539683","n","578","1.0","hard","meetlat","4","77683","0","78034","NA","NA","NA","0","90186","78018","160211","210004","209990","0","210637","0","78018","90161","NA","0","NA","0","0","89006","211216","66039","NA","209990","LexicalDecision"
"No","553","1","1","Pseudo","3","1","1","m","C:/Users/hulsm/Documents/School/Methods_CCS/Lexical_descision","456","legacy","xpyriment","0.96875","m","553","1.0","hard","biever","4","77683","0","78034","NA","NA","NA","0","90186","78018","160211","211788","211769","0","212396","0","78018","90161","NA","0","NA","0","0","89006","212950","66039","NA","211768","LexicalDecision"
"No","805","1","1","Pseudo","3","1","1","m","C:/Users/hulsm/Documents/School/Methods_CCS/Lexical_descision","477","legacy","xpyriment","0.9692307692307692","m","805","1.0","hard","buimen","4","77683","0","78034","NA","NA","NA","0","90186","78018","160211","213536","213516","0","214163","0","78018","90161","NA","0","NA","0","0","89006","214969","66039","NA","213515","LexicalDecision"
"No","709","1","1","Pseudo","3","1","1","m","C:/Users/hulsm/Documents/School/Methods_CCS/Lexical_descision","409","legacy","xpyriment","0.9696969696969697","m","709","1.0","hard","jeer","4","77683","0","78034","NA","NA","NA","0","90186","78018","160211","215551","215529","0","216124","0","78018","90161","NA","0","NA","0","0","89006","216834","66039","NA","215528","LexicalDecision"
"No","771","0","1","LF","2","0","0","n","C:/Users/hulsm/Documents/School/Methods_CCS/Lexical_descision","479","legacy","xpyriment","0.9552238805970149","m","771","0.96","hard","eisers","4","77683","0","78034","NA","NA","NA","0","90186","78018","219001","217454","217434","0","218087","0","78018","90161","NA","0","NA","0","0","89006","218860","66039","NA","217432","LexicalDecision"
"No","656","1","1","Pseudo","3","1","1","m","C:/Users/hulsm/Documents/School/Methods_CCS/Lexical_descision","441","legacy","xpyriment","0.9558823529411765","m","656","0.96","hard","stenker","4","77683","0","78034","NA","NA","NA","0","90186","78018","219001","221638","221615","0","222234","0","78018","90161","NA","0","NA","0","0","89006","222892","66039","NA","221615","LexicalDecision"
"No","525","1","1","LF","2","1","1","n","C:/Users/hulsm/Documents/School/Methods_CCS/Lexical_descision","539","legacy","xpyriment","0.9565217391304348","n","525","0.96","hard","unies","4","77683","0","78034","NA","NA","NA","0","90186","78018","219001","223482","223461","0","224171","0","78018","90161","NA","0","NA","0","0","89006","224697","66039","NA","223461","LexicalDecision"
"No","501","1","1","LF","2","1","1","n","C:/Users/hulsm/Documents/School/Methods_CCS/Lexical_descision","533","legacy","xpyriment","0.9571428571428572","n","501","0.96","hard","mouwtjes","4","77683","0","78034","NA","NA","NA","0","90186","78018","219001","225293","225272","0","225977","0","78018","90161","NA","0","NA","0","0","89006","226480","66039","NA","225271","LexicalDecision"
"No","718","1","1","Pseudo","3","1","1","m","C:/Users/hulsm/Documents/School/Methods_CCS/Lexical_descision","559","legacy","xpyriment","0.9577464788732394","m","718","0.96","hard","gezoed","4","77683","0","78034","NA","NA","NA","0","90186","78018","219001","227075","227056","0","227786","0","78018","90161","NA","0","NA","0","0","89006","228505","66039","NA","227055","LexicalDecision"
"No","473","1","1","HF","1","1","1","n","C:/Users/hulsm/Documents/School/Methods_CCS/Lexical_descision","546","legacy","xpyriment","0.9583333333333334","n","473","0.96","easy","woedend","4","77683","0","78034","NA","NA","NA","0","90186","78018","219001","229102","229082","0","229805","0","78018","90161","NA","0","NA","0","0","89006","230280","66039","NA","229082","LexicalDecision"
"No","518","1","1","Pseudo","3","1","1","m","C:/Users/hulsm/Documents/School/Methods_CCS/Lexical_descision","455","legacy","xpyriment","0.958904109589041","m","518","0.96","hard","diede","4","77683","0","78034","NA","NA","NA","0","90186","78018","219001","230908","230889","0","231517","0","78018","90161","NA","0","NA","0","0","89006","232036","66039","NA","230888","LexicalDecision"
"No","603","1","1","Pseudo","3","1","1","m","C:/Users/hulsm/Documents/School/Methods_CCS/Lexical_descision","583","legacy","xpyriment","0.9594594594594594","m","603","0.96","hard","cosans","4","77683","0","78034","NA","NA","NA","0","90186","78018","219001","232623","232602","0","233356","0","78018","90161","NA","0","NA","0","0","89006","233960","66039","NA","232601","LexicalDecision"
"No","529","1","1","LF","2","1","1","n","C:/Users/hulsm/Documents/School/Methods_CCS/Lexical_descision","513","legacy","xpyriment","0.96","n","529","0.96","hard","vaasjes","4","77683","0","78034","NA","NA","NA","0","90186","78018","219001","234566","234547","0","235232","0","78018","90161","NA","0","NA","0","0","89006","235763","66039","NA","234546","LexicalDecision"
"No","539","1","1","Pseudo","3","1","1","m","C:/Users/hulsm/Documents/School/Methods_CCS/Lexical_descision","542","legacy","xpyriment","0.9605263157894737","m","539","0.96","hard","oten","4","77683","0","78034","NA","NA","NA","0","90186","78018","219001","236338","236320","0","237031","0","78018","90161","NA","0","NA","0","0","89006","237572","66039","NA","236319","LexicalDecision"
"No","554","1","1","Pseudo","3","1","1","m","C:/Users/hulsm/Documents/School/Methods_CCS/Lexical_descision","565","legacy","xpyriment","0.961038961038961","m","554","0.96","hard","schak","4","77683","0","78034","NA","NA","NA","0","90186","78018","219001","238164","238144","0","238876","0","78018","90161","NA","0","NA","0","0","89006","239431","66039","NA","238144","LexicalDecision"
"No","573","1","1","LF","2","1","1","n","C:/Users/hulsm/Documents/School/Methods_CCS/Lexical_descision","503","legacy","xpyriment","0.9615384615384616","n","573","0.96","hard","bedjes","4","77683","0","78034","NA","NA","NA","0","90186","78018","219001","240001","239983","0","240654","0","78018","90161","NA","0","NA","0","0","89006","241229","66039","NA","239982","LexicalDecision"
"No","769","1","1","Pseudo","3","1","1","m","C:/Users/hulsm/Documents/School/Methods_CCS/Lexical_descision","479","legacy","xpyriment","0.9620253164556962","m","769","0.96","hard","loorden","4","77683","0","78034","NA","NA","NA","0","90186","78018","219001","241814","241795","0","242450","0","78018","90161","NA","0","NA","0","0","89006","243221","66039","NA","241794","LexicalDecision"
"No","536","1","1","LF","2","1","1","n","C:/Users/hulsm/Documents/School/Methods_CCS/Lexical_descision","449","legacy","xpyriment","0.9625","n","536","0.96","hard","cobra's","4","77683","0","78034","NA","NA","NA","0","90186","78018","219001","243823","243802","0","244420","0","78018","90161","NA","0","NA","0","0","89006","244957","66039","NA","243800","LexicalDecision"
"No","607","1","1","LF","2","1","1","n","C:/Users/hulsm/Documents/School/Methods_CCS/Lexical_descision","563","legacy","xpyriment","0.9629629629629629","n","607","0.96","hard","mesjes","4","77683","0","78034","NA","NA","NA","0","90186","78018","219001","245526","245506","0","246243","0","78018","90161","NA","0","NA","0","0","89006","246852","66039","NA","245505","LexicalDecision"
"No","522","0","1","LF","2","0","0","n","C:/Users/hulsm/Documents/School/Methods_CCS/Lexical_descision","433","legacy","xpyriment","0.9512195121951219","m","522","0.92","hard","slede","4","77683","0","78034","NA","NA","NA","0","90186","78018","248703","247445","247425","0","248028","0","78018","90161","NA","0","NA","0","0","89006","248552","66039","NA","247424","LexicalDecision"
"No","497","1","1","HF","1","1","1","n","C:/Users/hulsm/Documents/School/Methods_CCS/Lexical_descision","539","legacy","xpyriment","0.9518072289156626","n","497","0.92","easy","ramen","4","77683","0","78034","NA","NA","NA","0","90186","78018","248703","251296","251275","0","251981","0","78018","90161","NA","0","NA","0","0","89006","252479","66039","NA","251275","LexicalDecision"
"No","930","1","1","LF","2","1","1","n","C:/Users/hulsm/Documents/School/Methods_CCS/Lexical_descision","408","legacy","xpyriment","0.9523809523809523","n","930","0.92","hard","doopsels","4","77683","0","78034","NA","NA","NA","0","90186","78018","248703","253065","253043","0","253630","0","78018","90161","NA","0","NA","0","0","89006","254562","66039","NA","253042","LexicalDecision"
"No","773","1","1","Pseudo","3","1","1","m","C:/Users/hulsm/Documents/School/Methods_CCS/Lexical_descision","588","legacy","xpyriment","0.9529411764705882","m","773","0.92","hard","roegste","4","77683","0","78034","NA","NA","NA","0","90186","78018","248703","255171","255149","0","255915","0","78018","90161","NA","0","NA","0","0","89006","256689","66039","NA","255149","LexicalDecision"
"No","603","1","1","Pseudo","3","1","1","m","C:/Users/hulsm/Documents/School/Methods_CCS/Lexical_descision","499","legacy","xpyriment","0.9534883720930233","m","603","0.92","hard","tissen","4","77683","0","78034","NA","NA","NA","0","90186","78018","248703","257274","257254","0","257925","0","78018","90161","NA","0","NA","0","0","89006","258529","66039","NA","257252","LexicalDecision"
"No","707","1","1","Pseudo","3","1","1","m","C:/Users/hulsm/Documents/School/Methods_CCS/Lexical_descision","519","legacy","xpyriment","0.9540229885057471","m","707","0.92","hard","draamt","4","77683","0","78034","NA","NA","NA","0","90186","78018","248703","259116","259095","0","259808","0","78018","90161","NA","0","NA","0","0","89006","260517","66039","NA","259095","LexicalDecision"
"No","519","1","1","LF","2","1","1","n","C:/Users/hulsm/Documents/School/Methods_CCS/Lexical_descision","511","legacy","xpyriment","0.9545454545454546","n","519","0.92","hard","vlokje","4","77683","0","78034","NA","NA","NA","0","90186","78018","248703","261102","261080","0","261759","0","78018","90161","NA","0","NA","0","0","89006","262279","66039","NA","261079","LexicalDecision"
"No","617","1","1","Pseudo","3","1","1","m","C:/Users/hulsm/Documents/School/Methods_CCS/Lexical_descision","532","legacy","xpyriment","0.9550561797752809","m","617","0.92","hard","lelen","4","77683","0","78034","NA","NA","NA","0","90186","78018","248703","262902","262883","0","263590","0","78018","90161","NA","0","NA","0","0","89006","264209","66039","NA","262882","LexicalDecision"
"No","788","1","1","Pseudo","3","1","1","m","C:/Users/hulsm/Documents/School/Methods_CCS/Lexical_descision","550","legacy","xpyriment","0.9555555555555556","m","788","0.92","hard","sprik","4","77683","0","78034","NA","NA","NA","0","90186","78018","248703","264829","264810","0","265527","0","78018","90161","NA","0","NA","0","0","89006","266317","66039","NA","264809","LexicalDecision"
"No","511","1","1","Pseudo","3","1","1","m","C:/Users/hulsm/Documents/School/Methods_CCS/Lexical_descision","415","legacy","xpyriment","0.9560439560439561","m","511","0.92","hard","maam","4","77683","0","78034","NA","NA","NA","0","90186","78018","248703","266900","266880","0","267462","0","78018","90161","NA","0","NA","0","0","89006","267975","66039","NA","266879","LexicalDecision"
"No","495","1","1","Pseudo","3","1","1","m","C:/Users/hulsm/Documents/School/Methods_CCS/Lexical_descision","398","legacy","xpyriment","0.9565217391304348","m","495","0.96","hard","roord","4","77683","0","78034","NA","NA","NA","0","90186","78018","248703","268556","268536","0","269108","0","78018","90161","NA","0","NA","0","0","89006","269604","66039","NA","268536","LexicalDecision"
"No","527","1","1","Random","4","1","1","m","C:/Users/hulsm/Documents/School/Methods_CCS/Lexical_descision","538","legacy","xpyriment","0.956989247311828","m","527","0.96","easy","ilwotfo","4","77683","0","78034","NA","NA","NA","0","90186","78018","248703","270210","270189","0","270899","0","78018","90161","NA","0","NA","0","0","89006","271427","66039","NA","270188","LexicalDecision"
"No","526","1","1","LF","2","1","1","n","C:/Users/hulsm/Documents/School/Methods_CCS/Lexical_descision","488","legacy","xpyriment","0.9574468085106383","n","526","0.96","hard","mutsjes","4","77683","0","78034","NA","NA","NA","0","90186","78018","248703","272011","271988","0","272651","0","78018","90161","NA","0","NA","0","0","89006","273179","66039","NA","271987","LexicalDecision"
"No","692","1","1","LF","2","1","1","n","C:/Users/hulsm/Documents/School/Methods_CCS/Lexical_descision","400","legacy","xpyriment","0.9578947368421052","n","692","0.96","hard","scripts","4","77683","0","78034","NA","NA","NA","0","90186","78018","248703","273756","273737","0","274316","0","78018","90161","NA","0","NA","0","0","89006","275009","66039","NA","273736","LexicalDecision"
"No","587","1","1","LF","2","1","1","n","C:/Users/hulsm/Documents/School/Methods_CCS/Lexical_descision","403","legacy","xpyriment","0.9583333333333334","n","587","0.96","hard","zeemeeuw","4","77683","0","78034","NA","NA","NA","0","90186","78018","248703","275623","275605","0","276181","0","78018","90161","NA","0","NA","0","0","89006","276769","66039","NA","275604","LexicalDecision"
"No","663","1","1","Pseudo","3","1","1","m","C:/Users/hulsm/Documents/School/Methods_CCS/Lexical_descision","586","legacy","xpyriment","0.9587628865979382","m","663","0.96","hard","geruld","4","77683","0","78034","NA","NA","NA","0","90186","78018","248703","277347","277327","0","278083","0","78018","90161","NA","0","NA","0","0","89006","278748","66039","NA","277326","LexicalDecision"
"No","693","1","1","LF","2","1","1","n","C:/Users/hulsm/Documents/School/Methods_CCS/Lexical_descision","542","legacy","xpyriment","0.9591836734693877","n","693","0.96","hard","tractors","4","77683","0","78034","NA","NA","NA","0","90186","78018","248703","279362","279342","0","280048","0","78018","90161","NA","0","NA","0","0","89006","280742","66039","NA","279341","LexicalDecision"
"No","473","1","1","Pseudo","3","1","1","m","C:/Users/hulsm/Documents/School/Methods_CCS/Lexical_descision","569","legacy","xpyriment","0.9595959595959596","m","473","0.96","hard","mivoor","4","77683","0","78034","NA","NA","NA","0","90186","78018","248703","281379","281359","0","282094","0","78018","90161","NA","0","NA","0","0","89006","282569","66039","NA","281358","LexicalDecision"
"No","538","1","1","Random","4","1","1","m","C:/Users/hulsm/Documents/School/Methods_CCS/Lexical_descision","577","legacy","xpyriment","0.96","m","538","0.96","easy","eobbss","4","77683","0","78034","NA","NA","NA","0","90186","78018","248703","283196","283175","0","283927","0","78018","90161","NA","0","NA","0","0","89006","284466","66039","NA","283175","LexicalDecision"
"No","505","1","1","Pseudo","3","1","1","m","C:/Users/hulsm/Documents/School/Methods_CCS/Lexical_descision","518","legacy","xpyriment","0.9603960396039604","m","505","0.96","hard","vrode","4","77683","0","78034","NA","NA","NA","0","90186","78018","248703","285062","285042","0","285727","0","78018","90161","NA","0","NA","0","0","89006","286233","66039","NA","285041","LexicalDecision"
"No","467","1","1","Pseudo","3","1","1","m","C:/Users/hulsm/Documents/School/Methods_CCS/Lexical_descision","448","legacy","xpyriment","0.9607843137254902","m","467","0.96","hard","lefer","4","77683","0","78034","NA","NA","NA","0","90186","78018","248703","286849","286831","0","287445","0","78018","90161","NA","0","NA","0","0","89006","287913","66039","NA","286830","LexicalDecision"
"No","506","1","1","Pseudo","3","1","1","m","C:/Users/hulsm/Documents/School/Methods_CCS/Lexical_descision","516","legacy","xpyriment","0.9611650485436893","m","506","0.96","hard","eroot","4","77683","0","78034","NA","NA","NA","0","90186","78018","248703","288503","288483","0","289168","0","78018","90161","NA","0","NA","0","0","89006","289676","66039","NA","288482","LexicalDecision"
"No","355","1","1","Random","4","1","1","m","C:/Users/hulsm/Documents/School/Methods_CCS/Lexical_descision","417","legacy","xpyriment","0.9615384615384616","m","355","0.96","easy","nhtsi","4","77683","0","78034","NA","NA","NA","0","90186","78018","248703","290249","290230","0","290820","0","78018","90161","NA","0","NA","0","0","89006","291178","66039","NA","290229","LexicalDecision"
"No","621","1","1","Pseudo","3","1","1","m","C:/Users/hulsm/Documents/School/Methods_CCS/Lexical_descision","555","legacy","xpyriment","0.9619047619047619","m","621","0.96","hard","ropisch","4","77683","0","78034","NA","NA","NA","0","90186","78018","248703","291757","291739","0","292460","0","78018","90161","NA","0","NA","0","0","89006","293083","66039","NA","291738","LexicalDecision"
"No","467","1","1","LF","2","1","1","n","C:/Users/hulsm/Documents/School/Methods_CCS/Lexical_descision","431","legacy","xpyriment","0.9622641509433962","n","467","0.96","hard","wratjes","4","77683","0","78034","NA","NA","NA","0","90186","78018","248703","293662","293643","0","294250","0","78018","90161","NA","0","NA","0","0","89006","294719","66039","NA","293643","LexicalDecision"
"No","467","1","1","LF","2","1","1","n","C:/Users/hulsm/Documents/School/Methods_CCS/Lexical_descision","452","legacy","xpyriment","0.9626168224299065","n","467","1.0","hard","ijsbeer","4","77683","0","78034","NA","NA","NA","0","90186","78018","248703","295304","295286","0","295905","0","78018","90161","NA","0","NA","0","0","89006","296374","66039","NA","295285","LexicalDecision"
"No","495","1","1","LF","2","1","1","n","C:/Users/hulsm/Documents/School/Methods_CCS/Lexical_descision","507","legacy","xpyriment","0.9629629629629629","n","495","1.0","hard","sandaal","4","77683","0","78034","NA","NA","NA","0","90186","78018","248703","296992","296973","0","297650","0","78018","90161","NA","0","NA","0","0","89006","298147","66039","NA","296972","LexicalDecision"
"No","489","1","1","Random","4","1","1","m","C:/Users/hulsm/Documents/School/Methods_CCS/Lexical_descision","528","legacy","xpyriment","0.963302752293578","m","489","1.0","easy","sebje","4","77683","0","78034","NA","NA","NA","0","90186","78018","248703","298715","298697","0","299394","0","78018","90161","NA","0","NA","0","0","89006","299884","66039","NA","298696","LexicalDecision"
"No","519","1","1","LF","2","1","1","n","C:/Users/hulsm/Documents/School/Methods_CCS/Lexical_descision","479","legacy","xpyriment","0.9636363636363636","n","519","1.0","hard","dweiltje","4","77683","0","78034","NA","NA","NA","0","90186","78018","248703","300455","300434","0","301085","0","78018","90161","NA","0","NA","0","0","89006","301606","66039","NA","300433","LexicalDecision"
"No","408","1","1","Pseudo","3","1","1","m","C:/Users/hulsm/Documents/School/Methods_CCS/Lexical_descision","543","legacy","xpyriment","0.963963963963964","m","408","1.0","hard","fede","4","77683","0","78034","NA","NA","NA","0","90186","78018","248703","302209","302189","0","302911","0","78018","90161","NA","0","NA","0","0","89006","303320","66039","NA","302189","LexicalDecision"
"No","681","1","1","HF","1","1","1","n","C:/Users/hulsm/Documents/School/Methods_CCS/Lexical_descision","417","legacy","xpyriment","0.9642857142857143","n","681","1.0","easy","verband","4","77683","0","78034","NA","NA","NA","0","90186","78018","248703","303909","303889","0","304478","0","78018","90161","NA","0","NA","0","0","89006","305161","66039","NA","303888","LexicalDecision"
"No","694","1","1","Pseudo","3","1","1","m","C:/Users/hulsm/Documents/School/Methods_CCS/Lexical_descision","490","legacy","xpyriment","0.9646017699115044","m","694","1.0","hard","paluis","4","77683","0","78034","NA","NA","NA","0","90186","78018","248703","305750","305728","0","306394","0","78018","90161","NA","0","NA","0","0","89006","307090","66039","NA","305728","LexicalDecision"
"No","467","1","1","LF","2","1","1","n","C:/Users/hulsm/Documents/School/Methods_CCS/Lexical_descision","472","legacy","xpyriment","0.9649122807017544","n","467","1.0","hard","treintje","4","77683","0","78034","NA","NA","NA","0","90186","78018","248703","307665","307644","0","308290","0","78018","90161","NA","0","NA","0","0","89006","308758","66039","NA","307644","LexicalDecision"
"No","429","1","1","Random","4","1","1","m","C:/Users/hulsm/Documents/School/Methods_CCS/Lexical_descision","585","legacy","xpyriment","0.9652173913043478","m","429","1.0","easy","tnokars","4","77683","0","78034","NA","NA","NA","0","90186","78018","248703","309384","309365","0","310118","0","78018","90161","NA","0","NA","0","0","89006","310548","66039","NA","309363","LexicalDecision"
"No","440","1","1","LF","2","1","1","n","C:/Users/hulsm/Documents/School/Methods_CCS/Lexical_descision","441","legacy","xpyriment","0.9655172413793104","n","440","1.0","hard","badjes","4","77683","0","78034","NA","NA","NA","0","90186","78018","248703","311125","311103","0","311718","0","78018","90161","NA","0","NA","0","0","89006","312160","66039","NA","311103","LexicalDecision"
"No","474","1","1","HF","1","1","1","n","C:/Users/hulsm/Documents/School/Methods_CCS/Lexical_descision","566","legacy","xpyriment","0.9658119658119658","n","474","1.0","easy","weinig","4","77683","0","78034","NA","NA","NA","0","90186","78018","248703","312740","312720","0","313457","0","78018","90161","NA","0","NA","0","0","89006","313933","66039","NA","312719","LexicalDecision"
"No","1018","1","1","LF","2","1","1","n","C:/Users/hulsm/Documents/School/Methods_CCS/Lexical_descision","518","legacy","xpyriment","0.9661016949152542","n","1018","1.0","hard","lassers","4","77683","0","78034","NA","NA","NA","0","90186","78018","248703","314513","314492","0","315176","0","78018","90161","NA","0","NA","0","0","89006","316196","66039","NA","314491","LexicalDecision"
"No","468","1","1","HF","1","1","1","n","C:/Users/hulsm/Documents/School/Methods_CCS/Lexical_descision","463","legacy","xpyriment","0.9663865546218487","n","468","1.0","easy","geweer","4","77683","0","78034","NA","NA","NA","0","90186","78018","248703","316775","316751","0","317388","0","78018","90161","NA","0","NA","0","0","89006","317858","66039","NA","316750","LexicalDecision"
"No","730","1","1","Pseudo","3","1","1","m","C:/Users/hulsm/Documents/School/Methods_CCS/Lexical_descision","422","legacy","xpyriment","0.9666666666666667","m","730","1.0","hard","spolen","4","77683","0","78034","NA","NA","NA","0","90186","78018","248703","318454","318432","0","319032","0","78018","90161","NA","0","NA","0","0","89006","319764","66039","NA","318431","LexicalDecision"
"No","515","1","1","LF","2","1","1","n","C:/Users/hulsm/Documents/School/Methods_CCS/Lexical_descision","525","legacy","xpyriment","0.9669421487603306","n","515","1.0","hard","padjes","4","77683","0","78034","NA","NA","NA","0","90186","78018","248703","320384","320363","0","321061","0","78018","90161","NA","0","NA","0","0","89006","321578","66039","NA","320363","LexicalDecision"
"No","612","1","1","Pseudo","3","1","1","m","C:/Users/hulsm/Documents/School/Methods_CCS/Lexical_descision","575","legacy","xpyriment","0.9672131147540983","m","612","1.0","hard","dijs","4","77683","0","78034","NA","NA","NA","0","90186","78018","248703","322163","322142","0","322888","0","78018","90161","NA","0","NA","0","0","89006","323502","66039","NA","322141","LexicalDecision"
"No","500","0","1","Pseudo","3","0","0","m","C:/Users/hulsm/Documents/School/Methods_CCS/Lexical_descision","434","legacy","xpyriment","0.959349593495935","n","500","0.96","hard","geemt","4","77683","0","78034","NA","NA","NA","0","90186","78018","325331","324085","324065","0","324677","0","78018","90161","NA","0","NA","0","0","89006","325179","66039","NA","324064","LexicalDecision"
"No","674","1","1","LF","2","1","1","n","C:/Users/hulsm/Documents/School/Methods_CCS/Lexical_descision","497","legacy","xpyriment","0.9596774193548387","n","674","0.96","hard","stunts","4","77683","0","78034","NA","NA","NA","0","90186","78018","325331","327918","327898","0","328564","0","78018","90161","NA","0","NA","0","0","89006","329240","66039","NA","327897","LexicalDecision"
"No","580","1","1","Pseudo","3","1","1","m","C:/Users/hulsm/Documents/School/Methods_CCS/Lexical_descision","443","legacy","xpyriment","0.96","m","580","0.96","hard","alerf","4","77683","0","78034","NA","NA","NA","0","90186","78018","325331","329821","329800","0","330418","0","78018","90161","NA","0","NA","0","0","89006","330999","66039","NA","329799","LexicalDecision"
"No","519","1","1","LF","2","1","1","n","C:/Users/hulsm/Documents/School/Methods_CCS/Lexical_descision","587","legacy","xpyriment","0.9603174603174603","n","519","0.96","hard","surfen","4","77683","0","78034","NA","NA","NA","0","90186","78018","325331","331584","331564","0","332320","0","78018","90161","NA","0","NA","0","0","89006","332841","66039","NA","331563","LexicalDecision"
"No","649","1","1","Pseudo","3","1","1","m","C:/Users/hulsm/Documents/School/Methods_CCS/Lexical_descision","516","legacy","xpyriment","0.9606299212598425","m","649","0.96","hard","geslocht","4","77683","0","78034","NA","NA","NA","0","90186","78018","325331","333426","333407","0","334091","0","78018","90161","NA","0","NA","0","0","89006","334741","66039","NA","333406","LexicalDecision"
"No","590","1","1","Pseudo","3","1","1","m","C:/Users/hulsm/Documents/School/Methods_CCS/Lexical_descision","503","legacy","xpyriment","0.9609375","m","590","0.96","hard","soemand","4","77683","0","78034","NA","NA","NA","0","90186","78018","325331","335322","335303","0","335975","0","78018","90161","NA","0","NA","0","0","89006","336567","66039","NA","335301","LexicalDecision"
"No","596","1","1","Pseudo","3","1","1","m","C:/Users/hulsm/Documents/School/Methods_CCS/Lexical_descision","438","legacy","xpyriment","0.9612403100775194","m","596","0.96","hard","facht","4","77683","0","78034","NA","NA","NA","0","90186","78018","325331","337146","337126","0","337737","0","78018","90161","NA","0","NA","0","0","89006","338334","66039","NA","337125","LexicalDecision"
"No","720","1","1","LF","2","1","1","n","C:/Users/hulsm/Documents/School/Methods_CCS/Lexical_descision","439","legacy","xpyriment","0.9615384615384616","n","720","0.96","hard","donors","4","77683","0","78034","NA","NA","NA","0","90186","78018","325331","338921","338901","0","339516","0","78018","90161","NA","0","NA","0","0","89006","340238","66039","NA","338900","LexicalDecision"
"No","504","1","1","Random","4","1","1","m","C:/Users/hulsm/Documents/School/Methods_CCS/Lexical_descision","438","legacy","xpyriment","0.9618320610687023","m","504","0.96","easy","skertjui","4","77683","0","78034","NA","NA","NA","0","90186","78018","325331","340812","340791","0","341402","0","78018","90161","NA","0","NA","0","0","89006","341907","66039","NA","340790","LexicalDecision"
"No","516","1","1","HF","1","1","1","n","C:/Users/hulsm/Documents/School/Methods_CCS/Lexical_descision","442","legacy","xpyriment","0.9621212121212122","n","516","0.96","easy","brengen","4","77683","0","78034","NA","NA","NA","0","90186","78018","325331","342487","342466","0","343087","0","78018","90161","NA","0","NA","0","0","89006","343605","66039","NA","342465","LexicalDecision"
"No","571","1","1","Pseudo","3","1","1","m","C:/Users/hulsm/Documents/School/Methods_CCS/Lexical_descision","526","legacy","xpyriment","0.9624060150375939","m","571","0.96","hard","faven","4","77683","0","78034","NA","NA","NA","0","90186","78018","325331","344192","344172","0","344867","0","78018","90161","NA","0","NA","0","0","89006","345439","66039","NA","344170","LexicalDecision"
"No","489","1","1","HF","1","1","1","n","C:/Users/hulsm/Documents/School/Methods_CCS/Lexical_descision","510","legacy","xpyriment","0.9626865671641791","n","489","0.96","easy","tocht","4","77683","0","78034","NA","NA","NA","0","90186","78018","325331","346018","345999","0","346679","0","78018","90161","NA","0","NA","0","0","89006","347170","66039","NA","345999","LexicalDecision"
"No","537","1","1","Pseudo","3","1","1","m","C:/Users/hulsm/Documents/School/Methods_CCS/Lexical_descision","532","legacy","xpyriment","0.9629629629629629","m","537","0.96","hard","broog","4","77683","0","78034","NA","NA","NA","0","90186","78018","325331","347744","347724","0","348429","0","78018","90161","NA","0","NA","0","0","89006","348967","66039","NA","347724","LexicalDecision"
"No","623","1","2","Pseudo","3","1","1","m","C:/Users/hulsm/Documents/School/Methods_CCS/Lexical_descision","420","legacy","xpyriment","0.9632352941176471","m","623","0.96","hard","gedat","4","77683","0","349598","349126","NA","NA","0","355899","349581","325331","356342","356318","0","356912","0","349582","355878","NA","0","NA","0","0","355060","357537","66039","NA","356317","LexicalDecision"
"No","474","1","2","LF","2","1","1","n","C:/Users/hulsm/Documents/School/Methods_CCS/Lexical_descision","474","legacy","xpyriment","0.9635036496350365","n","474","0.96","hard","buikjes","4","77683","0","349598","349126","NA","NA","0","355899","349581","325331","358135","358114","0","358758","0","349582","355878","NA","0","NA","0","0","355060","359234","66039","NA","358114","LexicalDecision"
"No","847","1","2","LF","2","1","1","n","C:/Users/hulsm/Documents/School/Methods_CCS/Lexical_descision","577","legacy","xpyriment","0.9637681159420289","n","847","0.96","hard","beitels","4","77683","0","349598","349126","NA","NA","0","355899","349581","325331","359811","359790","0","360542","0","349582","355878","NA","0","NA","0","0","355060","361391","66039","NA","359789","LexicalDecision"
"No","501","1","2","Random","4","1","1","m","C:/Users/hulsm/Documents/School/Methods_CCS/Lexical_descision","525","legacy","xpyriment","0.9640287769784173","m","501","0.96","easy","astleps","4","77683","0","349598","349126","NA","NA","0","355899","349581","325331","361976","361957","0","362644","0","349582","355878","NA","0","NA","0","0","355060","363146","66039","NA","361956","LexicalDecision"
"No","490","0","2","LF","2","0","0","n","C:/Users/hulsm/Documents/School/Methods_CCS/Lexical_descision","513","legacy","xpyriment","0.9571428571428572","m","490","0.92","hard","ajuin","4","77683","0","349598","349126","NA","NA","0","355899","349581","365038","363732","363712","0","364392","0","349582","355878","NA","0","NA","0","0","355060","364883","66039","NA","363711","LexicalDecision"
"No","548","1","2","LF","2","1","1","n","C:/Users/hulsm/Documents/School/Methods_CCS/Lexical_descision","525","legacy","xpyriment","0.9574468085106383","n","548","0.92","hard","nekjes","4","77683","0","349598","349126","NA","NA","0","355899","349581","365038","367632","367610","0","368302","0","349582","355878","NA","0","NA","0","0","355060","368853","66039","NA","367610","LexicalDecision"
"No","368","1","2","Random","4","1","1","m","C:/Users/hulsm/Documents/School/Methods_CCS/Lexical_descision","568","legacy","xpyriment","0.9577464788732394","m","368","0.92","easy","lso'os","4","77683","0","349598","349126","NA","NA","0","355899","349581","365038","369428","369409","0","370146","0","349582","355878","NA","0","NA","0","0","355060","370515","66039","NA","369408","LexicalDecision"
"No","549","1","2","Pseudo","3","1","1","m","C:/Users/hulsm/Documents/School/Methods_CCS/Lexical_descision","504","legacy","xpyriment","0.958041958041958","m","549","0.92","hard","zormt","4","77683","0","349598","349126","NA","NA","0","355899","349581","365038","371116","371094","0","371768","0","349582","355878","NA","0","NA","0","0","355060","372318","66039","NA","371093","LexicalDecision"
"No","549","1","2","LF","2","1","1","n","C:/Users/hulsm/Documents/School/Methods_CCS/Lexical_descision","486","legacy","xpyriment","0.9583333333333334","n","549","0.92","hard","polo","4","77683","0","349598","349126","NA","NA","0","355899","349581","365038","372899","372877","0","373533","0","349582","355878","NA","0","NA","0","0","355060","374084","66039","NA","372876","LexicalDecision"
"No","459","1","2","LF","2","1","1","n","C:/Users/hulsm/Documents/School/Methods_CCS/Lexical_descision","553","legacy","xpyriment","0.9586206896551724","n","459","0.92","hard","knuffel","4","77683","0","349598","349126","NA","NA","0","355899","349581","365038","374665","374646","0","375363","0","349582","355878","NA","0","NA","0","0","355060","375824","66039","NA","374645","LexicalDecision"
"No","701","1","2","Pseudo","3","1","1","m","C:/Users/hulsm/Documents/School/Methods_CCS/Lexical_descision","488","legacy","xpyriment","0.958904109589041","m","701","0.92","hard","vant","4","77683","0","349598","349126","NA","NA","0","355899","349581","365038","376442","376421","0","377083","0","349582","355878","NA","0","NA","0","0","355060","377786","66039","NA","376419","LexicalDecision"
"No","511","1","2","LF","2","1","1","n","C:/Users/hulsm/Documents/School/Methods_CCS/Lexical_descision","592","legacy","xpyriment","0.9591836734693877","n","511","0.92","hard","zieltjes","4","77683","0","349598","349126","NA","NA","0","355899","349581","365038","378371","378350","0","379115","0","349582","355878","NA","0","NA","0","0","355060","379628","66039","NA","378349","LexicalDecision"
"No","545","1","2","LF","2","1","1","n","C:/Users/hulsm/Documents/School/Methods_CCS/Lexical_descision","531","legacy","xpyriment","0.9594594594594594","n","545","0.96","hard","coupons","4","77683","0","349598","349126","NA","NA","0","355899","349581","365038","380212","380191","0","380890","0","349582","355878","NA","0","NA","0","0","355060","381437","66039","NA","380190","LexicalDecision"
"No","501","1","2","HF","1","1","1","n","C:/Users/hulsm/Documents/School/Methods_CCS/Lexical_descision","461","legacy","xpyriment","0.959731543624161","n","501","0.96","easy","direct","4","77683","0","349598","349126","NA","NA","0","355899","349581","365038","382046","382026","0","382657","0","349582","355878","NA","0","NA","0","0","355060","383160","66039","NA","382025","LexicalDecision"
"No","508","1","2","Pseudo","3","1","1","m","C:/Users/hulsm/Documents/School/Methods_CCS/Lexical_descision","441","legacy","xpyriment","0.96","m","508","0.96","hard","vaatst","4","77683","0","349598","349126","NA","NA","0","355899","349581","365038","383743","383723","0","384341","0","349582","355878","NA","0","NA","0","0","355060","384851","66039","NA","383722","LexicalDecision"
"No","389","1","2","Pseudo","3","1","1","m","C:/Users/hulsm/Documents/School/Methods_CCS/Lexical_descision","462","legacy","xpyriment","0.9602649006622517","m","389","0.96","hard","wirze","4","77683","0","349598","349126","NA","NA","0","355899","349581","365038","385481","385460","0","386090","0","349582","355878","NA","0","NA","0","0","355060","386482","66039","NA","385459","LexicalDecision"
"No","828","1","2","LF","2","1","1","n","C:/Users/hulsm/Documents/School/Methods_CCS/Lexical_descision","401","legacy","xpyriment","0.9605263157894737","n","828","0.96","hard","serres","4","77683","0","349598","349126","NA","NA","0","355899","349581","365038","387065","387045","0","387612","0","349582","355878","NA","0","NA","0","0","355060","388442","66039","NA","387045","LexicalDecision"
"No","681","1","2","Pseudo","3","1","1","m","C:/Users/hulsm/Documents/School/Methods_CCS/Lexical_descision","412","legacy","xpyriment","0.9607843137254902","m","681","0.96","hard","sneegde","4","77683","0","349598","349126","NA","NA","0","355899","349581","365038","389023","389002","0","389589","0","349582","355878","NA","0","NA","0","0","355060","390272","66039","NA","389000","LexicalDecision"
"No","521","1","2","Pseudo","3","1","1","m","C:/Users/hulsm/Documents/School/Methods_CCS/Lexical_descision","561","legacy","xpyriment","0.961038961038961","m","521","0.96","hard","tandaar","4","77683","0","349598","349126","NA","NA","0","355899","349581","365038","390860","390839","0","391572","0","349582","355878","NA","0","NA","0","0","355060","392095","66039","NA","390838","LexicalDecision"
"No","547","1","2","HF","1","1","1","n","C:/Users/hulsm/Documents/School/Methods_CCS/Lexical_descision","435","legacy","xpyriment","0.9612903225806452","n","547","0.96","easy","vormen","4","77683","0","349598","349126","NA","NA","0","355899","349581","365038","392709","392689","0","393299","0","349582","355878","NA","0","NA","0","0","355060","393848","66039","NA","392688","LexicalDecision"
"No","983","1","2","LF","2","1","1","n","C:/Users/hulsm/Documents/School/Methods_CCS/Lexical_descision","499","legacy","xpyriment","0.9615384615384616","n","983","0.96","hard","klagers","4","77683","0","349598","349126","NA","NA","0","355899","349581","365038","394428","394409","0","395075","0","349582","355878","NA","0","NA","0","0","355060","396060","66039","NA","394409","LexicalDecision"
"No","634","1","2","Pseudo","3","1","1","m","C:/Users/hulsm/Documents/School/Methods_CCS/Lexical_descision","519","legacy","xpyriment","0.9617834394904459","m","634","0.96","hard","crong","4","77683","0","349598","349126","NA","NA","0","355899","349581","365038","396676","396654","0","397349","0","349582","355878","NA","0","NA","0","0","355060","397985","66039","NA","396653","LexicalDecision"
"No","526","1","2","LF","2","1","1","n","C:/Users/hulsm/Documents/School/Methods_CCS/Lexical_descision","425","legacy","xpyriment","0.9620253164556962","n","526","0.96","hard","haantjes","4","77683","0","349598","349126","NA","NA","0","355899","349581","365038","398570","398549","0","399146","0","349582","355878","NA","0","NA","0","0","355060","399674","66039","NA","398548","LexicalDecision"
"No","636","1","2","LF","2","1","1","n","C:/Users/hulsm/Documents/School/Methods_CCS/Lexical_descision","493","legacy","xpyriment","0.9622641509433962","n","636","0.96","hard","vergiet","4","77683","0","349598","349126","NA","NA","0","355899","349581","365038","400251","400231","0","400892","0","349582","355878","NA","0","NA","0","0","355060","401530","66039","NA","400230","LexicalDecision"
"No","410","1","2","HF","1","1","1","n","C:/Users/hulsm/Documents/School/Methods_CCS/Lexical_descision","542","legacy","xpyriment","0.9625","n","410","0.96","easy","duur","4","77683","0","349598","349126","NA","NA","0","355899","349581","365038","402106","402086","0","402791","0","349582","355878","NA","0","NA","0","0","355060","403203","66039","NA","402086","LexicalDecision"
"No","478","1","2","Pseudo","3","1","1","m","C:/Users/hulsm/Documents/School/Methods_CCS/Lexical_descision","526","legacy","xpyriment","0.9627329192546584","m","478","0.96","hard","gezas","4","77683","0","349598","349126","NA","NA","0","355899","349581","365038","403778","403758","0","404456","0","349582","355878","NA","0","NA","0","0","355060","404936","66039","NA","403757","LexicalDecision"
"No","492","0","2","LF","2","0","0","n","C:/Users/hulsm/Documents/School/Methods_CCS/Lexical_descision","458","legacy","xpyriment","0.9567901234567902","m","492","0.92","hard","weesjes","4","77683","0","349598","349126","NA","NA","0","355899","349581","406802","405551","405530","0","406158","0","349582","355878","NA","0","NA","0","0","355060","406652","66039","NA","405529","LexicalDecision"
"No","490","1","2","Pseudo","3","1","1","m","C:/Users/hulsm/Documents/School/Methods_CCS/Lexical_descision","475","legacy","xpyriment","0.9570552147239264","m","490","0.92","hard","plaven","4","77683","0","349598","349126","NA","NA","0","355899","349581","406802","409401","409380","0","410019","0","349582","355878","NA","0","NA","0","0","355060","410511","66039","NA","409380","LexicalDecision"
"No","589","1","2","Pseudo","3","1","1","m","C:/Users/hulsm/Documents/School/Methods_CCS/Lexical_descision","416","legacy","xpyriment","0.9573170731707317","m","589","0.92","hard","drig","4","77683","0","349598","349126","NA","NA","0","355899","349581","406802","411122","411102","0","411691","0","349582","355878","NA","0","NA","0","0","355060","412281","66039","NA","411101","LexicalDecision"
"No","566","1","2","LF","2","1","1","n","C:/Users/hulsm/Documents/School/Methods_CCS/Lexical_descision","439","legacy","xpyriment","0.9575757575757575","n","566","0.96","hard","primeurs","4","77683","0","349598","349126","NA","NA","0","355899","349581","406802","412861","412839","0","413444","0","349582","355878","NA","0","NA","0","0","355060","414011","66039","NA","412838","LexicalDecision"
"No","569","1","2","LF","2","1","1","n","C:/Users/hulsm/Documents/School/Methods_CCS/Lexical_descision","537","legacy","xpyriment","0.9578313253012049","n","569","0.96","hard","dutjes","4","77683","0","349598","349126","NA","NA","0","355899","349581","406802","414584","414563","0","415274","0","349582","355878","NA","0","NA","0","0","355060","415845","66039","NA","414562","LexicalDecision"
"No","542","1","2","Random","4","1","1","m","C:/Users/hulsm/Documents/School/Methods_CCS/Lexical_descision","540","legacy","xpyriment","0.9580838323353293","m","542","0.96","easy","robtu","4","77683","0","349598","349126","NA","NA","0","355899","349581","406802","416439","416418","0","417127","0","349582","355878","NA","0","NA","0","0","355060","417670","66039","NA","416417","LexicalDecision"
"No","610","1","2","Pseudo","3","1","1","m","C:/Users/hulsm/Documents/School/Methods_CCS/Lexical_descision","510","legacy","xpyriment","0.9583333333333334","m","610","0.96","hard","dorg","4","77683","0","349598","349126","NA","NA","0","355899","349581","406802","418257","418237","0","418914","0","349582","355878","NA","0","NA","0","0","355060","419526","66039","NA","418237","LexicalDecision"
"No","543","1","2","Pseudo","3","1","1","m","C:/Users/hulsm/Documents/School/Methods_CCS/Lexical_descision","428","legacy","xpyriment","0.9585798816568047","m","543","0.96","hard","oken","4","77683","0","349598","349126","NA","NA","0","355899","349581","406802","420121","420103","0","420699","0","349582","355878","NA","0","NA","0","0","355060","421244","66039","NA","420102","LexicalDecision"
"No","582","1","2","Pseudo","3","1","1","m","C:/Users/hulsm/Documents/School/Methods_CCS/Lexical_descision","473","legacy","xpyriment","0.9588235294117647","m","582","0.96","hard","kaadt","4","77683","0","349598","349126","NA","NA","0","355899","349581","406802","421862","421841","0","422485","0","349582","355878","NA","0","NA","0","0","355060","423070","66039","NA","421840","LexicalDecision"
"No","548","1","2","Pseudo","3","1","1","m","C:/Users/hulsm/Documents/School/Methods_CCS/Lexical_descision","488","legacy","xpyriment","0.9590643274853801","m","548","0.96","hard","brufte","4","77683","0","349598","349126","NA","NA","0","355899","349581","406802","423660","423639","0","424303","0","349582","355878","NA","0","NA","0","0","355060","424852","66039","NA","423638","LexicalDecision"
"No","695","1","2","LF","2","1","1","n","C:/Users/hulsm/Documents/School/Methods_CCS/Lexical_descision","470","legacy","xpyriment","0.9593023255813954","n","695","0.96","hard","items","4","77683","0","349598","349126","NA","NA","0","355899","349581","406802","425440","425421","0","426082","0","349582","355878","NA","0","NA","0","0","355060","426779","66039","NA","425420","LexicalDecision"
"No","556","1","2","LF","2","1","1","n","C:/Users/hulsm/Documents/School/Methods_CCS/Lexical_descision","463","legacy","xpyriment","0.9595375722543352","n","556","0.96","hard","trailers","4","77683","0","349598","349126","NA","NA","0","355899","349581","406802","427375","427355","0","427989","0","349582","355878","NA","0","NA","0","0","355060","428546","66039","NA","427354","LexicalDecision"
"No","487","1","2","Pseudo","3","1","1","m","C:/Users/hulsm/Documents/School/Methods_CCS/Lexical_descision","527","legacy","xpyriment","0.9597701149425287","m","487","0.96","hard","facht","4","77683","0","349598","349126","NA","NA","0","355899","349581","406802","429137","429119","0","429811","0","349582","355878","NA","0","NA","0","0","355060","430300","66039","NA","429118","LexicalDecision"
"No","583","1","2","LF","2","1","1","n","C:/Users/hulsm/Documents/School/Methods_CCS/Lexical_descision","444","legacy","xpyriment","0.96","n","583","0.96","hard","starters","4","77683","0","349598","349126","NA","NA","0","355899","349581","406802","430882","430861","0","431478","0","349582","355878","NA","0","NA","0","0","355060","432063","66039","NA","430859","LexicalDecision"
"No","422","1","2","Random","4","1","1","m","C:/Users/hulsm/Documents/School/Methods_CCS/Lexical_descision","468","legacy","xpyriment","0.9602272727272727","m","422","0.96","easy","eeejlutw","4","77683","0","349598","349126","NA","NA","0","355899","349581","406802","432648","432628","0","433274","0","349582","355878","NA","0","NA","0","0","355060","433697","66039","NA","432628","LexicalDecision"
"No","834","1","2","LF","2","1","1","n","C:/Users/hulsm/Documents/School/Methods_CCS/Lexical_descision","461","legacy","xpyriment","0.96045197740113","n","834","0.96","hard","geurtjes","4","77683","0","349598","349126","NA","NA","0","355899","349581","406802","434306","434286","0","434921","0","349582","355878","NA","0","NA","0","0","355060","435757","66039","NA","434284","LexicalDecision"
"No","477","1","2","HF","1","1","1","n","C:/Users/hulsm/Documents/School/Methods_CCS/Lexical_descision","504","legacy","xpyriment","0.9606741573033708","n","477","0.96","easy","schaal","4","77683","0","349598","349126","NA","NA","0","355899","349581","406802","436331","436311","0","436987","0","349582","355878","NA","0","NA","0","0","355060","437466","66039","NA","436310","LexicalDecision"
"No","546","1","2","Pseudo","3","1","1","m","C:/Users/hulsm/Documents/School/Methods_CCS/Lexical_descision","407","legacy","xpyriment","0.9608938547486033","m","546","0.96","hard","meikt","4","77683","0","349598","349126","NA","NA","0","355899","349581","406802","438052","438033","0","438611","0","349582","355878","NA","0","NA","0","0","355060","439159","66039","NA","438032","LexicalDecision"
"No","563","1","2","LF","2","1","1","n","C:/Users/hulsm/Documents/School/Methods_CCS/Lexical_descision","509","legacy","xpyriment","0.9611111111111111","n","563","0.96","hard","biscuit","4","77683","0","349598","349126","NA","NA","0","355899","349581","406802","439742","439721","0","440399","0","349582","355878","NA","0","NA","0","0","355060","440964","66039","NA","439720","LexicalDecision"
"No","664","1","2","LF","2","1","1","n","C:/Users/hulsm/Documents/School/Methods_CCS/Lexical_descision","592","legacy","xpyriment","0.9613259668508287","n","664","0.96","hard","bijwoord","4","77683","0","349598","349126","NA","NA","0","355899","349581","406802","441552","441531","0","442294","0","349582","355878","NA","0","NA","0","0","355060","442959","66039","NA","441530","LexicalDecision"
"No","545","1","2","Pseudo","3","1","1","m","C:/Users/hulsm/Documents/School/Methods_CCS/Lexical_descision","466","legacy","xpyriment","0.9615384615384616","m","545","0.96","hard","speemt","4","77683","0","349598","349126","NA","NA","0","355899","349581","406802","443554","443534","0","444173","0","349582","355878","NA","0","NA","0","0","355060","444720","66039","NA","443533","LexicalDecision"
"No","739","1","2","LF","2","1","1","n","C:/Users/hulsm/Documents/School/Methods_CCS/Lexical_descision","567","legacy","xpyriment","0.9617486338797814","n","739","0.96","hard","schaats","4","77683","0","349598","349126","NA","NA","0","355899","349581","406802","445304","445284","0","446025","0","349582","355878","NA","0","NA","0","0","355060","446765","66039","NA","445282","LexicalDecision"
"No","555","1","2","Pseudo","3","1","1","m","C:/Users/hulsm/Documents/School/Methods_CCS/Lexical_descision","582","legacy","xpyriment","0.9619565217391305","m","555","0.96","hard","splingen","4","77683","0","349598","349126","NA","NA","0","355899","349581","406802","447347","447327","0","448084","0","349582","355878","NA","0","NA","0","0","355060","448641","66039","NA","447327","LexicalDecision"
"No","469","1","2","LF","2","1","1","n","C:/Users/hulsm/Documents/School/Methods_CCS/Lexical_descision","402","legacy","xpyriment","0.9621621621621622","n","469","0.96","hard","tonijn","4","77683","0","349598","349126","NA","NA","0","355899","349581","406802","449221","449202","0","449777","0","349582","355878","NA","0","NA","0","0","355060","450249","66039","NA","449202","LexicalDecision"
"No","714","1","2","LF","2","1","1","n","C:/Users/hulsm/Documents/School/Methods_CCS/Lexical_descision","407","legacy","xpyriment","0.9623655913978495","n","714","0.96","hard","slijper","4","77683","0","349598","349126","NA","NA","0","355899","349581","406802","450870","450851","0","451433","0","349582","355878","NA","0","NA","0","0","355060","452149","66039","NA","450850","LexicalDecision"
"No","471","1","2","HF","1","1","1","n","C:/Users/hulsm/Documents/School/Methods_CCS/Lexical_descision","412","legacy","xpyriment","0.9625668449197861","n","471","1.0","easy","systeem","4","77683","0","349598","349126","NA","NA","0","355899","349581","406802","452729","452706","0","453295","0","349582","355878","NA","0","NA","0","0","355060","453768","66039","NA","452705","LexicalDecision"
"No","506","1","2","LF","2","1","1","n","C:/Users/hulsm/Documents/School/Methods_CCS/Lexical_descision","527","legacy","xpyriment","0.9627659574468085","n","506","1.0","hard","kanons","4","77683","0","349598","349126","NA","NA","0","355899","349581","406802","454380","454358","0","455060","0","349582","355878","NA","0","NA","0","0","355060","455568","66039","NA","454357","LexicalDecision"
"No","851","1","2","LF","2","1","1","n","C:/Users/hulsm/Documents/School/Methods_CCS/Lexical_descision","511","legacy","xpyriment","0.9629629629629629","n","851","1.0","hard","printers","4","77683","0","349598","349126","NA","NA","0","355899","349581","406802","456199","456177","0","456856","0","349582","355878","NA","0","NA","0","0","355060","457708","66039","NA","456176","LexicalDecision"
"No","650","1","2","Pseudo","3","1","1","m","C:/Users/hulsm/Documents/School/Methods_CCS/Lexical_descision","441","legacy","xpyriment","0.9631578947368421","m","650","1.0","hard","geboop","4","77683","0","349598","349126","NA","NA","0","355899","349581","406802","458293","458272","0","458885","0","349582","355878","NA","0","NA","0","0","355060","459537","66039","NA","458271","LexicalDecision"
"No","586","1","2","LF","2","1","1","n","C:/Users/hulsm/Documents/School/Methods_CCS/Lexical_descision","566","legacy","xpyriment","0.9633507853403142","n","586","1.0","hard","mopjes","4","77683","0","349598","349126","NA","NA","0","355899","349581","406802","460134","460114","0","460849","0","349582","355878","NA","0","NA","0","0","355060","461437","66039","NA","460113","LexicalDecision"
"No","517","1","2","Pseudo","3","1","1","m","C:/Users/hulsm/Documents/School/Methods_CCS/Lexical_descision","463","legacy","xpyriment","0.9635416666666666","m","517","1.0","hard","lolk","4","77683","0","349598","349126","NA","NA","0","355899","349581","406802","462050","462031","0","462662","0","349582","355878","NA","0","NA","0","0","355060","463180","66039","NA","462030","LexicalDecision"
"No","455","1","2","Random","4","1","1","m","C:/Users/hulsm/Documents/School/Methods_CCS/Lexical_descision","547","legacy","xpyriment","0.9637305699481865","m","455","1.0","easy","etsefji","4","77683","0","349598","349126","NA","NA","0","355899","349581","406802","463793","463772","0","464493","0","349582","355878","NA","0","NA","0","0","355060","464950","66039","NA","463771","LexicalDecision"
"No","435","1","2","Random","4","1","1","m","C:/Users/hulsm/Documents/School/Methods_CCS/Lexical_descision","583","legacy","xpyriment","0.9639175257731959","m","435","1.0","easy","prsuten","4","77683","0","349598","349126","NA","NA","0","355899","349581","406802","465568","465546","0","466299","0","349582","355878","NA","0","NA","0","0","355060","466737","66039","NA","465546","LexicalDecision"
"No","675","1","2","Pseudo","3","1","1","m","C:/Users/hulsm/Documents/School/Methods_CCS/Lexical_descision","494","legacy","xpyriment","0.9641025641025641","m","675","1.0","hard","brijs","4","77683","0","349598","349126","NA","NA","0","355899","349581","406802","467322","467301","0","467967","0","349582","355878","NA","0","NA","0","0","355060","468644","66039","NA","467300","LexicalDecision"
"No","511","1","2","LF","2","1","1","n","C:/Users/hulsm/Documents/School/Methods_CCS/Lexical_descision","582","legacy","xpyriment","0.9642857142857143","n","511","1.0","hard","snack","4","77683","0","349598","349126","NA","NA","0","355899","349581","406802","469228","469208","0","469962","0","349582","355878","NA","0","NA","0","0","355060","470475","66039","NA","469207","LexicalDecision"
"No","547","1","2","Random","4","1","1","m","C:/Users/hulsm/Documents/School/Methods_CCS/Lexical_descision","587","legacy","xpyriment","0.9644670050761421","m","547","1.0","easy","avulki","4","77683","0","349598","349126","NA","NA","0","355899","349581","406802","471053","471033","0","471793","0","349582","355878","NA","0","NA","0","0","355060","472342","66039","NA","471032","LexicalDecision"
"No","636","1","2","Pseudo","3","1","1","m","C:/Users/hulsm/Documents/School/Methods_CCS/Lexical_descision","411","legacy","xpyriment","0.9646464646464646","m","636","1.0","hard","blat","4","77683","0","349598","349126","NA","NA","0","355899","349581","406802","472917","472897","0","473479","0","349582","355878","NA","0","NA","0","0","355060","474117","66039","NA","472896","LexicalDecision"
"No","683","1","2","LF","2","1","1","n","C:/Users/hulsm/Documents/School/Methods_CCS/Lexical_descision","463","legacy","xpyriment","0.964824120603015","n","683","1.0","hard","barons","4","77683","0","349598","349126","NA","NA","0","355899","349581","406802","474705","474683","0","475322","0","349582","355878","NA","0","NA","0","0","355060","476007","66039","NA","474681","LexicalDecision"
"No","571","1","2","LF","2","1","1","n","C:/Users/hulsm/Documents/School/Methods_CCS/Lexical_descision","473","legacy","xpyriment","0.965","n","571","1.0","hard","mail","4","77683","0","349598","349126","NA","NA","0","355899","349581","406802","476598","476577","0","477225","0","349582","355878","NA","0","NA","0","0","355060","477799","66039","NA","476575","LexicalDecision"
"No","721","1","2","Pseudo","3","1","1","m","C:/Users/hulsm/Documents/School/Methods_CCS/Lexical_descision","449","legacy","xpyriment","0.9651741293532339","m","721","1.0","hard","gedoerd","4","77683","0","349598","349126","NA","NA","0","355899","349581","406802","478369","478349","0","478967","0","349582","355878","NA","0","NA","0","0","355060","479689","66039","NA","478347","LexicalDecision"
"No","588","1","2","Pseudo","3","1","1","m","C:/Users/hulsm/Documents/School/Methods_CCS/Lexical_descision","433","legacy","xpyriment","0.9653465346534653","m","588","1.0","hard","voont","4","77683","0","349598","349126","NA","NA","0","355899","349581","406802","480274","480253","0","480860","0","349582","355878","NA","0","NA","0","0","355060","481450","66039","NA","480252","LexicalDecision"
"No","635","1","2","LF","2","1","1","n","C:/Users/hulsm/Documents/School/Methods_CCS/Lexical_descision","479","legacy","xpyriment","0.9655172413793104","n","635","1.0","hard","jokers","4","77683","0","349598","349126","NA","NA","0","355899","349581","406802","482073","482050","0","482709","0","349582","355878","NA","0","NA","0","0","355060","483346","66039","NA","482049","LexicalDecision"
"No","474","1","2","Pseudo","3","1","1","m","C:/Users/hulsm/Documents/School/Methods_CCS/Lexical_descision","501","legacy","xpyriment","0.9656862745098039","m","474","1.0","hard","miot","4","77683","0","349598","349126","NA","NA","0","355899","349581","406802","483924","483902","0","484573","0","349582","355878","NA","0","NA","0","0","355060","485049","66039","NA","483901","LexicalDecision"
"No","1049","0","2","LF","2","0","0","n","C:/Users/hulsm/Documents/School/Methods_CCS/Lexical_descision","519","legacy","xpyriment","0.9609756097560975","m","1049","0.96","hard","giraf","4","77683","0","349598","349126","NA","NA","0","355899","349581","487512","485637","485617","0","486305","0","349582","355878","NA","0","NA","0","0","355060","487356","66039","NA","485616","LexicalDecision"
"No","680","1","2","LF","2","1","1","n","C:/Users/hulsm/Documents/School/Methods_CCS/Lexical_descision","589","legacy","xpyriment","0.9611650485436893","n","680","0.96","hard","zoutvat","4","77683","0","349598","349126","NA","NA","0","355899","349581","487512","490136","490113","0","490878","0","349582","355878","NA","0","NA","0","0","355060","491560","66039","NA","490113","LexicalDecision"
"No","716","1","2","LF","2","1","1","n","C:/Users/hulsm/Documents/School/Methods_CCS/Lexical_descision","479","legacy","xpyriment","0.961352657004831","n","716","0.96","hard","gleufje","4","77683","0","349598","349126","NA","NA","0","355899","349581","487512","492148","492130","0","492781","0","349582","355878","NA","0","NA","0","0","355060","493498","66039","NA","492129","LexicalDecision"
"No","574","1","2","Pseudo","3","1","1","m","C:/Users/hulsm/Documents/School/Methods_CCS/Lexical_descision","581","legacy","xpyriment","0.9615384615384616","m","574","0.96","hard","haad","4","77683","0","349598","349126","NA","NA","0","355899","349581","487512","494071","494052","0","494805","0","349582","355878","NA","0","NA","0","0","355060","495381","66039","NA","494051","LexicalDecision"
"No","515","1","2","HF","1","1","1","n","C:/Users/hulsm/Documents/School/Methods_CCS/Lexical_descision","483","legacy","xpyriment","0.9617224880382775","n","515","0.96","easy","winst","4","77683","0","349598","349126","NA","NA","0","355899","349581","487512","495965","495945","0","496596","0","349582","355878","NA","0","NA","0","0","355060","497112","66039","NA","495944","LexicalDecision"
"No","777","1","2","LF","2","1","1","n","C:/Users/hulsm/Documents/School/Methods_CCS/Lexical_descision","427","legacy","xpyriment","0.9619047619047619","n","777","0.96","hard","weekjes","4","77683","0","349598","349126","NA","NA","0","355899","349581","487512","497691","497673","0","498268","0","349582","355878","NA","0","NA","0","0","355060","499047","66039","NA","497672","LexicalDecision"
"No","515","1","2","LF","2","1","1","n","C:/Users/hulsm/Documents/School/Methods_CCS/Lexical_descision","543","legacy","xpyriment","0.9620853080568721","n","515","0.96","hard","vorkjes","4","77683","0","349598","349126","NA","NA","0","355899","349581","487512","499669","499648","0","500365","0","349582","355878","NA","0","NA","0","0","355060","500882","66039","NA","499647","LexicalDecision"
"No","530","1","2","Pseudo","3","1","1","m","C:/Users/hulsm/Documents/School/Methods_CCS/Lexical_descision","467","legacy","xpyriment","0.9622641509433962","m","530","0.96","hard","melster","4","77683","0","349598","349126","NA","NA","0","355899","349581","487512","501473","501452","0","502095","0","349582","355878","NA","0","NA","0","0","355060","502627","66039","NA","501451","LexicalDecision"
"No","634","1","2","Pseudo","3","1","1","m","C:/Users/hulsm/Documents/School/Methods_CCS/Lexical_descision","478","legacy","xpyriment","0.9624413145539906","m","634","0.96","hard","gegaald","4","77683","0","349598","349126","NA","NA","0","355899","349581","487512","503207","503186","0","503840","0","349582","355878","NA","0","NA","0","0","355060","504476","66039","NA","503185","LexicalDecision"
"No","502","1","2","Pseudo","3","1","1","m","C:/Users/hulsm/Documents/School/Methods_CCS/Lexical_descision","469","legacy","xpyriment","0.9626168224299065","m","502","0.96","hard","boop","4","77683","0","349598","349126","NA","NA","0","355899","349581","487512","505070","505048","0","505686","0","349582","355878","NA","0","NA","0","0","355060","506190","66039","NA","505047","LexicalDecision"
"No","575","1","2","Pseudo","3","1","1","m","C:/Users/hulsm/Documents/School/Methods_CCS/Lexical_descision","460","legacy","xpyriment","0.9627906976744186","m","575","0.96","hard","hanten","4","77683","0","349598","349126","NA","NA","0","355899","349581","487512","506777","506756","0","507391","0","349582","355878","NA","0","NA","0","0","355060","507968","66039","NA","506756","LexicalDecision"
"No","442","1","2","Pseudo","3","1","1","m","C:/Users/hulsm/Documents/School/Methods_CCS/Lexical_descision","398","legacy","xpyriment","0.9629629629629629","m","442","0.96","hard","lecht","4","77683","0","349598","349126","NA","NA","0","355899","349581","487512","508558","508538","0","509109","0","349582","355878","NA","0","NA","0","0","355060","509553","66039","NA","508537","LexicalDecision"
"No","622","1","2","LF","2","1","1","n","C:/Users/hulsm/Documents/School/Methods_CCS/Lexical_descision","483","legacy","xpyriment","0.9631336405529954","n","622","0.96","hard","drumstel","4","77683","0","349598","349126","NA","NA","0","355899","349581","487512","510143","510124","0","510777","0","349582","355878","NA","0","NA","0","0","355060","511401","66039","NA","510123","LexicalDecision"
"No","615","1","2","LF","2","1","1","n","C:/Users/hulsm/Documents/School/Methods_CCS/Lexical_descision","464","legacy","xpyriment","0.963302752293578","n","615","0.96","hard","larve","4","77683","0","349598","349126","NA","NA","0","355899","349581","487512","511983","511962","0","512594","0","349582","355878","NA","0","NA","0","0","355060","513211","66039","NA","511961","LexicalDecision"
"No","514","1","2","LF","2","1","1","n","C:/Users/hulsm/Documents/School/Methods_CCS/Lexical_descision","457","legacy","xpyriment","0.9634703196347032","n","514","0.96","hard","zeiltje","4","77683","0","349598","349126","NA","NA","0","355899","349581","487512","513839","513819","0","514452","0","349582","355878","NA","0","NA","0","0","355060","514969","66039","NA","513818","LexicalDecision"
"No","622","1","2","Pseudo","3","1","1","m","C:/Users/hulsm/Documents/School/Methods_CCS/Lexical_descision","535","legacy","xpyriment","0.9636363636363636","m","622","0.96","hard","kang","4","77683","0","349598","349126","NA","NA","0","355899","349581","487512","515561","515538","0","516244","0","349582","355878","NA","0","NA","0","0","355060","516868","66039","NA","515538","LexicalDecision"
"No","550","1","2","Pseudo","3","1","1","m","C:/Users/hulsm/Documents/School/Methods_CCS/Lexical_descision","491","legacy","xpyriment","0.9638009049773756","m","550","0.96","hard","zoosje","4","77683","0","349598","349126","NA","NA","0","355899","349581","487512","517468","517447","0","518114","0","349582","355878","NA","0","NA","0","0","355060","518665","66039","NA","517446","LexicalDecision"
"No","484","1","2","Pseudo","3","1","1","m","C:/Users/hulsm/Documents/School/Methods_CCS/Lexical_descision","483","legacy","xpyriment","0.963963963963964","m","484","0.96","hard","zoezer","4","77683","0","349598","349126","NA","NA","0","355899","349581","487512","519286","519264","0","519915","0","349582","355878","NA","0","NA","0","0","355060","520401","66039","NA","519263","LexicalDecision"
"No","479","1","2","LF","2","1","1","n","C:/Users/hulsm/Documents/School/Methods_CCS/Lexical_descision","543","legacy","xpyriment","0.9641255605381166","n","479","0.96","hard","vormpjes","4","77683","0","349598","349126","NA","NA","0","355899","349581","487512","521026","521008","0","521724","0","349582","355878","NA","0","NA","0","0","355060","522205","66039","NA","521007","LexicalDecision"
"No","699","1","2","LF","2","1","1","n","C:/Users/hulsm/Documents/School/Methods_CCS/Lexical_descision","465","legacy","xpyriment","0.9642857142857143","n","699","0.96","hard","disco's","4","77683","0","349598","349126","NA","NA","0","355899","349581","487512","522789","522769","0","523403","0","349582","355878","NA","0","NA","0","0","355060","524104","66039","NA","522768","LexicalDecision"
"No","459","1","2","Pseudo","3","1","1","m","C:/Users/hulsm/Documents/School/Methods_CCS/Lexical_descision","570","legacy","xpyriment","0.9644444444444444","m","459","0.96","hard","istief","4","77683","0","349598","349126","NA","NA","0","355899","349581","487512","524734","524714","0","525452","0","349582","355878","NA","0","NA","0","0","355060","525912","66039","NA","524713","LexicalDecision"
"No","517","1","2","Pseudo","3","1","1","m","C:/Users/hulsm/Documents/School/Methods_CCS/Lexical_descision","556","legacy","xpyriment","0.9646017699115044","m","517","0.96","hard","cijzelk","4","77683","0","349598","349126","NA","NA","0","355899","349581","487512","526491","526471","0","527203","0","349582","355878","NA","0","NA","0","0","355060","527722","66039","NA","526470","LexicalDecision"
"No","661","1","2","Pseudo","3","1","1","m","C:/Users/hulsm/Documents/School/Methods_CCS/Lexical_descision","489","legacy","xpyriment","0.9647577092511013","m","661","0.96","hard","faarten","4","77683","0","349598","349126","NA","NA","0","355899","349581","487512","528315","528294","0","528953","0","349582","355878","NA","0","NA","0","0","355060","529616","66039","NA","528293","LexicalDecision"
"No","571","1","2","LF","2","1","1","n","C:/Users/hulsm/Documents/School/Methods_CCS/Lexical_descision","533","legacy","xpyriment","0.9649122807017544","n","571","0.96","hard","buizerds","4","77683","0","349598","349126","NA","NA","0","355899","349581","487512","530193","530174","0","530876","0","349582","355878","NA","0","NA","0","0","355060","531449","66039","NA","530173","LexicalDecision"
"No","617","1","2","Pseudo","3","1","1","m","C:/Users/hulsm/Documents/School/Methods_CCS/Lexical_descision","529","legacy","xpyriment","0.9650655021834061","m","617","0.96","hard","scappen","4","77683","0","349598","349126","NA","NA","0","355899","349581","487512","532035","532014","0","532710","0","349582","355878","NA","0","NA","0","0","355060","533329","66039","NA","532013","LexicalDecision"
"No","565","1","2","LF","2","1","1","n","C:/Users/hulsm/Documents/School/Methods_CCS/Lexical_descision","519","legacy","xpyriment","0.9652173913043478","n","565","1.0","hard","maandje","4","77683","0","349598","349126","NA","NA","0","355899","349581","487512","533914","533892","0","534593","0","349582","355878","NA","0","NA","0","0","355060","535160","66039","NA","533891","LexicalDecision"
"No","687","1","2","Pseudo","3","1","1","m","C:/Users/hulsm/Documents/School/Methods_CCS/Lexical_descision","400","legacy","xpyriment","0.9653679653679653","m","687","1.0","hard","hant","4","77683","0","349598","349126","NA","NA","0","355899","349581","487512","535728","535708","0","536290","0","349582","355878","NA","0","NA","0","0","355060","536979","66039","NA","535707","LexicalDecision"
"No","463","1","2","Pseudo","3","1","1","m","C:/Users/hulsm/Documents/School/Methods_CCS/Lexical_descision","537","legacy","xpyriment","0.9655172413793104","m","463","1.0","hard","behurg","4","77683","0","349598","349126","NA","NA","0","355899","349581","487512","537551","537531","0","538245","0","349582","355878","NA","0","NA","0","0","355060","538711","66039","NA","537529","LexicalDecision"
"No","572","1","2","Pseudo","3","1","1","m","C:/Users/hulsm/Documents/School/Methods_CCS/Lexical_descision","576","legacy","xpyriment","0.9656652360515021","m","572","1.0","hard","doeders","4","77683","0","349598","349126","NA","NA","0","355899","349581","487512","539326","539307","0","540045","0","349582","355878","NA","0","NA","0","0","355060","540618","66039","NA","539306","LexicalDecision"
"No","515","1","2","Pseudo","3","1","1","m","C:/Users/hulsm/Documents/School/Methods_CCS/Lexical_descision","460","legacy","xpyriment","0.9658119658119658","m","515","1.0","hard","stezen","4","77683","0","349598","349126","NA","NA","0","355899","349581","487512","541201","541179","0","541819","0","349582","355878","NA","0","NA","0","0","355060","542336","66039","NA","541178","LexicalDecision"
"No","438","1","2","Pseudo","3","1","1","m","C:/Users/hulsm/Documents/School/Methods_CCS/Lexical_descision","477","legacy","xpyriment","0.9659574468085106","m","438","1.0","hard","broog","4","77683","0","349598","349126","NA","NA","0","355899","349581","487512","542916","542898","0","543542","0","349582","355878","NA","0","NA","0","0","355060","543981","66039","NA","542897","LexicalDecision"
"No","630","1","2","Pseudo","3","1","1","m","C:/Users/hulsm/Documents/School/Methods_CCS/Lexical_descision","410","legacy","xpyriment","0.9661016949152542","m","630","1.0","hard","deurt","4","77683","0","349598","349126","NA","NA","0","355899","349581","487512","544565","544545","0","545134","0","349582","355878","NA","0","NA","0","0","355060","545767","66039","NA","544544","LexicalDecision"
"No","781","1","2","LF","2","1","1","n","C:/Users/hulsm/Documents/School/Methods_CCS/Lexical_descision","533","legacy","xpyriment","0.9662447257383966","n","781","1.0","hard","typist","4","77683","0","349598","349126","NA","NA","0","355899","349581","487512","546352","546331","0","547038","0","349582","355878","NA","0","NA","0","0","355060","547821","66039","NA","546330","LexicalDecision"
"No","600","1","2","HF","1","1","1","n","C:/Users/hulsm/Documents/School/Methods_CCS/Lexical_descision","510","legacy","xpyriment","0.9663865546218487","n","600","1.0","easy","verder","4","77683","0","349598","349126","NA","NA","0","355899","349581","487512","548403","548383","0","549058","0","349582","355878","NA","0","NA","0","0","355060","549660","66039","NA","548382","LexicalDecision"
"No","673","1","2","Pseudo","3","1","1","m","C:/Users/hulsm/Documents/School/Methods_CCS/Lexical_descision","437","legacy","xpyriment","0.9665271966527197","m","673","1.0","hard","bletje","4","77683","0","349598","349126","NA","NA","0","355899","349581","487512","550232","550211","0","550823","0","349582","355878","NA","0","NA","0","0","355060","551498","66039","NA","550210","LexicalDecision"
"No","459","1","2","Pseudo","3","1","1","m","C:/Users/hulsm/Documents/School/Methods_CCS/Lexical_descision","422","legacy","xpyriment","0.9666666666666667","m","459","1.0","hard","snaan","4","77683","0","349598","349126","NA","NA","0","355899","349581","487512","552079","552060","0","552648","0","349582","355878","NA","0","NA","0","0","355060","553109","66039","NA","552060","LexicalDecision"
"No","525","1","2","LF","2","1","1","n","C:/Users/hulsm/Documents/School/Methods_CCS/Lexical_descision","465","legacy","xpyriment","0.966804979253112","n","525","1.0","hard","najaars","4","77683","0","349598","349126","NA","NA","0","355899","349581","487512","553693","553672","0","554308","0","349582","355878","NA","0","NA","0","0","355060","554836","66039","NA","553671","LexicalDecision"
"No","413","1","2","Random","4","1","1","m","C:/Users/hulsm/Documents/School/Methods_CCS/Lexical_descision","593","legacy","xpyriment","0.9669421487603306","m","413","1.0","easy","seorbt","4","77683","0","349598","349126","NA","NA","0","355899","349581","487512","555425","555402","0","556165","0","349582","355878","NA","0","NA","0","0","355060","556580","66039","NA","555402","LexicalDecision"
"No","474","1","2","HF","1","1","1","n","C:/Users/hulsm/Documents/School/Methods_CCS/Lexical_descision","470","legacy","xpyriment","0.9670781893004116","n","474","1.0","easy","lachend","4","77683","0","349598","349126","NA","NA","0","355899","349581","487512","557173","557152","0","557795","0","349582","355878","NA","0","NA","0","0","355060","558271","66039","NA","557150","LexicalDecision"
"No","465","1","2","Pseudo","3","1","1","m","C:/Users/hulsm/Documents/School/Methods_CCS/Lexical_descision","469","legacy","xpyriment","0.9672131147540983","m","465","1.0","hard","loel","4","77683","0","349598","349126","NA","NA","0","355899","349581","487512","558849","558829","0","559469","0","349582","355878","NA","0","NA","0","0","355060","559936","66039","NA","558828","LexicalDecision"
"No","570","1","2","LF","2","1","1","n","C:/Users/hulsm/Documents/School/Methods_CCS/Lexical_descision","552","legacy","xpyriment","0.9673469387755103","n","570","1.0","hard","mossels","4","77683","0","349598","349126","NA","NA","0","355899","349581","487512","560559","560539","0","561260","0","349582","355878","NA","0","NA","0","0","355060","561833","66039","NA","560538","LexicalDecision"
"No","764","1","2","HF","1","1","1","n","C:/Users/hulsm/Documents/School/Methods_CCS/Lexical_descision","447","legacy","xpyriment","0.967479674796748","n","764","1.0","easy","waarvan","4","77683","0","349598","349126","NA","NA","0","355899","349581","487512","562415","562395","0","563014","0","349582","355878","NA","0","NA","0","0","355060","563781","66039","NA","562394","LexicalDecision"
"No","1585","1","2","LF","2","1","1","n","C:/Users/hulsm/Documents/School/Methods_CCS/Lexical_descision","409","legacy","xpyriment","0.9676113360323887","n","1585","1.0","hard","lijkjes","4","77683","0","349598","349126","NA","NA","0","355899","349581","487512","564356","564334","0","564917","0","349582","355878","NA","0","NA","0","0","355060","566505","66039","NA","564333","LexicalDecision"
"No","458","1","2","Pseudo","3","1","1","m","C:/Users/hulsm/Documents/School/Methods_CCS/Lexical_descision","527","legacy","xpyriment","0.967741935483871","m","458","1.0","hard","rijle","4","77683","0","349598","349126","NA","NA","0","355899","349581","487512","567095","567071","0","567774","0","349582","355878","NA","0","NA","0","0","355060","568234","66039","NA","567070","LexicalDecision"
"No","542","1","2","LF","2","1","1","n","C:/Users/hulsm/Documents/School/Methods_CCS/Lexical_descision","526","legacy","xpyriment","0.9678714859437751","n","542","1.0","hard","clowntje","4","77683","0","349598","349126","NA","NA","0","355899","349581","487512","568814","568794","0","569486","0","349582","355878","NA","0","NA","0","0","355060","570031","66039","NA","568793","LexicalDecision"
"No","914","0","2","Pseudo","3","0","0","m","C:/Users/hulsm/Documents/School/Methods_CCS/Lexical_descision","486","legacy","xpyriment","0.964","n","914","0.96","hard","drengt","4","77683","0","349598","349126","NA","NA","0","355899","349581","572326","570620","570601","0","571262","0","349582","355878","NA","0","NA","0","0","355060","572179","66039","NA","570599","LexicalDecision"
"No","937","1","2","LF","2","1","1","n","C:/Users/hulsm/Documents/School/Methods_CCS/Lexical_descision","477","legacy","xpyriment","0.9641434262948207","n","937","0.96","hard","turbo","4","77683","0","349598","349126","NA","NA","0","355899","349581","572326","574947","574924","0","575577","0","349582","355878","NA","0","NA","0","0","355060","576517","66039","NA","574924","LexicalDecision"
"No","558","1","2","LF","2","1","1","n","C:/Users/hulsm/Documents/School/Methods_CCS/Lexical_descision","563","legacy","xpyriment","0.9642857142857143","n","558","0.96","hard","drum","4","77683","0","349598","349126","NA","NA","0","355899","349581","572326","577095","577074","0","577816","0","349582","355878","NA","0","NA","0","0","355060","578376","66039","NA","577073","LexicalDecision"
"No","617","1","2","Pseudo","3","1","1","m","C:/Users/hulsm/Documents/School/Methods_CCS/Lexical_descision","581","legacy","xpyriment","0.9644268774703557","m","617","0.96","hard","dechten","4","77683","0","349598","349126","NA","NA","0","355899","349581","572326","578999","578979","0","579740","0","349582","355878","NA","0","NA","0","0","355060","580359","66039","NA","578978","LexicalDecision"
"No","470","1","2","Pseudo","3","1","1","m","C:/Users/hulsm/Documents/School/Methods_CCS/Lexical_descision","411","legacy","xpyriment","0.9645669291338582","m","470","0.96","hard","jaam","4","77683","0","349598","349126","NA","NA","0","355899","349581","572326","580936","580916","0","581505","0","349582","355878","NA","0","NA","0","0","355060","581977","66039","NA","580915","LexicalDecision"
"No","553","1","2","LF","2","1","1","n","C:/Users/hulsm/Documents/School/Methods_CCS/Lexical_descision","546","legacy","xpyriment","0.9647058823529412","n","553","0.96","hard","coupon","4","77683","0","349598","349126","NA","NA","0","355899","349581","572326","582597","582576","0","583299","0","349582","355878","NA","0","NA","0","0","355060","583853","66039","NA","582575","LexicalDecision"
"No","495","1","2","Pseudo","3","1","1","m","C:/Users/hulsm/Documents/School/Methods_CCS/Lexical_descision","518","legacy","xpyriment","0.96484375","m","495","0.96","hard","schont","4","77683","0","349598","349126","NA","NA","0","355899","349581","572326","584437","584415","0","585104","0","349582","355878","NA","0","NA","0","0","355060","585601","66039","NA","584414","LexicalDecision"
"No","635","1","2","LF","2","1","1","n","C:/Users/hulsm/Documents/School/Methods_CCS/Lexical_descision","491","legacy","xpyriment","0.9649805447470817","n","635","0.96","hard","cartoon","4","77683","0","349598","349126","NA","NA","0","355899","349581","572326","586204","586185","0","586847","0","349582","355878","NA","0","NA","0","0","355060","587484","66039","NA","586183","LexicalDecision"
"No","550","1","2","LF","2","1","1","n","C:/Users/hulsm/Documents/School/Methods_CCS/Lexical_descision","470","legacy","xpyriment","0.9651162790697675","n","550","0.96","hard","surfers","4","77683","0","349598","349126","NA","NA","0","355899","349581","572326","588062","588041","0","588682","0","349582","355878","NA","0","NA","0","0","355060","589234","66039","NA","588040","LexicalDecision"
"No","553","1","2","Pseudo","3","1","1","m","C:/Users/hulsm/Documents/School/Methods_CCS/Lexical_descision","426","legacy","xpyriment","0.9652509652509652","m","553","0.96","hard","viet","4","77683","0","349598","349126","NA","NA","0","355899","349581","572326","589812","589792","0","590385","0","349582","355878","NA","0","NA","0","0","355060","590940","66039","NA","589791","LexicalDecision"
"No","648","1","2","HF","1","1","1","n","C:/Users/hulsm/Documents/School/Methods_CCS/Lexical_descision","413","legacy","xpyriment","0.9653846153846154","n","648","0.96","easy","haar","4","77683","0","349598","349126","NA","NA","0","355899","349581","572326","591523","591505","0","592093","0","349582","355878","NA","0","NA","0","0","355060","592743","66039","NA","591504","LexicalDecision"
"No","554","1","2","Pseudo","3","1","1","m","C:/Users/hulsm/Documents/School/Methods_CCS/Lexical_descision","588","legacy","xpyriment","0.9655172413793104","m","554","0.96","hard","gelard","4","77683","0","349598","349126","NA","NA","0","355899","349581","572326","593329","593308","0","594068","0","349582","355878","NA","0","NA","0","0","355060","594624","66039","NA","593307","LexicalDecision"
"No","578","1","2","Pseudo","3","1","1","m","C:/Users/hulsm/Documents/School/Methods_CCS/Lexical_descision","491","legacy","xpyriment","0.9656488549618321","m","578","0.96","hard","bemend","4","77683","0","349598","349126","NA","NA","0","355899","349581","572326","595259","595239","0","595901","0","349582","355878","NA","0","NA","0","0","355060","596481","66039","NA","595237","LexicalDecision"
"No","498","1","2","Pseudo","3","1","1","m","C:/Users/hulsm/Documents/School/Methods_CCS/Lexical_descision","579","legacy","xpyriment","0.9657794676806084","m","498","0.96","hard","prappen","4","77683","0","349598","349126","NA","NA","0","355899","349581","572326","597088","597066","0","597821","0","349582","355878","NA","0","NA","0","0","355060","598320","66039","NA","597066","LexicalDecision"
"No","670","1","2","LF","2","1","1","n","C:/Users/hulsm/Documents/School/Methods_CCS/Lexical_descision","581","legacy","xpyriment","0.9659090909090909","n","670","0.96","hard","nestjes","4","77683","0","349598","349126","NA","NA","0","355899","349581","572326","598898","598877","0","599630","0","349582","355878","NA","0","NA","0","0","355060","600301","66039","NA","598876","LexicalDecision"
"No","674","1","2","LF","2","1","1","n","C:/Users/hulsm/Documents/School/Methods_CCS/Lexical_descision","412","legacy","xpyriment","0.9660377358490566","n","674","0.96","hard","sportlui","4","77683","0","349598","349126","NA","NA","0","355899","349581","572326","600886","600867","0","601455","0","349582","355878","NA","0","NA","0","0","355060","602131","66039","NA","600866","LexicalDecision"
"No","488","1","2","LF","2","1","1","n","C:/Users/hulsm/Documents/School/Methods_CCS/Lexical_descision","552","legacy","xpyriment","0.9661654135338346","n","488","0.96","hard","blondjes","4","77683","0","349598","349126","NA","NA","0","355899","349581","572326","602710","602691","0","603413","0","349582","355878","NA","0","NA","0","0","355060","603903","66039","NA","602690","LexicalDecision"
"No","559","1","2","HF","1","1","1","n","C:/Users/hulsm/Documents/School/Methods_CCS/Lexical_descision","512","legacy","xpyriment","0.9662921348314607","n","559","0.96","easy","auteur","4","77683","0","349598","349126","NA","NA","0","355899","349581","572326","604540","604520","0","605200","0","349582","355878","NA","0","NA","0","0","355060","605761","66039","NA","604518","LexicalDecision"
"No","673","1","2","LF","2","1","1","n","C:/Users/hulsm/Documents/School/Methods_CCS/Lexical_descision","571","legacy","xpyriment","0.9664179104477612","n","673","0.96","hard","prisma's","4","77683","0","349598","349126","NA","NA","0","355899","349581","572326","606349","606327","0","607071","0","349582","355878","NA","0","NA","0","0","355060","607746","66039","NA","606326","LexicalDecision"
"No","584","1","2","Pseudo","3","1","1","m","C:/Users/hulsm/Documents/School/Methods_CCS/Lexical_descision","486","legacy","xpyriment","0.966542750929368","m","584","0.96","hard","brop","4","77683","0","349598","349126","NA","NA","0","355899","349581","572326","608347","608326","0","608983","0","349582","355878","NA","0","NA","0","0","355060","609569","66039","NA","608325","LexicalDecision"
"No","561","1","2","LF","2","1","1","n","C:/Users/hulsm/Documents/School/Methods_CCS/Lexical_descision","571","legacy","xpyriment","0.9666666666666667","n","561","0.96","hard","micro's","4","77683","0","349598","349126","NA","NA","0","355899","349581","572326","610162","610141","0","610881","0","349582","355878","NA","0","NA","0","0","355060","611444","66039","NA","610140","LexicalDecision"
"No","978","1","3","Pseudo","3","1","1","m","C:/Users/hulsm/Documents/School/Methods_CCS/Lexical_descision","442","legacy","xpyriment","0.966789667896679","m","978","0.96","hard","hierwee","4","77683","0","612088","611598","NA","NA","0","617794","612073","572326","618228","618205","0","618824","0","612074","617766","NA","0","NA","0","0","617123","619804","66039","NA","618205","LexicalDecision"
"No","512","1","3","LF","2","1","1","n","C:/Users/hulsm/Documents/School/Methods_CCS/Lexical_descision","575","legacy","xpyriment","0.9669117647058824","n","512","0.96","hard","dadel","4","77683","0","612088","611598","NA","NA","0","617794","612073","572326","620384","620363","0","621114","0","612074","617766","NA","0","NA","0","0","617123","621628","66039","NA","620363","LexicalDecision"
"No","583","1","3","Pseudo","3","1","1","m","C:/Users/hulsm/Documents/School/Methods_CCS/Lexical_descision","505","legacy","xpyriment","0.967032967032967","m","583","0.96","hard","strag","4","77683","0","612088","611598","NA","NA","0","617794","612073","572326","622225","622205","0","622881","0","612074","617766","NA","0","NA","0","0","617123","623467","66039","NA","622204","LexicalDecision"
"No","599","1","3","LF","2","1","1","n","C:/Users/hulsm/Documents/School/Methods_CCS/Lexical_descision","575","legacy","xpyriment","0.9671532846715328","n","599","0.96","hard","zaaltjes","4","77683","0","612088","611598","NA","NA","0","617794","612073","572326","624056","624036","0","624782","0","612074","617766","NA","0","NA","0","0","617123","625384","66039","NA","624035","LexicalDecision"
"No","543","1","3","LF","2","1","1","n","C:/Users/hulsm/Documents/School/Methods_CCS/Lexical_descision","491","legacy","xpyriment","0.9672727272727273","n","543","1.0","hard","blaasje","4","77683","0","612088","611598","NA","NA","0","617794","612073","572326","625964","625944","0","626618","0","612074","617766","NA","0","NA","0","0","617123","627163","66039","NA","625943","LexicalDecision"
"No","414","1","3","Pseudo","3","1","1","m","C:/Users/hulsm/Documents/School/Methods_CCS/Lexical_descision","574","legacy","xpyriment","0.967391304347826","m","414","1.0","hard","lelen","4","77683","0","612088","611598","NA","NA","0","617794","612073","572326","627744","627723","0","628472","0","612074","617766","NA","0","NA","0","0","617123","628888","66039","NA","627722","LexicalDecision"
"No","492","1","3","HF","1","1","1","n","C:/Users/hulsm/Documents/School/Methods_CCS/Lexical_descision","587","legacy","xpyriment","0.9675090252707581","n","492","1.0","easy","beeld","4","77683","0","612088","611598","NA","NA","0","617794","612073","572326","629475","629457","0","630214","0","612074","617766","NA","0","NA","0","0","617123","630708","66039","NA","629456","LexicalDecision"
"No","671","1","3","Pseudo","3","1","1","m","C:/Users/hulsm/Documents/School/Methods_CCS/Lexical_descision","414","legacy","xpyriment","0.9676258992805755","m","671","1.0","hard","bijd","4","77683","0","612088","611598","NA","NA","0","617794","612073","572326","631283","631264","0","631853","0","612074","617766","NA","0","NA","0","0","617123","632526","66039","NA","631262","LexicalDecision"
"No","557","1","3","Pseudo","3","1","1","m","C:/Users/hulsm/Documents/School/Methods_CCS/Lexical_descision","446","legacy","xpyriment","0.967741935483871","m","557","1.0","hard","melst","4","77683","0","612088","611598","NA","NA","0","617794","612073","572326","633121","633101","0","633721","0","612074","617766","NA","0","NA","0","0","617123","634280","66039","NA","633101","LexicalDecision"
"No","715","1","3","LF","2","1","1","n","C:/Users/hulsm/Documents/School/Methods_CCS/Lexical_descision","452","legacy","xpyriment","0.9678571428571429","n","715","1.0","hard","proton","4","77683","0","612088","611598","NA","NA","0","617794","612073","572326","634862","634842","0","635472","0","612074","617766","NA","0","NA","0","0","617123","636190","66039","NA","634840","LexicalDecision"
"No","475","1","3","LF","2","1","1","n","C:/Users/hulsm/Documents/School/Methods_CCS/Lexical_descision","584","legacy","xpyriment","0.9679715302491103","n","475","1.0","hard","honkbal","4","77683","0","612088","611598","NA","NA","0","617794","612073","572326","636828","636809","0","637564","0","612074","617766","NA","0","NA","0","0","617123","638041","66039","NA","636808","LexicalDecision"
"No","594","1","3","Pseudo","3","1","1","m","C:/Users/hulsm/Documents/School/Methods_CCS/Lexical_descision","488","legacy","xpyriment","0.9680851063829787","m","594","1.0","hard","ontlerm","4","77683","0","612088","611598","NA","NA","0","617794","612073","572326","638657","638637","0","639299","0","612074","617766","NA","0","NA","0","0","617123","639894","66039","NA","638636","LexicalDecision"
"No","638","0","3","Pseudo","3","0","0","m","C:/Users/hulsm/Documents/School/Methods_CCS/Lexical_descision","481","legacy","xpyriment","0.9646643109540636","n","638","0.96","hard","vusten","4","77683","0","612088","611598","NA","NA","0","617794","612073","641915","640481","640459","0","641116","0","612074","617766","NA","0","NA","0","0","617123","641757","66039","NA","640459","LexicalDecision"
"No","540","1","3","LF","2","1","1","n","C:/Users/hulsm/Documents/School/Methods_CCS/Lexical_descision","471","legacy","xpyriment","0.9647887323943662","n","540","0.96","hard","pasta's","4","77683","0","612088","611598","NA","NA","0","617794","612073","641915","644504","644482","0","645125","0","612074","617766","NA","0","NA","0","0","617123","645667","66039","NA","644482","LexicalDecision"
"No","585","1","3","LF","2","1","1","n","C:/Users/hulsm/Documents/School/Methods_CCS/Lexical_descision","539","legacy","xpyriment","0.9649122807017544","n","585","0.96","hard","graadje","4","77683","0","612088","611598","NA","NA","0","617794","612073","641915","646288","646268","0","646975","0","612074","617766","NA","0","NA","0","0","617123","647562","66039","NA","646266","LexicalDecision"
"No","412","1","3","LF","2","1","1","n","C:/Users/hulsm/Documents/School/Methods_CCS/Lexical_descision","445","legacy","xpyriment","0.965034965034965","n","412","0.96","hard","schepjes","4","77683","0","612088","611598","NA","NA","0","617794","612073","641915","648146","648125","0","648741","0","612074","617766","NA","0","NA","0","0","617123","649156","66039","NA","648124","LexicalDecision"
"No","447","1","3","LF","2","1","1","n","C:/Users/hulsm/Documents/School/Methods_CCS/Lexical_descision","555","legacy","xpyriment","0.9651567944250871","n","447","0.96","hard","piemels","4","77683","0","612088","611598","NA","NA","0","617794","612073","641915","649748","649728","0","650454","0","612074","617766","NA","0","NA","0","0","617123","650903","66039","NA","649727","LexicalDecision"
"No","795","1","3","Pseudo","3","1","1","m","C:/Users/hulsm/Documents/School/Methods_CCS/Lexical_descision","430","legacy","xpyriment","0.9652777777777778","m","795","0.96","hard","slegheid","4","77683","0","612088","611598","NA","NA","0","617794","612073","641915","651516","651496","0","652096","0","612074","617766","NA","0","NA","0","0","617123","652893","66039","NA","651495","LexicalDecision"
"No","604","1","3","LF","2","1","1","n","C:/Users/hulsm/Documents/School/Methods_CCS/Lexical_descision","459","legacy","xpyriment","0.9653979238754326","n","604","0.96","hard","desserts","4","77683","0","612088","611598","NA","NA","0","617794","612073","641915","653489","653469","0","654106","0","612074","617766","NA","0","NA","0","0","617123","654712","66039","NA","653468","LexicalDecision"
"No","527","1","3","Pseudo","3","1","1","m","C:/Users/hulsm/Documents/School/Methods_CCS/Lexical_descision","548","legacy","xpyriment","0.9655172413793104","m","527","0.96","hard","tatel","4","77683","0","612088","611598","NA","NA","0","617794","612073","641915","655304","655284","0","655999","0","612074","617766","NA","0","NA","0","0","617123","656528","66039","NA","655283","LexicalDecision"
"No","490","1","3","Pseudo","3","1","1","m","C:/Users/hulsm/Documents/School/Methods_CCS/Lexical_descision","575","legacy","xpyriment","0.9656357388316151","m","490","0.96","hard","kang","4","77683","0","612088","611598","NA","NA","0","617794","612073","641915","657145","657125","0","657870","0","612074","617766","NA","0","NA","0","0","617123","658362","66039","NA","657125","LexicalDecision"
"No","656","1","3","LF","2","1","1","n","C:/Users/hulsm/Documents/School/Methods_CCS/Lexical_descision","582","legacy","xpyriment","0.9657534246575342","n","656","0.96","hard","chalets","4","77683","0","612088","611598","NA","NA","0","617794","612073","641915","658962","658943","0","659697","0","612074","617766","NA","0","NA","0","0","617123","660355","66039","NA","658942","LexicalDecision"
"No","622","1","3","LF","2","1","1","n","C:/Users/hulsm/Documents/School/Methods_CCS/Lexical_descision","455","legacy","xpyriment","0.9658703071672355","n","622","0.96","hard","boffen","4","77683","0","612088","611598","NA","NA","0","617794","612073","641915","660939","660918","0","661548","0","612074","617766","NA","0","NA","0","0","617123","662172","66039","NA","660917","LexicalDecision"
"No","854","0","3","LF","2","0","0","n","C:/Users/hulsm/Documents/School/Methods_CCS/Lexical_descision","483","legacy","xpyriment","0.9625850340136054","m","854","0.92","hard","spurten","4","77683","0","612088","611598","NA","NA","0","617794","612073","664400","662754","662732","0","663395","0","612074","617766","NA","0","NA","0","0","617123","664251","66039","NA","662731","LexicalDecision"
"No","610","1","3","Pseudo","3","1","1","m","C:/Users/hulsm/Documents/School/Methods_CCS/Lexical_descision","413","legacy","xpyriment","0.9627118644067797","m","610","0.92","hard","snalling","4","77683","0","612088","611598","NA","NA","0","617794","612073","664400","666989","666969","0","667559","0","612074","617766","NA","0","NA","0","0","617123","668171","66039","NA","666969","LexicalDecision"
"No","418","1","3","Random","4","1","1","m","C:/Users/hulsm/Documents/School/Methods_CCS/Lexical_descision","478","legacy","xpyriment","0.9628378378378378","m","418","0.92","easy","ekesjh","4","77683","0","612088","611598","NA","NA","0","617794","612073","664400","668753","668734","0","669383","0","612074","617766","NA","0","NA","0","0","617123","669803","66039","NA","668733","LexicalDecision"
"No","578","1","3","LF","2","1","1","n","C:/Users/hulsm/Documents/School/Methods_CCS/Lexical_descision","470","legacy","xpyriment","0.9629629629629629","n","578","0.92","hard","schaapje","4","77683","0","612088","611598","NA","NA","0","617794","612073","664400","670384","670365","0","671007","0","612074","617766","NA","0","NA","0","0","617123","671587","66039","NA","670364","LexicalDecision"
"No","529","1","3","LF","2","1","1","n","C:/Users/hulsm/Documents/School/Methods_CCS/Lexical_descision","585","legacy","xpyriment","0.9630872483221476","n","529","0.92","hard","miertje","4","77683","0","612088","611598","NA","NA","0","617794","612073","664400","672210","672189","0","672945","0","612074","617766","NA","0","NA","0","0","617123","673477","66039","NA","672188","LexicalDecision"
"No","946","1","3","Pseudo","3","1","1","m","C:/Users/hulsm/Documents/School/Methods_CCS/Lexical_descision","450","legacy","xpyriment","0.9632107023411371","m","946","0.92","hard","rachtte","4","77683","0","612088","611598","NA","NA","0","617794","612073","664400","674061","674041","0","674660","0","612074","617766","NA","0","NA","0","0","617123","675608","66039","NA","674040","LexicalDecision"
"No","462","1","3","Pseudo","3","1","1","m","C:/Users/hulsm/Documents/School/Methods_CCS/Lexical_descision","477","legacy","xpyriment","0.9633333333333334","m","462","0.92","hard","brof","4","77683","0","612088","611598","NA","NA","0","617794","612073","664400","676202","676184","0","676827","0","612074","617766","NA","0","NA","0","0","617123","677292","66039","NA","676183","LexicalDecision"
"No","559","1","3","Pseudo","3","1","1","m","C:/Users/hulsm/Documents/School/Methods_CCS/Lexical_descision","526","legacy","xpyriment","0.9634551495016611","m","559","0.92","hard","hoting","4","77683","0","612088","611598","NA","NA","0","617794","612073","664400","677920","677898","0","678596","0","612074","617766","NA","0","NA","0","0","617123","679158","66039","NA","677897","LexicalDecision"
"No","647","1","3","LF","2","1","1","n","C:/Users/hulsm/Documents/School/Methods_CCS/Lexical_descision","455","legacy","xpyriment","0.9635761589403974","n","647","0.92","hard","butlers","4","77683","0","612088","611598","NA","NA","0","617794","612073","664400","679731","679712","0","680331","0","612074","617766","NA","0","NA","0","0","617123","680980","66039","NA","679711","LexicalDecision"
"No","513","1","3","Pseudo","3","1","1","m","C:/Users/hulsm/Documents/School/Methods_CCS/Lexical_descision","589","legacy","xpyriment","0.9636963696369637","m","513","0.92","hard","doeder","4","77683","0","612088","611598","NA","NA","0","617794","612073","664400","681564","681545","0","682307","0","612074","617766","NA","0","NA","0","0","617123","682822","66039","NA","681544","LexicalDecision"
"No","552","1","3","Random","4","1","1","m","C:/Users/hulsm/Documents/School/Methods_CCS/Lexical_descision","467","legacy","xpyriment","0.9638157894736842","m","552","0.92","easy","sutilpor","4","77683","0","612088","611598","NA","NA","0","617794","612073","664400","683401","683381","0","684013","0","612074","617766","NA","0","NA","0","0","617123","684567","66039","NA","683380","LexicalDecision"
"No","424","1","3","Random","4","1","1","m","C:/Users/hulsm/Documents/School/Methods_CCS/Lexical_descision","556","legacy","xpyriment","0.9639344262295082","m","424","0.92","easy","nopotr","4","77683","0","612088","611598","NA","NA","0","617794","612073","664400","685138","685118","0","685847","0","612074","617766","NA","0","NA","0","0","617123","686273","66039","NA","685117","LexicalDecision"
"No","579","1","3","LF","2","1","1","n","C:/Users/hulsm/Documents/School/Methods_CCS/Lexical_descision","528","legacy","xpyriment","0.9640522875816994","n","579","0.92","hard","wimper","4","77683","0","612088","611598","NA","NA","0","617794","612073","664400","686891","686872","0","687567","0","612074","617766","NA","0","NA","0","0","617123","688149","66039","NA","686871","LexicalDecision"
"No","491","1","3","HF","1","1","1","n","C:/Users/hulsm/Documents/School/Methods_CCS/Lexical_descision","434","legacy","xpyriment","0.9641693811074918","n","491","0.92","easy","haalde","4","77683","0","612088","611598","NA","NA","0","617794","612073","664400","688747","688726","0","689335","0","612074","617766","NA","0","NA","0","0","617123","689829","66039","NA","688725","LexicalDecision"
"No","595","1","3","Random","4","1","1","m","C:/Users/hulsm/Documents/School/Methods_CCS/Lexical_descision","455","legacy","xpyriment","0.9642857142857143","m","595","0.96","easy","rfomus","4","77683","0","612088","611598","NA","NA","0","617794","612073","664400","690410","690392","0","691023","0","612074","617766","NA","0","NA","0","0","617123","691620","66039","NA","690391","LexicalDecision"
"No","765","0","3","LF","2","0","0","n","C:/Users/hulsm/Documents/School/Methods_CCS/Lexical_descision","400","legacy","xpyriment","0.9611650485436893","m","765","0.92","hard","koer","4","77683","0","612088","611598","NA","NA","0","617794","612073","693684","692212","692193","0","692764","0","612074","617766","NA","0","NA","0","0","617123","693532","66039","NA","692192","LexicalDecision"
"No","574","1","3","Pseudo","3","1","1","m","C:/Users/hulsm/Documents/School/Methods_CCS/Lexical_descision","505","legacy","xpyriment","0.9612903225806452","m","574","0.92","hard","puiver","4","77683","0","612088","611598","NA","NA","0","617794","612073","693684","696309","696288","0","696962","0","612074","617766","NA","0","NA","0","0","617123","697538","66039","NA","696288","LexicalDecision"
"No","434","1","3","Random","4","1","1","m","C:/Users/hulsm/Documents/School/Methods_CCS/Lexical_descision","528","legacy","xpyriment","0.9614147909967846","m","434","0.92","easy","muljpepi","4","77683","0","612088","611598","NA","NA","0","617794","612073","693684","698113","698094","0","698786","0","612074","617766","NA","0","NA","0","0","617123","699222","66039","NA","698093","LexicalDecision"
"No","715","1","3","Pseudo","3","1","1","m","C:/Users/hulsm/Documents/School/Methods_CCS/Lexical_descision","479","legacy","xpyriment","0.9615384615384616","m","715","0.92","hard","klusse","4","77683","0","612088","611598","NA","NA","0","617794","612073","693684","699806","699787","0","700431","0","612074","617766","NA","0","NA","0","0","617123","701147","66039","NA","699786","LexicalDecision"
"No","669","1","3","Pseudo","3","1","1","m","C:/Users/hulsm/Documents/School/Methods_CCS/Lexical_descision","413","legacy","xpyriment","0.9616613418530351","m","669","0.92","hard","cochten","4","77683","0","612088","611598","NA","NA","0","617794","612073","693684","701736","701716","0","702300","0","612074","617766","NA","0","NA","0","0","617123","702971","66039","NA","701715","LexicalDecision"
"No","435","1","3","HF","1","1","1","n","C:/Users/hulsm/Documents/School/Methods_CCS/Lexical_descision","495","legacy","xpyriment","0.9617834394904459","n","435","0.92","easy","deur","4","77683","0","612088","611598","NA","NA","0","617794","612073","693684","703551","703531","0","704200","0","612074","617766","NA","0","NA","0","0","617123","704637","66039","NA","703530","LexicalDecision"
"No","452","1","3","LF","2","1","1","n","C:/Users/hulsm/Documents/School/Methods_CCS/Lexical_descision","424","legacy","xpyriment","0.9619047619047619","n","452","0.92","hard","truitjes","4","77683","0","612088","611598","NA","NA","0","617794","612073","693684","705221","705201","0","705797","0","612074","617766","NA","0","NA","0","0","617123","706252","66039","NA","705199","LexicalDecision"
"No","470","1","3","Pseudo","3","1","1","m","C:/Users/hulsm/Documents/School/Methods_CCS/Lexical_descision","467","legacy","xpyriment","0.9620253164556962","m","470","0.92","hard","blif","4","77683","0","612088","611598","NA","NA","0","617794","612073","693684","706824","706804","0","707444","0","612074","617766","NA","0","NA","0","0","617123","707916","66039","NA","706804","LexicalDecision"
"No","514","1","3","Pseudo","3","1","1","m","C:/Users/hulsm/Documents/School/Methods_CCS/Lexical_descision","508","legacy","xpyriment","0.9621451104100947","m","514","0.92","hard","folven","4","77683","0","612088","611598","NA","NA","0","617794","612073","693684","708498","708477","0","709160","0","612074","617766","NA","0","NA","0","0","617123","709677","66039","NA","708476","LexicalDecision"
"No","476","1","3","Pseudo","3","1","1","m","C:/Users/hulsm/Documents/School/Methods_CCS/Lexical_descision","458","legacy","xpyriment","0.9622641509433962","m","476","0.92","hard","stup","4","77683","0","612088","611598","NA","NA","0","617794","612073","693684","710252","710230","0","710866","0","612074","617766","NA","0","NA","0","0","617123","711344","66039","NA","710229","LexicalDecision"
"No","518","1","3","LF","2","1","1","n","C:/Users/hulsm/Documents/School/Methods_CCS/Lexical_descision","527","legacy","xpyriment","0.9623824451410659","n","518","0.96","hard","sproet","4","77683","0","612088","611598","NA","NA","0","617794","612073","693684","711919","711900","0","712589","0","612074","617766","NA","0","NA","0","0","617123","713109","66039","NA","711899","LexicalDecision"
"No","427","1","3","LF","2","1","1","n","C:/Users/hulsm/Documents/School/Methods_CCS/Lexical_descision","572","legacy","xpyriment","0.9625","n","427","0.96","hard","teefjes","4","77683","0","612088","611598","NA","NA","0","617794","612073","693684","713690","713670","0","714413","0","612074","617766","NA","0","NA","0","0","617123","714842","66039","NA","713669","LexicalDecision"
"No","855","1","3","Pseudo","3","1","1","m","C:/Users/hulsm/Documents/School/Methods_CCS/Lexical_descision","546","legacy","xpyriment","0.9626168224299065","m","855","0.96","hard","starte","4","77683","0","612088","611598","NA","NA","0","617794","612073","693684","715458","715435","0","716152","0","612074","617766","NA","0","NA","0","0","617123","717009","66039","NA","715434","LexicalDecision"
"No","1203","1","3","Pseudo","3","1","1","m","C:/Users/hulsm/Documents/School/Methods_CCS/Lexical_descision","415","legacy","xpyriment","0.9627329192546584","m","1203","0.96","hard","lingen","4","77683","0","612088","611598","NA","NA","0","617794","612073","693684","717629","717609","0","718193","0","612074","617766","NA","0","NA","0","0","617123","719399","66039","NA","717608","LexicalDecision"
"No","767","1","3","LF","2","1","1","n","C:/Users/hulsm/Documents/School/Methods_CCS/Lexical_descision","552","legacy","xpyriment","0.9628482972136223","n","767","0.96","hard","salsa","4","77683","0","612088","611598","NA","NA","0","617794","612073","693684","719982","719961","0","720698","0","612074","617766","NA","0","NA","0","0","617123","721467","66039","NA","719960","LexicalDecision"
"No","502","1","3","Random","4","1","1","m","C:/Users/hulsm/Documents/School/Methods_CCS/Lexical_descision","395","legacy","xpyriment","0.9629629629629629","m","502","0.96","easy","tespja","4","77683","0","612088","611598","NA","NA","0","617794","612073","693684","722046","722024","0","722588","0","612074","617766","NA","0","NA","0","0","617123","723092","66039","NA","722023","LexicalDecision"
"No","745","1","3","LF","2","1","1","n","C:/Users/hulsm/Documents/School/Methods_CCS/Lexical_descision","402","legacy","xpyriment","0.963076923076923","n","745","0.96","hard","tikker","4","77683","0","612088","611598","NA","NA","0","617794","612073","693684","723675","723656","0","724231","0","612074","617766","NA","0","NA","0","0","617123","724978","66039","NA","723655","LexicalDecision"
"No","606","1","3","LF","2","1","1","n","C:/Users/hulsm/Documents/School/Methods_CCS/Lexical_descision","436","legacy","xpyriment","0.9631901840490797","n","606","0.96","hard","spatels","4","77683","0","612088","611598","NA","NA","0","617794","612073","693684","725573","725554","0","726163","0","612074","617766","NA","0","NA","0","0","617123","726772","66039","NA","725553","LexicalDecision"
"No","514","1","3","LF","2","1","1","n","C:/Users/hulsm/Documents/School/Methods_CCS/Lexical_descision","417","legacy","xpyriment","0.963302752293578","n","514","0.96","hard","kleurtje","4","77683","0","612088","611598","NA","NA","0","617794","612073","693684","727363","727343","0","727933","0","612074","617766","NA","0","NA","0","0","617123","728450","66039","NA","727342","LexicalDecision"
"No","576","1","3","LF","2","1","1","n","C:/Users/hulsm/Documents/School/Methods_CCS/Lexical_descision","577","legacy","xpyriment","0.9634146341463414","n","576","0.96","hard","trutten","4","77683","0","612088","611598","NA","NA","0","617794","612073","693684","729028","729008","0","729755","0","612074","617766","NA","0","NA","0","0","617123","730333","66039","NA","729007","LexicalDecision"
"No","824","0","3","LF","2","0","0","n","C:/Users/hulsm/Documents/School/Methods_CCS/Lexical_descision","530","legacy","xpyriment","0.9604863221884499","m","824","0.92","hard","witloof","4","77683","0","612088","611598","NA","NA","0","617794","612073","732582","730923","730901","0","731601","0","612074","617766","NA","0","NA","0","0","617123","732428","66039","NA","730901","LexicalDecision"
"No","563","1","3","LF","2","1","1","n","C:/Users/hulsm/Documents/School/Methods_CCS/Lexical_descision","593","legacy","xpyriment","0.9606060606060606","n","563","0.92","hard","ventjes","4","77683","0","612088","611598","NA","NA","0","617794","612073","732582","735175","735154","0","735913","0","612074","617766","NA","0","NA","0","0","617123","736478","66039","NA","735154","LexicalDecision"
"No","550","1","3","LF","2","1","1","n","C:/Users/hulsm/Documents/School/Methods_CCS/Lexical_descision","547","legacy","xpyriment","0.9607250755287009","n","550","0.92","hard","albums","4","77683","0","612088","611598","NA","NA","0","617794","612073","732582","737067","737046","0","737767","0","612074","617766","NA","0","NA","0","0","617123","738320","66039","NA","737045","LexicalDecision"
"No","685","1","3","Pseudo","3","1","1","m","C:/Users/hulsm/Documents/School/Methods_CCS/Lexical_descision","562","legacy","xpyriment","0.9608433734939759","m","685","0.92","hard","lierap","4","77683","0","612088","611598","NA","NA","0","617794","612073","732582","738939","738918","0","739653","0","612074","617766","NA","0","NA","0","0","617123","740341","66039","NA","738917","LexicalDecision"
"No","816","1","3","Pseudo","3","1","1","m","C:/Users/hulsm/Documents/School/Methods_CCS/Lexical_descision","507","legacy","xpyriment","0.960960960960961","m","816","0.92","hard","legse","4","77683","0","612088","611598","NA","NA","0","617794","612073","732582","740926","740905","0","741582","0","612074","617766","NA","0","NA","0","0","617123","742400","66039","NA","740904","LexicalDecision"
"No","562","1","3","LF","2","1","1","n","C:/Users/hulsm/Documents/School/Methods_CCS/Lexical_descision","518","legacy","xpyriment","0.9610778443113772","n","562","0.96","hard","cash","4","77683","0","612088","611598","NA","NA","0","617794","612073","732582","742992","742973","0","743658","0","612074","617766","NA","0","NA","0","0","617123","744222","66039","NA","742972","LexicalDecision"
"No","531","1","3","Pseudo","3","1","1","m","C:/Users/hulsm/Documents/School/Methods_CCS/Lexical_descision","511","legacy","xpyriment","0.9611940298507463","m","531","0.96","hard","glikken","4","77683","0","612088","611598","NA","NA","0","617794","612073","732582","744817","744794","0","745479","0","612074","617766","NA","0","NA","0","0","617123","746013","66039","NA","744793","LexicalDecision"
"No","489","1","3","Pseudo","3","1","1","m","C:/Users/hulsm/Documents/School/Methods_CCS/Lexical_descision","418","legacy","xpyriment","0.9613095238095238","m","489","0.96","hard","gezort","4","77683","0","612088","611598","NA","NA","0","617794","612073","732582","746593","746573","0","747171","0","612074","617766","NA","0","NA","0","0","617123","747662","66039","NA","746572","LexicalDecision"
"No","500","1","3","LF","2","1","1","n","C:/Users/hulsm/Documents/School/Methods_CCS/Lexical_descision","543","legacy","xpyriment","0.9614243323442137","n","500","0.96","hard","deals","4","77683","0","612088","611598","NA","NA","0","617794","612073","732582","748315","748293","0","749008","0","612074","617766","NA","0","NA","0","0","617123","749510","66039","NA","748292","LexicalDecision"
"No","437","1","3","Pseudo","3","1","1","m","C:/Users/hulsm/Documents/School/Methods_CCS/Lexical_descision","527","legacy","xpyriment","0.9615384615384616","m","437","0.96","hard","anam","4","77683","0","612088","611598","NA","NA","0","617794","612073","732582","750085","750066","0","750758","0","612074","617766","NA","0","NA","0","0","617123","751198","66039","NA","750066","LexicalDecision"
"No","516","1","3","LF","2","1","1","n","C:/Users/hulsm/Documents/School/Methods_CCS/Lexical_descision","550","legacy","xpyriment","0.9616519174041298","n","516","0.96","hard","spuitjes","4","77683","0","612088","611598","NA","NA","0","617794","612073","732582","751831","751809","0","752530","0","612074","617766","NA","0","NA","0","0","617123","753048","66039","NA","751808","LexicalDecision"
"No","1034","1","3","Pseudo","3","1","1","m","C:/Users/hulsm/Documents/School/Methods_CCS/Lexical_descision","462","legacy","xpyriment","0.961764705882353","m","1034","0.96","hard","bevacht","4","77683","0","612088","611598","NA","NA","0","617794","612073","732582","753636","753616","0","754248","0","612074","617766","NA","0","NA","0","0","617123","755285","66039","NA","753615","LexicalDecision"
"No","474","1","3","Pseudo","3","1","1","m","C:/Users/hulsm/Documents/School/Methods_CCS/Lexical_descision","436","legacy","xpyriment","0.9618768328445748","m","474","0.96","hard","begriet","4","77683","0","612088","611598","NA","NA","0","617794","612073","732582","755872","755850","0","756465","0","612074","617766","NA","0","NA","0","0","617123","756942","66039","NA","755849","LexicalDecision"
"No","524","1","3","LF","2","1","1","n","C:/Users/hulsm/Documents/School/Methods_CCS/Lexical_descision","466","legacy","xpyriment","0.9619883040935673","n","524","0.96","hard","vruchtje","4","77683","0","612088","611598","NA","NA","0","617794","612073","732582","757522","757503","0","758141","0","612074","617766","NA","0","NA","0","0","617123","758667","66039","NA","757502","LexicalDecision"
"No","716","1","3","LF","2","1","1","n","C:/Users/hulsm/Documents/School/Methods_CCS/Lexical_descision","529","legacy","xpyriment","0.9620991253644315","n","716","0.96","hard","gifslang","4","77683","0","612088","611598","NA","NA","0","617794","612073","732582","759243","759224","0","759924","0","612074","617766","NA","0","NA","0","0","617123","760643","66039","NA","759223","LexicalDecision"
"No","569","1","3","Pseudo","3","1","1","m","C:/Users/hulsm/Documents/School/Methods_CCS/Lexical_descision","411","legacy","xpyriment","0.9622093023255814","m","569","0.96","hard","lucter","4","77683","0","612088","611598","NA","NA","0","617794","612073","732582","761238","761219","0","761803","0","612074","617766","NA","0","NA","0","0","617123","762375","66039","NA","761219","LexicalDecision"
"No","631","0","3","LF","2","0","0","n","C:/Users/hulsm/Documents/School/Methods_CCS/Lexical_descision","482","legacy","xpyriment","0.9594202898550724","m","631","0.92","hard","stroppen","4","77683","0","612088","611598","NA","NA","0","617794","612073","764373","762955","762934","0","763589","0","612074","617766","NA","0","NA","0","0","617123","764222","66039","NA","762933","LexicalDecision"
"No","823","1","3","LF","2","1","1","n","C:/Users/hulsm/Documents/School/Methods_CCS/Lexical_descision","585","legacy","xpyriment","0.9595375722543352","n","823","0.92","hard","diefje","4","77683","0","612088","611598","NA","NA","0","617794","612073","764373","766964","766943","0","767698","0","612074","617766","NA","0","NA","0","0","617123","768524","66039","NA","766943","LexicalDecision"
"No","506","1","3","LF","2","1","1","n","C:/Users/hulsm/Documents/School/Methods_CCS/Lexical_descision","588","legacy","xpyriment","0.9596541786743515","n","506","0.92","hard","scooters","4","77683","0","612088","611598","NA","NA","0","617794","612073","764373","769096","769076","0","769842","0","612074","617766","NA","0","NA","0","0","617123","770351","66039","NA","769075","LexicalDecision"
"No","722","1","3","Pseudo","3","1","1","m","C:/Users/hulsm/Documents/School/Methods_CCS/Lexical_descision","515","legacy","xpyriment","0.9597701149425287","m","722","0.92","hard","kozing","4","77683","0","612088","611598","NA","NA","0","617794","612073","764373","770941","770922","0","771614","0","612074","617766","NA","0","NA","0","0","617123","772338","66039","NA","770921","LexicalDecision"
"No","632","1","3","Pseudo","3","1","1","m","C:/Users/hulsm/Documents/School/Methods_CCS/Lexical_descision","536","legacy","xpyriment","0.9598853868194842","m","632","0.92","hard","slinke","4","77683","0","612088","611598","NA","NA","0","617794","612073","764373","772942","772921","0","773626","0","612074","617766","NA","0","NA","0","0","617123","774261","66039","NA","772920","LexicalDecision"
"No","878","0","3","LF","2","0","0","n","C:/Users/hulsm/Documents/School/Methods_CCS/Lexical_descision","443","legacy","xpyriment","0.9571428571428572","m","878","0.88","hard","stropje","4","77683","0","612088","611598","NA","NA","0","617794","612073","776477","774848","774829","0","775445","0","612074","617766","NA","0","NA","0","0","617123","776325","66039","NA","774828","LexicalDecision"
"No","742","1","3","LF","2","1","1","n","C:/Users/hulsm/Documents/School/Methods_CCS/Lexical_descision","540","legacy","xpyriment","0.9572649572649573","n","742","0.88","hard","kwaaltje","4","77683","0","612088","611598","NA","NA","0","617794","612073","776477","779054","779034","0","779752","0","612074","617766","NA","0","NA","0","0","617123","780497","66039","NA","779034","LexicalDecision"
"No","911","1","3","Pseudo","3","1","1","m","C:/Users/hulsm/Documents/School/Methods_CCS/Lexical_descision","565","legacy","xpyriment","0.9573863636363636","m","911","0.88","hard","nakker","4","77683","0","612088","611598","NA","NA","0","617794","612073","776477","781105","781087","0","781818","0","612074","617766","NA","0","NA","0","0","617123","782732","66039","NA","781086","LexicalDecision"
"No","976","1","3","LF","2","1","1","n","C:/Users/hulsm/Documents/School/Methods_CCS/Lexical_descision","416","legacy","xpyriment","0.9575070821529745","n","976","0.88","hard","steekjes","4","77683","0","612088","611598","NA","NA","0","617794","612073","776477","783307","783286","0","783879","0","612074","617766","NA","0","NA","0","0","617123","784858","66039","NA","783285","LexicalDecision"
"No","794","1","3","Pseudo","3","1","1","m","C:/Users/hulsm/Documents/School/Methods_CCS/Lexical_descision","537","legacy","xpyriment","0.9576271186440678","m","794","0.92","hard","keinen","4","77683","0","612088","611598","NA","NA","0","617794","612073","776477","785434","785415","0","786130","0","612074","617766","NA","0","NA","0","0","617123","786927","66039","NA","785414","LexicalDecision"
"No","603","1","3","LF","2","1","1","n","C:/Users/hulsm/Documents/School/Methods_CCS/Lexical_descision","493","legacy","xpyriment","0.9577464788732394","n","603","0.92","hard","trio's","4","77683","0","612088","611598","NA","NA","0","617794","612073","776477","787505","787483","0","788149","0","612074","617766","NA","0","NA","0","0","617123","788755","66039","NA","787482","LexicalDecision"
"No","485","1","3","Pseudo","3","1","1","m","C:/Users/hulsm/Documents/School/Methods_CCS/Lexical_descision","530","legacy","xpyriment","0.9578651685393258","m","485","0.92","hard","geeerst","4","77683","0","612088","611598","NA","NA","0","617794","612073","776477","789335","789315","0","790016","0","612074","617766","NA","0","NA","0","0","617123","790503","66039","NA","789314","LexicalDecision"
"No","828","1","3","LF","2","1","1","n","C:/Users/hulsm/Documents/School/Methods_CCS/Lexical_descision","526","legacy","xpyriment","0.957983193277311","n","828","0.92","hard","sfeertje","4","77683","0","612088","611598","NA","NA","0","617794","612073","776477","791082","791061","0","791758","0","612074","617766","NA","0","NA","0","0","617123","792588","66039","NA","791060","LexicalDecision"
"No","470","1","3","Random","4","1","1","m","C:/Users/hulsm/Documents/School/Methods_CCS/Lexical_descision","405","legacy","xpyriment","0.9581005586592178","m","470","0.92","easy","simgkons","4","77683","0","612088","611598","NA","NA","0","617794","612073","776477","793174","793156","0","793758","0","612074","617766","NA","0","NA","0","0","617123","794230","66039","NA","793155","LexicalDecision"
"No","574","1","3","Pseudo","3","1","1","m","C:/Users/hulsm/Documents/School/Methods_CCS/Lexical_descision","465","legacy","xpyriment","0.958217270194986","m","574","0.92","hard","maard","4","77683","0","612088","611598","NA","NA","0","617794","612073","776477","794817","794797","0","795438","0","612074","617766","NA","0","NA","0","0","617123","796014","66039","NA","794796","LexicalDecision"
"No","449","1","3","Random","4","1","1","m","C:/Users/hulsm/Documents/School/Methods_CCS/Lexical_descision","438","legacy","xpyriment","0.9583333333333334","m","449","0.92","easy","jievelg","4","77683","0","612088","611598","NA","NA","0","617794","612073","776477","796603","796582","0","797192","0","612074","617766","NA","0","NA","0","0","617123","797643","66039","NA","796581","LexicalDecision"
"No","459","1","3","LF","2","1","1","n","C:/Users/hulsm/Documents/School/Methods_CCS/Lexical_descision","531","legacy","xpyriment","0.9584487534626038","n","459","0.92","hard","vonkjes","4","77683","0","612088","611598","NA","NA","0","617794","612073","776477","798239","798218","0","798925","0","612074","617766","NA","0","NA","0","0","617123","799387","66039","NA","798217","LexicalDecision"
"No","506","1","3","LF","2","1","1","n","C:/Users/hulsm/Documents/School/Methods_CCS/Lexical_descision","397","legacy","xpyriment","0.9585635359116023","n","506","0.92","hard","tandje","4","77683","0","612088","611598","NA","NA","0","617794","612073","776477","799986","799967","0","800537","0","612074","617766","NA","0","NA","0","0","617123","801046","66039","NA","799966","LexicalDecision"
"No","511","1","3","Pseudo","3","1","1","m","C:/Users/hulsm/Documents/School/Methods_CCS/Lexical_descision","442","legacy","xpyriment","0.9586776859504132","m","511","0.92","hard","donden","4","77683","0","612088","611598","NA","NA","0","617794","612073","776477","801628","801607","0","802221","0","612074","617766","NA","0","NA","0","0","617123","802734","66039","NA","801607","LexicalDecision"
"No","513","1","3","LF","2","1","1","n","C:/Users/hulsm/Documents/School/Methods_CCS/Lexical_descision","428","legacy","xpyriment","0.9587912087912088","n","513","0.92","hard","vocaal","4","77683","0","612088","611598","NA","NA","0","617794","612073","776477","803325","803304","0","803909","0","612074","617766","NA","0","NA","0","0","617123","804426","66039","NA","803304","LexicalDecision"
"No","416","1","3","Pseudo","3","1","1","m","C:/Users/hulsm/Documents/School/Methods_CCS/Lexical_descision","506","legacy","xpyriment","0.958904109589041","m","416","0.92","hard","slas","4","77683","0","612088","611598","NA","NA","0","617794","612073","776477","805006","804986","0","805661","0","612074","617766","NA","0","NA","0","0","617123","806080","66039","NA","804984","LexicalDecision"
"No","618","1","3","Pseudo","3","1","1","m","C:/Users/hulsm/Documents/School/Methods_CCS/Lexical_descision","454","legacy","xpyriment","0.9590163934426229","m","618","0.92","hard","donzaam","4","77683","0","612088","611598","NA","NA","0","617794","612073","776477","806650","806630","0","807258","0","612074","617766","NA","0","NA","0","0","617123","807878","66039","NA","806629","LexicalDecision"
"No","659","1","3","LF","2","1","1","n","C:/Users/hulsm/Documents/School/Methods_CCS/Lexical_descision","590","legacy","xpyriment","0.9591280653950953","n","659","0.92","hard","hockey","4","77683","0","612088","611598","NA","NA","0","617794","612073","776477","808462","808443","0","809204","0","612074","617766","NA","0","NA","0","0","617123","809866","66039","NA","808442","LexicalDecision"
"No","583","1","3","Pseudo","3","1","1","m","C:/Users/hulsm/Documents/School/Methods_CCS/Lexical_descision","401","legacy","xpyriment","0.9592391304347826","m","583","0.92","hard","gebrukt","4","77683","0","612088","611598","NA","NA","0","617794","612073","776477","810457","810434","0","811016","0","612074","617766","NA","0","NA","0","0","617123","811601","66039","NA","810433","LexicalDecision"
"No","698","1","3","LF","2","1","1","n","C:/Users/hulsm/Documents/School/Methods_CCS/Lexical_descision","565","legacy","xpyriment","0.959349593495935","n","698","0.92","hard","stiften","4","77683","0","612088","611598","NA","NA","0","617794","612073","776477","812184","812163","0","812898","0","612074","617766","NA","0","NA","0","0","617123","813598","66039","NA","812162","LexicalDecision"
"No","759","1","3","Pseudo","3","1","1","m","C:/Users/hulsm/Documents/School/Methods_CCS/Lexical_descision","515","legacy","xpyriment","0.9594594594594594","m","759","0.96","hard","satten","4","77683","0","612088","611598","NA","NA","0","617794","612073","776477","814182","814160","0","814842","0","612074","617766","NA","0","NA","0","0","617123","815603","66039","NA","814160","LexicalDecision"
"No","524","1","3","Pseudo","3","1","1","m","C:/Users/hulsm/Documents/School/Methods_CCS/Lexical_descision","522","legacy","xpyriment","0.9595687331536388","m","524","0.96","hard","dond","4","77683","0","612088","611598","NA","NA","0","617794","612073","776477","816189","816168","0","816860","0","612074","617766","NA","0","NA","0","0","617123","817387","66039","NA","816167","LexicalDecision"
"No","543","1","3","LF","2","1","1","n","C:/Users/hulsm/Documents/School/Methods_CCS/Lexical_descision","576","legacy","xpyriment","0.9596774193548387","n","543","0.96","hard","kloofjes","4","77683","0","612088","611598","NA","NA","0","617794","612073","776477","817967","817945","0","818694","0","612074","617766","NA","0","NA","0","0","617123","819240","66039","NA","817944","LexicalDecision"
"No","863","1","3","Pseudo","3","1","1","m","C:/Users/hulsm/Documents/School/Methods_CCS/Lexical_descision","420","legacy","xpyriment","0.9597855227882037","m","863","0.96","hard","spolen","4","77683","0","612088","611598","NA","NA","0","617794","612073","776477","819830","819809","0","820405","0","612074","617766","NA","0","NA","0","0","617123","821271","66039","NA","819808","LexicalDecision"
"No","1151","1","3","LF","2","1","1","n","C:/Users/hulsm/Documents/School/Methods_CCS/Lexical_descision","451","legacy","xpyriment","0.9598930481283422","n","1151","0.96","hard","berging","4","77683","0","612088","611598","NA","NA","0","617794","612073","776477","821864","821843","0","822452","0","612074","617766","NA","0","NA","0","0","617123","823605","66039","NA","821842","LexicalDecision"
"No","659","1","3","Pseudo","3","1","1","m","C:/Users/hulsm/Documents/School/Methods_CCS/Lexical_descision","564","legacy","xpyriment","0.96","m","659","1.0","hard","boezier","4","77683","0","612088","611598","NA","NA","0","617794","612073","776477","824200","824178","0","824917","0","612074","617766","NA","0","NA","0","0","617123","825578","66039","NA","824178","LexicalDecision"
"No","486","1","3","Pseudo","3","1","1","m","C:/Users/hulsm/Documents/School/Methods_CCS/Lexical_descision","526","legacy","xpyriment","0.9601063829787234","m","486","1.0","hard","koctor","4","77683","0","612088","611598","NA","NA","0","617794","612073","776477","826160","826139","0","826833","0","612074","617766","NA","0","NA","0","0","617123","827321","66039","NA","826139","LexicalDecision"
"No","617","1","3","LF","2","1","1","n","C:/Users/hulsm/Documents/School/Methods_CCS/Lexical_descision","432","legacy","xpyriment","0.9602122015915119","n","617","1.0","hard","beertjes","4","77683","0","612088","611598","NA","NA","0","617794","612073","776477","827901","827880","0","828489","0","612074","617766","NA","0","NA","0","0","617123","829109","66039","NA","827880","LexicalDecision"
"No","495","1","3","HF","1","1","1","n","C:/Users/hulsm/Documents/School/Methods_CCS/Lexical_descision","434","legacy","xpyriment","0.9603174603174603","n","495","1.0","easy","vervoer","4","77683","0","612088","611598","NA","NA","0","617794","612073","776477","829731","829711","0","830310","0","612074","617766","NA","0","NA","0","0","617123","830807","66039","NA","829710","LexicalDecision"
"No","566","1","3","Pseudo","3","1","1","m","C:/Users/hulsm/Documents/School/Methods_CCS/Lexical_descision","514","legacy","xpyriment","0.9604221635883905","m","566","1.0","hard","rekst","4","77683","0","612088","611598","NA","NA","0","617794","612073","776477","831428","831406","0","832097","0","612074","617766","NA","0","NA","0","0","617123","832666","66039","NA","831405","LexicalDecision"
"No","516","1","3","LF","2","1","1","n","C:/Users/hulsm/Documents/School/Methods_CCS/Lexical_descision","439","legacy","xpyriment","0.9605263157894737","n","516","1.0","hard","wekkers","4","77683","0","612088","611598","NA","NA","0","617794","612073","776477","833255","833236","0","833842","0","612074","617766","NA","0","NA","0","0","617123","834361","66039","NA","833234","LexicalDecision"
"No","453","1","3","Pseudo","3","1","1","m","C:/Users/hulsm/Documents/School/Methods_CCS/Lexical_descision","595","legacy","xpyriment","0.9606299212598425","m","453","1.0","hard","erters","4","77683","0","612088","611598","NA","NA","0","617794","612073","776477","834937","834915","0","835686","0","612074","617766","NA","0","NA","0","0","617123","836141","66039","NA","834915","LexicalDecision"
"No","467","1","3","LF","2","1","1","n","C:/Users/hulsm/Documents/School/Methods_CCS/Lexical_descision","480","legacy","xpyriment","0.9607329842931938","n","467","1.0","hard","motto's","4","77683","0","612088","611598","NA","NA","0","617794","612073","776477","836725","836706","0","837362","0","612074","617766","NA","0","NA","0","0","617123","837831","66039","NA","836705","LexicalDecision"
"No","585","1","3","Random","4","1","1","m","C:/Users/hulsm/Documents/School/Methods_CCS/Lexical_descision","472","legacy","xpyriment","0.9608355091383812","m","585","1.0","easy","atoornsc","4","77683","0","612088","611598","NA","NA","0","617794","612073","776477","838421","838399","0","839047","0","612074","617766","NA","0","NA","0","0","617123","839635","66039","NA","838398","LexicalDecision"
"No","476","1","3","LF","2","1","1","n","C:/Users/hulsm/Documents/School/Methods_CCS/Lexical_descision","551","legacy","xpyriment","0.9609375","n","476","1.0","hard","neusjes","4","77683","0","612088","611598","NA","NA","0","617794","612073","776477","840214","840195","0","840918","0","612074","617766","NA","0","NA","0","0","617123","841397","66039","NA","840194","LexicalDecision"
"No","626","1","3","Pseudo","3","1","1","m","C:/Users/hulsm/Documents/School/Methods_CCS/Lexical_descision","486","legacy","xpyriment","0.961038961038961","m","626","1.0","hard","lillicht","4","77683","0","612088","611598","NA","NA","0","617794","612073","776477","841975","841955","0","842610","0","612074","617766","NA","0","NA","0","0","617123","843239","66039","NA","841954","LexicalDecision"
"No","508","1","3","LF","2","1","1","n","C:/Users/hulsm/Documents/School/Methods_CCS/Lexical_descision","469","legacy","xpyriment","0.961139896373057","n","508","1.0","hard","otters","4","77683","0","612088","611598","NA","NA","0","617794","612073","776477","843816","843795","0","844444","0","612074","617766","NA","0","NA","0","0","617123","844955","66039","NA","843794","LexicalDecision"
"No","686","1","3","Pseudo","3","1","1","m","C:/Users/hulsm/Documents/School/Methods_CCS/Lexical_descision","490","legacy","xpyriment","0.9612403100775194","m","686","1.0","hard","eiden","4","77683","0","612088","611598","NA","NA","0","617794","612073","776477","845560","845539","0","846194","0","612074","617766","NA","0","NA","0","0","617123","846882","66039","NA","845538","LexicalDecision"
"No","454","1","3","Pseudo","3","1","1","m","C:/Users/hulsm/Documents/School/Methods_CCS/Lexical_descision","585","legacy","xpyriment","0.961340206185567","m","454","1.0","hard","weks","4","77683","0","612088","611598","NA","NA","0","617794","612073","776477","847461","847440","0","848195","0","612074","617766","NA","0","NA","0","0","617123","848653","66039","NA","847439","LexicalDecision"
"No","520","1","3","Pseudo","3","1","1","m","C:/Users/hulsm/Documents/School/Methods_CCS/Lexical_descision","434","legacy","xpyriment","0.961439588688946","m","520","1.0","hard","weeder","4","77683","0","612088","611598","NA","NA","0","617794","612073","776477","849248","849228","0","849837","0","612074","617766","NA","0","NA","0","0","617123","850360","66039","NA","849228","LexicalDecision"
"No","479","1","3","Pseudo","3","1","1","m","C:/Users/hulsm/Documents/School/Methods_CCS/Lexical_descision","470","legacy","xpyriment","0.9615384615384616","m","479","1.0","hard","okvang","4","77683","0","612088","611598","NA","NA","0","617794","612073","776477","850937","850917","0","851558","0","612074","617766","NA","0","NA","0","0","617123","852039","66039","NA","850916","LexicalDecision"
"No","440","1","3","LF","2","1","1","n","C:/Users/hulsm/Documents/School/Methods_CCS/Lexical_descision","586","legacy","xpyriment","0.9616368286445013","n","440","1.0","hard","bever","4","77683","0","612088","611598","NA","NA","0","617794","612073","776477","852624","852603","0","853362","0","612074","617766","NA","0","NA","0","0","617123","853807","66039","NA","852603","LexicalDecision"
"No","571","1","3","HF","1","1","1","n","C:/Users/hulsm/Documents/School/Methods_CCS/Lexical_descision","524","legacy","xpyriment","0.9617346938775511","n","571","1.0","easy","eind","4","77683","0","612088","611598","NA","NA","0","617794","612073","776477","854385","854367","0","855059","0","612074","617766","NA","0","NA","0","0","617123","855632","66039","NA","854366","LexicalDecision"
"No","529","1","3","Pseudo","3","1","1","m","C:/Users/hulsm/Documents/School/Methods_CCS/Lexical_descision","592","legacy","xpyriment","0.9618320610687023","m","529","1.0","hard","zellen","4","77683","0","612088","611598","NA","NA","0","617794","612073","776477","856203","856183","0","856942","0","612074","617766","NA","0","NA","0","0","617123","857475","66039","NA","856182","LexicalDecision"
"No","521","1","3","Pseudo","3","1","1","m","C:/Users/hulsm/Documents/School/Methods_CCS/Lexical_descision","529","legacy","xpyriment","0.9619289340101523","m","521","1.0","hard","sogdaal","4","77683","0","612088","611598","NA","NA","0","617794","612073","776477","858098","858079","0","858781","0","612074","617766","NA","0","NA","0","0","617123","859304","66039","NA","858078","LexicalDecision"
"No","657","1","3","Pseudo","3","1","1","m","C:/Users/hulsm/Documents/School/Methods_CCS/Lexical_descision","548","legacy","xpyriment","0.9620253164556962","m","657","1.0","hard","kestig","4","77683","0","612088","611598","NA","NA","0","617794","612073","776477","859884","859865","0","860585","0","612074","617766","NA","0","NA","0","0","617123","861245","66039","NA","859863","LexicalDecision"
"No","550","1","3","LF","2","1","1","n","C:/Users/hulsm/Documents/School/Methods_CCS/Lexical_descision","549","legacy","xpyriment","0.9621212121212122","n","550","1.0","hard","vliegjes","4","77683","0","612088","611598","NA","NA","0","617794","612073","776477","861836","861817","0","862532","0","612074","617766","NA","0","NA","0","0","617123","863085","66039","NA","861816","LexicalDecision"
"No","650","1","3","LF","2","1","1","n","C:/Users/hulsm/Documents/School/Methods_CCS/Lexical_descision","545","legacy","xpyriment","0.9622166246851386","n","650","1.0","hard","racket","4","77683","0","612088","611598","NA","NA","0","617794","612073","776477","863673","863653","0","864367","0","612074","617766","NA","0","NA","0","0","617123","865019","66039","NA","863652","LexicalDecision"
"No","630","1","3","Pseudo","3","1","1","m","C:/Users/hulsm/Documents/School/Methods_CCS/Lexical_descision","562","legacy","xpyriment","0.9623115577889447","m","630","1.0","hard","woeie","4","77683","0","612088","611598","NA","NA","0","617794","612073","776477","865593","865574","0","866307","0","612074","617766","NA","0","NA","0","0","617123","866943","66039","NA","865574","LexicalDecision"
"No","454","1","3","LF","2","1","1","n","C:/Users/hulsm/Documents/School/Methods_CCS/Lexical_descision","402","legacy","xpyriment","0.9624060150375939","n","454","1.0","hard","designs","4","77683","0","612088","611598","NA","NA","0","617794","612073","776477","867561","867539","0","868110","0","612074","617766","NA","0","NA","0","0","617123","868567","66039","NA","867537","LexicalDecision"
"No","613","1","3","Pseudo","3","1","1","m","C:/Users/hulsm/Documents/School/Methods_CCS/Lexical_descision","551","legacy","xpyriment","0.9625","m","613","1.0","hard","zeling","4","77683","0","612088","611598","NA","NA","0","617794","612073","776477","869089","869075","0","869783","0","612074","617766","NA","0","NA","0","0","617123","870399","66039","NA","869073","LexicalDecision"
"No","519","1","3","LF","2","1","1","n","C:/Users/hulsm/Documents/School/Methods_CCS/Lexical_descision","573","legacy","xpyriment","0.9625935162094763","n","519","1.0","hard","zombie","4","77683","0","612088","611598","NA","NA","0","617794","612073","776477","870880","870866","0","871605","0","612074","617766","NA","0","NA","0","0","617123","872127","66039","NA","870866","LexicalDecision"
"No","615","1","3","Random","4","1","1","m","C:/Users/hulsm/Documents/School/Methods_CCS/Lexical_descision","586","legacy","xpyriment","0.9626865671641791","m","615","1.0","easy","trjeoo","4","77683","0","612088","611598","NA","NA","0","617794","612073","776477","872703","872683","0","873436","0","612074","617766","NA","0","NA","0","0","617123","874054","66039","NA","872682","LexicalDecision"
"No","627","1","3","Pseudo","3","1","1","m","C:/Users/hulsm/Documents/School/Methods_CCS/Lexical_descision","564","legacy","xpyriment","0.9627791563275434","m","627","1.0","hard","gengde","4","77683","0","612088","611598","NA","NA","0","617794","612073","776477","874668","874649","0","875381","0","612074","617766","NA","0","NA","0","0","617123","876010","66039","NA","874648","LexicalDecision"
"No","631","1","3","Pseudo","3","1","1","m","C:/Users/hulsm/Documents/School/Methods_CCS/Lexical_descision","513","legacy","xpyriment","0.9628712871287128","m","631","1.0","hard","distijfs","4","77683","0","612088","611598","NA","NA","0","617794","612073","776477","876597","876577","0","877257","0","612074","617766","NA","0","NA","0","0","617123","877891","66039","NA","876575","LexicalDecision"
"No","484","1","3","LF","2","1","1","n","C:/Users/hulsm/Documents/School/Methods_CCS/Lexical_descision","424","legacy","xpyriment","0.9629629629629629","n","484","1.0","hard","hangers","4","77683","0","612088","611598","NA","NA","0","617794","612073","776477","878489","878470","0","879063","0","612074","617766","NA","0","NA","0","0","617123","879550","66039","NA","878469","LexicalDecision"
"No","608","1","4","LF","2","1","1","n","C:/Users/hulsm/Documents/School/Methods_CCS/Lexical_descision","531","legacy","xpyriment","0.9630541871921182","n","608","1.0","hard","poema's","4","77683","0","880178","879701","NA","NA","0","882283","880164","776477","882731","882710","0","883419","0","880164","882260","NA","0","NA","0","0","881669","884031","66039","NA","882710","LexicalDecision"
"No","450","1","4","LF","2","1","1","n","C:/Users/hulsm/Documents/School/Methods_CCS/Lexical_descision","568","legacy","xpyriment","0.9631449631449631","n","450","1.0","hard","augurk","4","77683","0","880178","879701","NA","NA","0","882283","880164","776477","884647","884627","0","885371","0","880164","882260","NA","0","NA","0","0","881669","885824","66039","NA","884626","LexicalDecision"
"No","530","1","4","Pseudo","3","1","1","m","C:/Users/hulsm/Documents/School/Methods_CCS/Lexical_descision","404","legacy","xpyriment","0.9632352941176471","m","530","1.0","hard","vonen","4","77683","0","880178","879701","NA","NA","0","882283","880164","776477","886440","886418","0","886994","0","880164","882260","NA","0","NA","0","0","881669","887527","66039","NA","886417","LexicalDecision"
"No","514","1","4","Pseudo","3","1","1","m","C:/Users/hulsm/Documents/School/Methods_CCS/Lexical_descision","504","legacy","xpyriment","0.9633251833740831","m","514","1.0","hard","leel","4","77683","0","880178","879701","NA","NA","0","882283","880164","776477","888118","888099","0","888774","0","880164","882260","NA","0","NA","0","0","881669","889292","66039","NA","888099","LexicalDecision"
"No","476","1","4","Pseudo","3","1","1","m","C:/Users/hulsm/Documents/School/Methods_CCS/Lexical_descision","550","legacy","xpyriment","0.9634146341463414","m","476","1.0","hard","moenen","4","77683","0","880178","879701","NA","NA","0","882283","880164","776477","889919","889897","0","890618","0","880164","882260","NA","0","NA","0","0","881669","891097","66039","NA","889896","LexicalDecision"
"No","504","1","4","LF","2","1","1","n","C:/Users/hulsm/Documents/School/Methods_CCS/Lexical_descision","463","legacy","xpyriment","0.9635036496350365","n","504","1.0","hard","racist","4","77683","0","880178","879701","NA","NA","0","882283","880164","776477","891682","891660","0","892300","0","880164","882260","NA","0","NA","0","0","881669","892807","66039","NA","891659","LexicalDecision"
"No","416","1","4","LF","2","1","1","n","C:/Users/hulsm/Documents/School/Methods_CCS/Lexical_descision","433","legacy","xpyriment","0.9635922330097088","n","416","1.0","hard","party's","4","77683","0","880178","879701","NA","NA","0","882283","880164","776477","893396","893374","0","893985","0","880164","882260","NA","0","NA","0","0","881669","894404","66039","NA","893373","LexicalDecision"
"No","484","1","4","Pseudo","3","1","1","m","C:/Users/hulsm/Documents/School/Methods_CCS/Lexical_descision","584","legacy","xpyriment","0.9636803874092009","m","484","1.0","hard","behat","4","77683","0","880178","879701","NA","NA","0","882283","880164","776477","894998","894977","0","895733","0","880164","882260","NA","0","NA","0","0","881669","896220","66039","NA","894976","LexicalDecision"
"No","1112","1","4","Pseudo","3","1","1","m","C:/Users/hulsm/Documents/School/Methods_CCS/Lexical_descision","559","legacy","xpyriment","0.9637681159420289","m","1112","1.0","hard","nassen","4","77683","0","880178","879701","NA","NA","0","882283","880164","776477","896795","896775","0","897499","0","880164","882260","NA","0","NA","0","0","881669","898613","66039","NA","896775","LexicalDecision"
"No","601","1","4","HF","1","1","1","n","C:/Users/hulsm/Documents/School/Methods_CCS/Lexical_descision","491","legacy","xpyriment","0.963855421686747","n","601","1.0","easy","totaal","4","77683","0","880178","879701","NA","NA","0","882283","880164","776477","899199","899178","0","899841","0","880164","882260","NA","0","NA","0","0","881669","900445","66039","NA","899177","LexicalDecision"
"No","492","1","4","LF","2","1","1","n","C:/Users/hulsm/Documents/School/Methods_CCS/Lexical_descision","496","legacy","xpyriment","0.9639423076923077","n","492","1.0","hard","zinsdeel","4","77683","0","880178","879701","NA","NA","0","882283","880164","776477","901020","900998","0","901663","0","880164","882260","NA","0","NA","0","0","881669","902157","66039","NA","900997","LexicalDecision"
"No","780","1","4","LF","2","1","1","n","C:/Users/hulsm/Documents/School/Methods_CCS/Lexical_descision","466","legacy","xpyriment","0.9640287769784173","n","780","1.0","hard","smokings","4","77683","0","880178","879701","NA","NA","0","882283","880164","776477","902732","902711","0","903357","0","880164","882260","NA","0","NA","0","0","881669","904141","66039","NA","902710","LexicalDecision"
"No","445","1","4","LF","2","1","1","n","C:/Users/hulsm/Documents/School/Methods_CCS/Lexical_descision","595","legacy","xpyriment","0.9641148325358851","n","445","1.0","hard","jacket","4","77683","0","880178","879701","NA","NA","0","882283","880164","776477","904727","904707","0","905480","0","880164","882260","NA","0","NA","0","0","881669","905928","66039","NA","904706","LexicalDecision"
"No","377","1","4","Pseudo","3","1","1","m","C:/Users/hulsm/Documents/School/Methods_CCS/Lexical_descision","492","legacy","xpyriment","0.964200477326969","m","377","1.0","hard","lorte","4","77683","0","880178","879701","NA","NA","0","882283","880164","776477","906547","906527","0","907186","0","880164","882260","NA","0","NA","0","0","881669","907567","66039","NA","906525","LexicalDecision"
"No","427","1","4","LF","2","1","1","n","C:/Users/hulsm/Documents/School/Methods_CCS/Lexical_descision","559","legacy","xpyriment","0.9642857142857143","n","427","1.0","hard","vuilbak","4","77683","0","880178","879701","NA","NA","0","882283","880164","776477","908153","908133","0","908859","0","880164","882260","NA","0","NA","0","0","881669","909289","66039","NA","908132","LexicalDecision"
"No","576","1","4","LF","2","1","1","n","C:/Users/hulsm/Documents/School/Methods_CCS/Lexical_descision","576","legacy","xpyriment","0.9643705463182898","n","576","1.0","hard","popjes","4","77683","0","880178","879701","NA","NA","0","882283","880164","776477","909872","909851","0","910604","0","880164","882260","NA","0","NA","0","0","881669","911183","66039","NA","909851","LexicalDecision"
"No","524","1","4","LF","2","1","1","n","C:/Users/hulsm/Documents/School/Methods_CCS/Lexical_descision","527","legacy","xpyriment","0.9644549763033176","n","524","1.0","hard","loodjes","4","77683","0","880178","879701","NA","NA","0","882283","880164","776477","911758","911738","0","912433","0","880164","882260","NA","0","NA","0","0","881669","912960","66039","NA","911738","LexicalDecision"
"No","583","1","4","LF","2","1","1","n","C:/Users/hulsm/Documents/School/Methods_CCS/Lexical_descision","508","legacy","xpyriment","0.9645390070921985","n","583","1.0","hard","cycloon","4","77683","0","880178","879701","NA","NA","0","882283","880164","776477","913541","913523","0","914196","0","880164","882260","NA","0","NA","0","0","881669","914782","66039","NA","913522","LexicalDecision"
"No","401","1","4","LF","2","1","1","n","C:/Users/hulsm/Documents/School/Methods_CCS/Lexical_descision","477","legacy","xpyriment","0.964622641509434","n","401","1.0","hard","kaasje","4","77683","0","880178","879701","NA","NA","0","882283","880164","776477","915357","915336","0","915989","0","880164","882260","NA","0","NA","0","0","881669","916393","66039","NA","915336","LexicalDecision"
"No","407","1","4","LF","2","1","1","n","C:/Users/hulsm/Documents/School/Methods_CCS/Lexical_descision","514","legacy","xpyriment","0.9647058823529412","n","407","1.0","hard","raciaal","4","77683","0","880178","879701","NA","NA","0","882283","880164","776477","916973","916954","0","917641","0","880164","882260","NA","0","NA","0","0","881669","918051","66039","NA","916953","LexicalDecision"
"No","596","1","4","Pseudo","3","1","1","m","C:/Users/hulsm/Documents/School/Methods_CCS/Lexical_descision","481","legacy","xpyriment","0.9647887323943662","m","596","1.0","hard","dechten","4","77683","0","880178","879701","NA","NA","0","882283","880164","776477","918629","918609","0","919264","0","880164","882260","NA","0","NA","0","0","881669","919863","66039","NA","918607","LexicalDecision"
"No","935","1","4","Pseudo","3","1","1","m","C:/Users/hulsm/Documents/School/Methods_CCS/Lexical_descision","578","legacy","xpyriment","0.9648711943793911","m","935","1.0","hard","doordan","4","77683","0","880178","879701","NA","NA","0","882283","880164","776477","920442","920420","0","921169","0","880164","882260","NA","0","NA","0","0","881669","922108","66039","NA","920419","LexicalDecision"
"No","513","1","4","Pseudo","3","1","1","m","C:/Users/hulsm/Documents/School/Methods_CCS/Lexical_descision","458","legacy","xpyriment","0.9649532710280374","m","513","1.0","hard","kijn","4","77683","0","880178","879701","NA","NA","0","882283","880164","776477","922717","922696","0","923328","0","880164","882260","NA","0","NA","0","0","881669","923844","66039","NA","922695","LexicalDecision"
"No","524","1","4","LF","2","1","1","n","C:/Users/hulsm/Documents/School/Methods_CCS/Lexical_descision","414","legacy","xpyriment","0.965034965034965","n","524","1.0","hard","uiltje","4","77683","0","880178","879701","NA","NA","0","882283","880164","776477","924431","924412","0","924995","0","880164","882260","NA","0","NA","0","0","881669","925522","66039","NA","924411","LexicalDecision"
"No","874","1","4","LF","2","1","1","n","C:/Users/hulsm/Documents/School/Methods_CCS/Lexical_descision","582","legacy","xpyriment","0.9651162790697675","n","874","1.0","hard","letsels","4","77683","0","880178","879701","NA","NA","0","882283","880164","776477","926104","926082","0","926842","0","880164","882260","NA","0","NA","0","0","881669","927719","66039","NA","926081","LexicalDecision"
"No","501","1","4","LF","2","1","1","n","C:/Users/hulsm/Documents/School/Methods_CCS/Lexical_descision","409","legacy","xpyriment","0.9651972157772621","n","501","1.0","hard","cola's","4","77683","0","880178","879701","NA","NA","0","882283","880164","776477","928287","928268","0","928849","0","880164","882260","NA","0","NA","0","0","881669","929353","66039","NA","928268","LexicalDecision"
"No","488","1","4","Pseudo","3","1","1","m","C:/Users/hulsm/Documents/School/Methods_CCS/Lexical_descision","496","legacy","xpyriment","0.9652777777777778","m","488","1.0","hard","boepte","4","77683","0","880178","879701","NA","NA","0","882283","880164","776477","929969","929947","0","930613","0","880164","882260","NA","0","NA","0","0","881669","931105","66039","NA","929947","LexicalDecision"
"No","446","1","4","LF","2","1","1","n","C:/Users/hulsm/Documents/School/Methods_CCS/Lexical_descision","471","legacy","xpyriment","0.9653579676674365","n","446","1.0","hard","pandje","4","77683","0","880178","879701","NA","NA","0","882283","880164","776477","931684","931664","0","932309","0","880164","882260","NA","0","NA","0","0","881669","932758","66039","NA","931664","LexicalDecision"
"No","560","1","4","Random","4","1","1","m","C:/Users/hulsm/Documents/School/Methods_CCS/Lexical_descision","547","legacy","xpyriment","0.9654377880184332","m","560","1.0","easy","zjtleie","4","77683","0","880178","879701","NA","NA","0","882283","880164","776477","933352","933331","0","934048","0","880164","882260","NA","0","NA","0","0","881669","934611","66039","NA","933330","LexicalDecision"
"No","435","1","4","HF","1","1","1","n","C:/Users/hulsm/Documents/School/Methods_CCS/Lexical_descision","540","legacy","xpyriment","0.9655172413793104","n","435","1.0","easy","bekend","4","77683","0","880178","879701","NA","NA","0","882283","880164","776477","935245","935224","0","935936","0","880164","882260","NA","0","NA","0","0","881669","936374","66039","NA","935224","LexicalDecision"
"No","483","1","4","Pseudo","3","1","1","m","C:/Users/hulsm/Documents/School/Methods_CCS/Lexical_descision","445","legacy","xpyriment","0.9655963302752294","m","483","1.0","hard","puut","4","77683","0","880178","879701","NA","NA","0","882283","880164","776477","936948","936929","0","937546","0","880164","882260","NA","0","NA","0","0","881669","938032","66039","NA","936928","LexicalDecision"
"No","575","1","4","LF","2","1","1","n","C:/Users/hulsm/Documents/School/Methods_CCS/Lexical_descision","482","legacy","xpyriment","0.965675057208238","n","575","1.0","hard","haarband","4","77683","0","880178","879701","NA","NA","0","882283","880164","776477","938609","938590","0","939239","0","880164","882260","NA","0","NA","0","0","881669","939818","66039","NA","938589","LexicalDecision"
"No","466","1","4","Pseudo","3","1","1","m","C:/Users/hulsm/Documents/School/Methods_CCS/Lexical_descision","413","legacy","xpyriment","0.9657534246575342","m","466","1.0","hard","haadt","4","77683","0","880178","879701","NA","NA","0","882283","880164","776477","940400","940381","0","940968","0","880164","882260","NA","0","NA","0","0","881669","941438","66039","NA","940379","LexicalDecision"
"No","756","1","4","LF","2","1","1","n","C:/Users/hulsm/Documents/School/Methods_CCS/Lexical_descision","436","legacy","xpyriment","0.9658314350797267","n","756","1.0","hard","bizons","4","77683","0","880178","879701","NA","NA","0","882283","880164","776477","942022","942001","0","942614","0","880164","882260","NA","0","NA","0","0","881669","943374","66039","NA","941999","LexicalDecision"
"No","744","0","4","LF","2","0","0","n","C:/Users/hulsm/Documents/School/Methods_CCS/Lexical_descision","494","legacy","xpyriment","0.9636363636363636","m","744","1.0","hard","pelzen","4","77683","0","880178","879701","NA","NA","0","882283","880164","945483","943945","943924","0","944588","0","880164","882260","NA","0","NA","0","0","881669","945335","66039","NA","943923","LexicalDecision"
"No","491","1","4","Random","4","1","1","m","C:/Users/hulsm/Documents/School/Methods_CCS/Lexical_descision","477","legacy","xpyriment","0.963718820861678","m","491","1.0","easy","rvwesie","4","77683","0","880178","879701","NA","NA","0","882283","880164","945483","948073","948051","0","948699","0","880164","882260","NA","0","NA","0","0","881669","949192","66039","NA","948051","LexicalDecision"
"No","662","1","4","Pseudo","3","1","1","m","C:/Users/hulsm/Documents/School/Methods_CCS/Lexical_descision","401","legacy","xpyriment","0.9638009049773756","m","662","1.0","hard","zeende","4","77683","0","880178","879701","NA","NA","0","882283","880164","945483","949788","949769","0","950344","0","880164","882260","NA","0","NA","0","0","881669","951008","66039","NA","949768","LexicalDecision"
"No","445","1","4","Pseudo","3","1","1","m","C:/Users/hulsm/Documents/School/Methods_CCS/Lexical_descision","573","legacy","xpyriment","0.963882618510158","m","445","1.0","hard","griwen","4","77683","0","880178","879701","NA","NA","0","882283","880164","945483","951593","951571","0","952316","0","880164","882260","NA","0","NA","0","0","881669","952764","66039","NA","951570","LexicalDecision"
"No","562","1","4","LF","2","1","1","n","C:/Users/hulsm/Documents/School/Methods_CCS/Lexical_descision","562","legacy","xpyriment","0.963963963963964","n","562","1.0","hard","besjes","4","77683","0","880178","879701","NA","NA","0","882283","880164","945483","953371","953353","0","954082","0","880164","882260","NA","0","NA","0","0","881669","954647","66039","NA","953352","LexicalDecision"
"No","519","1","4","Pseudo","3","1","1","m","C:/Users/hulsm/Documents/School/Methods_CCS/Lexical_descision","438","legacy","xpyriment","0.9640449438202248","m","519","1.0","hard","tervas","4","77683","0","880178","879701","NA","NA","0","882283","880164","945483","955263","955243","0","955854","0","880164","882260","NA","0","NA","0","0","881669","956376","66039","NA","955242","LexicalDecision"
"No","629","1","4","Pseudo","3","1","1","m","C:/Users/hulsm/Documents/School/Methods_CCS/Lexical_descision","421","legacy","xpyriment","0.9641255605381166","m","629","1.0","hard","laal","4","77683","0","880178","879701","NA","NA","0","882283","880164","945483","956963","956944","0","957535","0","880164","882260","NA","0","NA","0","0","881669","958166","66039","NA","956943","LexicalDecision"
"No","625","1","4","Pseudo","3","1","1","m","C:/Users/hulsm/Documents/School/Methods_CCS/Lexical_descision","583","legacy","xpyriment","0.9642058165548099","m","625","1.0","hard","drons","4","77683","0","880178","879701","NA","NA","0","882283","880164","945483","958739","958719","0","959475","0","880164","882260","NA","0","NA","0","0","881669","960103","66039","NA","958718","LexicalDecision"
"No","469","1","4","Pseudo","3","1","1","m","C:/Users/hulsm/Documents/School/Methods_CCS/Lexical_descision","490","legacy","xpyriment","0.9642857142857143","m","469","1.0","hard","saken","4","77683","0","880178","879701","NA","NA","0","882283","880164","945483","960680","960660","0","961324","0","880164","882260","NA","0","NA","0","0","881669","961795","66039","NA","960659","LexicalDecision"
"No","420","1","4","Pseudo","3","1","1","m","C:/Users/hulsm/Documents/School/Methods_CCS/Lexical_descision","431","legacy","xpyriment","0.9643652561247216","m","420","1.0","hard","meken","4","77683","0","880178","879701","NA","NA","0","882283","880164","945483","962387","962366","0","962975","0","880164","882260","NA","0","NA","0","0","881669","963398","66039","NA","962364","LexicalDecision"
"No","431","1","4","LF","2","1","1","n","C:/Users/hulsm/Documents/School/Methods_CCS/Lexical_descision","513","legacy","xpyriment","0.9644444444444444","n","431","1.0","hard","dieptes","4","77683","0","880178","879701","NA","NA","0","882283","880164","945483","963973","963954","0","964642","0","880164","882260","NA","0","NA","0","0","881669","965076","66039","NA","963953","LexicalDecision"
"No","467","1","4","Pseudo","3","1","1","m","C:/Users/hulsm/Documents/School/Methods_CCS/Lexical_descision","433","legacy","xpyriment","0.9645232815964523","m","467","1.0","hard","stezen","4","77683","0","880178","879701","NA","NA","0","882283","880164","945483","965660","965641","0","966250","0","880164","882260","NA","0","NA","0","0","881669","966720","66039","NA","965640","LexicalDecision"
"No","448","1","4","Pseudo","3","1","1","m","C:/Users/hulsm/Documents/School/Methods_CCS/Lexical_descision","575","legacy","xpyriment","0.9646017699115044","m","448","1.0","hard","meker","4","77683","0","880178","879701","NA","NA","0","882283","880164","945483","967308","967288","0","968032","0","880164","882260","NA","0","NA","0","0","881669","968483","66039","NA","967287","LexicalDecision"
"No","423","1","4","Pseudo","3","1","1","m","C:/Users/hulsm/Documents/School/Methods_CCS/Lexical_descision","567","legacy","xpyriment","0.9646799116997793","m","423","1.0","hard","adzie","4","77683","0","880178","879701","NA","NA","0","882283","880164","945483","969066","969046","0","969785","0","880164","882260","NA","0","NA","0","0","881669","970210","66039","NA","969045","LexicalDecision"
"No","457","1","4","Pseudo","3","1","1","m","C:/Users/hulsm/Documents/School/Methods_CCS/Lexical_descision","414","legacy","xpyriment","0.9647577092511013","m","457","1.0","hard","biek","4","77683","0","880178","879701","NA","NA","0","882283","880164","945483","970784","970762","0","971359","0","880164","882260","NA","0","NA","0","0","881669","971819","66039","NA","970761","LexicalDecision"
"No","385","0","4","LF","2","0","0","n","C:/Users/hulsm/Documents/School/Methods_CCS/Lexical_descision","548","legacy","xpyriment","0.9626373626373627","m","385","1.0","hard","rukwind","4","77683","0","880178","879701","NA","NA","0","882283","880164","973634","972395","972373","0","973095","0","880164","882260","NA","0","NA","0","0","881669","973482","66039","NA","972373","LexicalDecision"
"No","548","0","4","HF","1","0","0","n","C:/Users/hulsm/Documents/School/Methods_CCS/Lexical_descision","570","legacy","xpyriment","0.9605263157894737","m","548","1.0","easy","nood","4","77683","0","880178","879701","NA","NA","0","882283","880164","977667","976240","976219","0","976966","0","880164","882260","NA","0","NA","0","0","881669","977517","66039","NA","976219","LexicalDecision"
"No","446","1","4","LF","2","1","1","n","C:/Users/hulsm/Documents/School/Methods_CCS/Lexical_descision","416","legacy","xpyriment","0.9606126914660832","n","446","1.0","hard","cartoons","4","77683","0","880178","879701","NA","NA","0","882283","880164","977667","980254","980232","0","980822","0","880164","882260","NA","0","NA","0","0","881669","981270","66039","NA","980232","LexicalDecision"
"No","519","1","4","LF","2","1","1","n","C:/Users/hulsm/Documents/School/Methods_CCS/Lexical_descision","528","legacy","xpyriment","0.9606986899563319","n","519","1.0","hard","pruikje","4","77683","0","880178","879701","NA","NA","0","882283","880164","977667","981857","981837","0","982530","0","880164","882260","NA","0","NA","0","0","881669","983052","66039","NA","981836","LexicalDecision"
"No","553","1","4","LF","2","1","1","n","C:/Users/hulsm/Documents/School/Methods_CCS/Lexical_descision","502","legacy","xpyriment","0.9607843137254902","n","553","1.0","hard","stages","4","77683","0","880178","879701","NA","NA","0","882283","880164","977667","983636","983615","0","984296","0","880164","882260","NA","0","NA","0","0","881669","984852","66039","NA","983613","LexicalDecision"
"No","587","1","4","Pseudo","3","1","1","m","C:/Users/hulsm/Documents/School/Methods_CCS/Lexical_descision","407","legacy","xpyriment","0.9608695652173913","m","587","1.0","hard","erdij","4","77683","0","880178","879701","NA","NA","0","882283","880164","977667","985433","985413","0","985986","0","880164","882260","NA","0","NA","0","0","881669","986576","66039","NA","985412","LexicalDecision"
"No","701","1","4","Pseudo","3","1","1","m","C:/Users/hulsm/Documents/School/Methods_CCS/Lexical_descision","454","legacy","xpyriment","0.9609544468546638","m","701","1.0","hard","braan","4","77683","0","880178","879701","NA","NA","0","882283","880164","977667","987156","987134","0","987767","0","880164","882260","NA","0","NA","0","0","881669","988471","66039","NA","987133","LexicalDecision"
"No","484","1","4","LF","2","1","1","n","C:/Users/hulsm/Documents/School/Methods_CCS/Lexical_descision","543","legacy","xpyriment","0.961038961038961","n","484","1.0","hard","slipjes","4","77683","0","880178","879701","NA","NA","0","882283","880164","977667","989060","989040","0","989763","0","880164","882260","NA","0","NA","0","0","881669","990249","66039","NA","989039","LexicalDecision"
"No","392","1","4","Random","4","1","1","m","C:/Users/hulsm/Documents/School/Methods_CCS/Lexical_descision","476","legacy","xpyriment","0.9611231101511879","m","392","1.0","easy","jedselps","4","77683","0","880178","879701","NA","NA","0","882283","880164","977667","990877","990854","0","991500","0","880164","882260","NA","0","NA","0","0","881669","991895","66039","NA","990853","LexicalDecision"
"No","481","1","4","HF","1","1","1","n","C:/Users/hulsm/Documents/School/Methods_CCS/Lexical_descision","420","legacy","xpyriment","0.9612068965517241","n","481","1.0","easy","pistool","4","77683","0","880178","879701","NA","NA","0","882283","880164","977667","992496","992475","0","993072","0","880164","882260","NA","0","NA","0","0","881669","993558","66039","NA","992474","LexicalDecision"
"No","477","1","4","LF","2","1","1","n","C:/Users/hulsm/Documents/School/Methods_CCS/Lexical_descision","481","legacy","xpyriment","0.9612903225806452","n","477","1.0","hard","tekstje","4","77683","0","880178","879701","NA","NA","0","882283","880164","977667","994138","994118","0","994771","0","880164","882260","NA","0","NA","0","0","881669","995251","66039","NA","994117","LexicalDecision"
"No","494","1","4","HF","1","1","1","n","C:/Users/hulsm/Documents/School/Methods_CCS/Lexical_descision","527","legacy","xpyriment","0.9613733905579399","n","494","1.0","easy","maart","4","77683","0","880178","879701","NA","NA","0","882283","880164","977667","995842","995822","0","996527","0","880164","882260","NA","0","NA","0","0","881669","997023","66039","NA","995821","LexicalDecision"
"No","534","1","4","LF","2","1","1","n","C:/Users/hulsm/Documents/School/Methods_CCS/Lexical_descision","593","legacy","xpyriment","0.961456102783726","n","534","1.0","hard","twijgje","4","77683","0","880178","879701","NA","NA","0","882283","880164","977667","997636","997615","0","998380","0","880164","882260","NA","0","NA","0","0","881669","998916","66039","NA","997614","LexicalDecision"
"No","567","1","4","Pseudo","3","1","1","m","C:/Users/hulsm/Documents/School/Methods_CCS/Lexical_descision","474","legacy","xpyriment","0.9615384615384616","m","567","1.0","hard","vreep","4","77683","0","880178","879701","NA","NA","0","882283","880164","977667","999500","999479","0","1000125","0","880164","882260","NA","0","NA","0","0","881669","1000695","66039","NA","999478","LexicalDecision"
"No","554","1","4","Pseudo","3","1","1","m","C:/Users/hulsm/Documents/School/Methods_CCS/Lexical_descision","529","legacy","xpyriment","0.9616204690831557","m","554","1.0","hard","noelen","4","77683","0","880178","879701","NA","NA","0","882283","880164","977667","1001272","1001253","0","1001951","0","880164","882260","NA","0","NA","0","0","881669","1002508","66039","NA","1001252","LexicalDecision"
"No","801","1","4","Pseudo","3","1","1","m","C:/Users/hulsm/Documents/School/Methods_CCS/Lexical_descision","593","legacy","xpyriment","0.9617021276595744","m","801","1.0","hard","trukt","4","77683","0","880178","879701","NA","NA","0","882283","880164","977667","1003107","1003085","0","1003858","0","880164","882260","NA","0","NA","0","0","881669","1004662","66039","NA","1003085","LexicalDecision"
"No","799","1","4","LF","2","1","1","n","C:/Users/hulsm/Documents/School/Methods_CCS/Lexical_descision","503","legacy","xpyriment","0.9617834394904459","n","799","1.0","hard","rompen","4","77683","0","880178","879701","NA","NA","0","882283","880164","977667","1005287","1005266","0","1005946","0","880164","882260","NA","0","NA","0","0","881669","1006748","66039","NA","1005265","LexicalDecision"
"No","500","1","4","LF","2","1","1","n","C:/Users/hulsm/Documents/School/Methods_CCS/Lexical_descision","473","legacy","xpyriment","0.961864406779661","n","500","1.0","hard","orgels","4","77683","0","880178","879701","NA","NA","0","882283","880164","977667","1007334","1007313","0","1007963","0","880164","882260","NA","0","NA","0","0","881669","1008466","66039","NA","1007312","LexicalDecision"
"No","552","1","4","LF","2","1","1","n","C:/Users/hulsm/Documents/School/Methods_CCS/Lexical_descision","436","legacy","xpyriment","0.9619450317124736","n","552","1.0","hard","roosjes","4","77683","0","880178","879701","NA","NA","0","882283","880164","977667","1009070","1009049","0","1009662","0","880164","882260","NA","0","NA","0","0","881669","1010217","66039","NA","1009048","LexicalDecision"
"No","669","1","4","Pseudo","3","1","1","m","C:/Users/hulsm/Documents/School/Methods_CCS/Lexical_descision","417","legacy","xpyriment","0.9620253164556962","m","669","1.0","hard","gebeer","4","77683","0","880178","879701","NA","NA","0","882283","880164","977667","1010799","1010778","0","1011365","0","880164","882260","NA","0","NA","0","0","881669","1012037","66039","NA","1010777","LexicalDecision"
"No","448","1","4","Random","4","1","1","m","C:/Users/hulsm/Documents/School/Methods_CCS/Lexical_descision","455","legacy","xpyriment","0.9621052631578947","m","448","1.0","easy","meeirrs","4","77683","0","880178","879701","NA","NA","0","882283","880164","977667","1012611","1012592","0","1013213","0","880164","882260","NA","0","NA","0","0","881669","1013664","66039","NA","1012591","LexicalDecision"
"No","452","0","4","Pseudo","3","0","0","m","C:/Users/hulsm/Documents/School/Methods_CCS/Lexical_descision","506","legacy","xpyriment","0.9600840336134454","n","452","1.0","hard","vervoek","4","77683","0","880178","879701","NA","NA","0","882283","880164","1015552","1014286","1014266","0","1014948","0","880164","882260","NA","0","NA","0","0","881669","1015403","66039","NA","1014265","LexicalDecision"
"No","672","1","4","LF","2","1","1","n","C:/Users/hulsm/Documents/School/Methods_CCS/Lexical_descision","557","legacy","xpyriment","0.960167714884696","n","672","1.0","hard","fauna's","4","77683","0","880178","879701","NA","NA","0","882283","880164","1015552","1018140","1018118","0","1018851","0","880164","882260","NA","0","NA","0","0","881669","1019525","66039","NA","1018118","LexicalDecision"
"No","707","1","4","Pseudo","3","1","1","m","C:/Users/hulsm/Documents/School/Methods_CCS/Lexical_descision","399","legacy","xpyriment","0.9602510460251046","m","707","1.0","hard","slurt","4","77683","0","880178","879701","NA","NA","0","882283","880164","1015552","1020117","1020096","0","1020666","0","880164","882260","NA","0","NA","0","0","881669","1021376","66039","NA","1020096","LexicalDecision"
"No","461","1","4","LF","2","1","1","n","C:/Users/hulsm/Documents/School/Methods_CCS/Lexical_descision","546","legacy","xpyriment","0.9603340292275574","n","461","1.0","hard","toontjes","4","77683","0","880178","879701","NA","NA","0","882283","880164","1015552","1021967","1021947","0","1022665","0","880164","882260","NA","0","NA","0","0","881669","1023128","66039","NA","1021946","LexicalDecision"
"No","567","1","4","Pseudo","3","1","1","m","C:/Users/hulsm/Documents/School/Methods_CCS/Lexical_descision","403","legacy","xpyriment","0.9604166666666667","m","567","1.0","hard","cout","4","77683","0","880178","879701","NA","NA","0","882283","880164","1015552","1023705","1023684","0","1024259","0","880164","882260","NA","0","NA","0","0","881669","1024831","66039","NA","1023682","LexicalDecision"
"No","440","1","4","Pseudo","3","1","1","m","C:/Users/hulsm/Documents/School/Methods_CCS/Lexical_descision","497","legacy","xpyriment","0.9604989604989606","m","440","1.0","hard","hege","4","77683","0","880178","879701","NA","NA","0","882283","880164","1015552","1025415","1025395","0","1026066","0","880164","882260","NA","0","NA","0","0","881669","1026508","66039","NA","1025394","LexicalDecision"
"No","511","1","4","LF","2","1","1","n","C:/Users/hulsm/Documents/School/Methods_CCS/Lexical_descision","575","legacy","xpyriment","0.9605809128630706","n","511","1.0","hard","schatjes","4","77683","0","880178","879701","NA","NA","0","882283","880164","1015552","1027072","1027052","0","1027800","0","880164","882260","NA","0","NA","0","0","881669","1028314","66039","NA","1027051","LexicalDecision"
"No","601","1","4","LF","2","1","1","n","C:/Users/hulsm/Documents/School/Methods_CCS/Lexical_descision","493","legacy","xpyriment","0.9606625258799172","n","601","1.0","hard","bizon","4","77683","0","880178","879701","NA","NA","0","882283","880164","1015552","1028912","1028890","0","1029554","0","880164","882260","NA","0","NA","0","0","881669","1030158","66039","NA","1028889","LexicalDecision"
"No","538","1","4","LF","2","1","1","n","C:/Users/hulsm/Documents/School/Methods_CCS/Lexical_descision","535","legacy","xpyriment","0.9607438016528925","n","538","1.0","hard","besje","4","77683","0","880178","879701","NA","NA","0","882283","880164","1015552","1030739","1030719","0","1031429","0","880164","882260","NA","0","NA","0","0","881669","1031969","66039","NA","1030718","LexicalDecision"
"No","493","1","4","Pseudo","3","1","1","m","C:/Users/hulsm/Documents/School/Methods_CCS/Lexical_descision","459","legacy","xpyriment","0.9608247422680413","m","493","1.0","hard","speeps","4","77683","0","880178","879701","NA","NA","0","882283","880164","1015552","1032551","1032529","0","1033167","0","880164","882260","NA","0","NA","0","0","881669","1033663","66039","NA","1032528","LexicalDecision"
"No","495","1","4","Random","4","1","1","m","C:/Users/hulsm/Documents/School/Methods_CCS/Lexical_descision","421","legacy","xpyriment","0.9609053497942387","m","495","1.0","easy","neius","4","77683","0","880178","879701","NA","NA","0","882283","880164","1015552","1034290","1034270","0","1034864","0","880164","882260","NA","0","NA","0","0","881669","1035362","66039","NA","1034270","LexicalDecision"
"No","473","1","4","LF","2","1","1","n","C:/Users/hulsm/Documents/School/Methods_CCS/Lexical_descision","434","legacy","xpyriment","0.9609856262833676","n","473","1.0","hard","fluitjes","4","77683","0","880178","879701","NA","NA","0","882283","880164","1015552","1035946","1035927","0","1036556","0","880164","882260","NA","0","NA","0","0","881669","1037033","66039","NA","1035926","LexicalDecision"
"No","529","1","4","LF","2","1","1","n","C:/Users/hulsm/Documents/School/Methods_CCS/Lexical_descision","410","legacy","xpyriment","0.9610655737704918","n","529","1.0","hard","tankjes","4","77683","0","880178","879701","NA","NA","0","882283","880164","1015552","1037617","1037596","0","1038175","0","880164","882260","NA","0","NA","0","0","881669","1038707","66039","NA","1037595","LexicalDecision"
"No","676","1","4","Pseudo","3","1","1","m","C:/Users/hulsm/Documents/School/Methods_CCS/Lexical_descision","590","legacy","xpyriment","0.9611451942740287","m","676","1.0","hard","bechter","4","77683","0","880178","879701","NA","NA","0","882283","880164","1015552","1039305","1039283","0","1040045","0","880164","882260","NA","0","NA","0","0","881669","1040724","66039","NA","1039282","LexicalDecision"
"No","440","1","4","Random","4","1","1","m","C:/Users/hulsm/Documents/School/Methods_CCS/Lexical_descision","408","legacy","xpyriment","0.9612244897959183","m","440","1.0","easy","twrjeas","4","77683","0","880178","879701","NA","NA","0","882283","880164","1015552","1041306","1041286","0","1041872","0","880164","882260","NA","0","NA","0","0","881669","1042315","66039","NA","1041285","LexicalDecision"
"No","512","1","4","Pseudo","3","1","1","m","C:/Users/hulsm/Documents/School/Methods_CCS/Lexical_descision","508","legacy","xpyriment","0.9613034623217923","m","512","1.0","hard","haadt","4","77683","0","880178","879701","NA","NA","0","882283","880164","1015552","1042904","1042883","0","1043558","0","880164","882260","NA","0","NA","0","0","881669","1044073","66039","NA","1042883","LexicalDecision"
"No","512","1","4","Pseudo","3","1","1","m","C:/Users/hulsm/Documents/School/Methods_CCS/Lexical_descision","492","legacy","xpyriment","0.9613821138211383","m","512","1.0","hard","dedden","4","77683","0","880178","879701","NA","NA","0","882283","880164","1015552","1044662","1044641","0","1045301","0","880164","882260","NA","0","NA","0","0","881669","1045816","66039","NA","1044640","LexicalDecision"
"No","563","1","4","Pseudo","3","1","1","m","C:/Users/hulsm/Documents/School/Methods_CCS/Lexical_descision","510","legacy","xpyriment","0.9614604462474645","m","563","1.0","hard","prodes","4","77683","0","880178","879701","NA","NA","0","882283","880164","1015552","1046402","1046380","0","1047065","0","880164","882260","NA","0","NA","0","0","881669","1047631","66039","NA","1046378","LexicalDecision"
"No","626","1","4","Pseudo","3","1","1","m","C:/Users/hulsm/Documents/School/Methods_CCS/Lexical_descision","410","legacy","xpyriment","0.9615384615384616","m","626","1.0","hard","deek","4","77683","0","880178","879701","NA","NA","0","882283","880164","1015552","1048246","1048227","0","1048811","0","880164","882260","NA","0","NA","0","0","881669","1049441","66039","NA","1048226","LexicalDecision"
"No","505","1","4","LF","2","1","1","n","C:/Users/hulsm/Documents/School/Methods_CCS/Lexical_descision","491","legacy","xpyriment","0.9616161616161616","n","505","1.0","hard","korfbal","4","77683","0","880178","879701","NA","NA","0","882283","880164","1015552","1050031","1050011","0","1050672","0","880164","882260","NA","0","NA","0","0","881669","1051180","66039","NA","1050010","LexicalDecision"
"No","459","1","4","Pseudo","3","1","1","m","C:/Users/hulsm/Documents/School/Methods_CCS/Lexical_descision","442","legacy","xpyriment","0.9616935483870968","m","459","1.0","hard","sjarat","4","77683","0","880178","879701","NA","NA","0","882283","880164","1015552","1051771","1051751","0","1052361","0","880164","882260","NA","0","NA","0","0","881669","1052823","66039","NA","1051751","LexicalDecision"
"No","551","1","4","LF","2","1","1","n","C:/Users/hulsm/Documents/School/Methods_CCS/Lexical_descision","529","legacy","xpyriment","0.9617706237424547","n","551","1.0","hard","papjes","4","77683","0","880178","879701","NA","NA","0","882283","880164","1015552","1053405","1053384","0","1054080","0","880164","882260","NA","0","NA","0","0","881669","1054634","66039","NA","1053383","LexicalDecision"
"No","636","1","4","LF","2","1","1","n","C:/Users/hulsm/Documents/School/Methods_CCS/Lexical_descision","581","legacy","xpyriment","0.9618473895582329","n","636","1.0","hard","kapjes","4","77683","0","880178","879701","NA","NA","0","882283","880164","1015552","1055209","1055188","0","1055940","0","880164","882260","NA","0","NA","0","0","881669","1056579","66039","NA","1055187","LexicalDecision"
"No","475","1","4","LF","2","1","1","n","C:/Users/hulsm/Documents/School/Methods_CCS/Lexical_descision","428","legacy","xpyriment","0.9619238476953907","n","475","1.0","hard","topjes","4","77683","0","880178","879701","NA","NA","0","882283","880164","1015552","1057159","1057137","0","1057736","0","880164","882260","NA","0","NA","0","0","881669","1058214","66039","NA","1057135","LexicalDecision"
"No","436","1","4","LF","2","1","1","n","C:/Users/hulsm/Documents/School/Methods_CCS/Lexical_descision","564","legacy","xpyriment","0.962","n","436","1.0","hard","drums","4","77683","0","880178","879701","NA","NA","0","882283","880164","1015552","1058798","1058777","0","1059518","0","880164","882260","NA","0","NA","0","0","881669","1059957","66039","NA","1058776","LexicalDecision"
"No","453","1","4","LF","2","1","1","n","C:/Users/hulsm/Documents/School/Methods_CCS/Lexical_descision","527","legacy","xpyriment","0.9620758483033932","n","453","1.0","hard","matches","4","77683","0","880178","879701","NA","NA","0","882283","880164","1015552","1060533","1060512","0","1061214","0","880164","882260","NA","0","NA","0","0","881669","1061670","66039","NA","1060512","LexicalDecision"
"No","554","1","4","Pseudo","3","1","1","m","C:/Users/hulsm/Documents/School/Methods_CCS/Lexical_descision","437","legacy","xpyriment","0.9621513944223108","m","554","1.0","hard","ildste","4","77683","0","880178","879701","NA","NA","0","882283","880164","1015552","1062255","1062234","0","1062851","0","880164","882260","NA","0","NA","0","0","881669","1063409","66039","NA","1062234","LexicalDecision"
"No","562","1","4","LF","2","1","1","n","C:/Users/hulsm/Documents/School/Methods_CCS/Lexical_descision","526","legacy","xpyriment","0.9622266401590457","n","562","1.0","hard","item","4","77683","0","880178","879701","NA","NA","0","882283","880164","1015552","1064008","1063985","0","1064683","0","880164","882260","NA","0","NA","0","0","881669","1065248","66039","NA","1063983","LexicalDecision"
"No","718","1","4","Pseudo","3","1","1","m","C:/Users/hulsm/Documents/School/Methods_CCS/Lexical_descision","540","legacy","xpyriment","0.9623015873015873","m","718","1.0","hard","stemle","4","77683","0","880178","879701","NA","NA","0","882283","880164","1015552","1065839","1065818","0","1066526","0","880164","882260","NA","0","NA","0","0","881669","1067247","66039","NA","1065817","LexicalDecision"
"No","474","1","4","HF","1","1","1","n","C:/Users/hulsm/Documents/School/Methods_CCS/Lexical_descision","590","legacy","xpyriment","0.9623762376237623","n","474","1.0","easy","gebied","4","77683","0","880178","879701","NA","NA","0","882283","880164","1015552","1067833","1067813","0","1068580","0","880164","882260","NA","0","NA","0","0","881669","1069059","66039","NA","1067813","LexicalDecision"
"No","651","1","4","Random","4","1","1","m","C:/Users/hulsm/Documents/School/Methods_CCS/Lexical_descision","454","legacy","xpyriment","0.9624505928853755","m","651","1.0","easy","pty'ans","4","77683","0","880178","879701","NA","NA","0","882283","880164","1015552","1069643","1069624","0","1070244","0","880164","882260","NA","0","NA","0","0","881669","1070898","66039","NA","1069623","LexicalDecision"
"No","495","1","4","Pseudo","3","1","1","m","C:/Users/hulsm/Documents/School/Methods_CCS/Lexical_descision","494","legacy","xpyriment","0.9625246548323472","m","495","1.0","hard","shap","4","77683","0","880178","879701","NA","NA","0","882283","880164","1015552","1071513","1071492","0","1072159","0","880164","882260","NA","0","NA","0","0","881669","1072657","66039","NA","1071491","LexicalDecision"
"No","496","1","4","LF","2","1","1","n","C:/Users/hulsm/Documents/School/Methods_CCS/Lexical_descision","517","legacy","xpyriment","0.9625984251968503","n","496","1.0","hard","dikkerds","4","77683","0","880178","879701","NA","NA","0","882283","880164","1015552","1073238","1073219","0","1073906","0","880164","882260","NA","0","NA","0","0","881669","1074405","66039","NA","1073217","LexicalDecision"
"No","408","1","4","Pseudo","3","1","1","m","C:/Users/hulsm/Documents/School/Methods_CCS/Lexical_descision","455","legacy","xpyriment","0.962671905697446","m","408","1.0","hard","aand","4","77683","0","880178","879701","NA","NA","0","882283","880164","1015552","1074996","1074975","0","1075602","0","880164","882260","NA","0","NA","0","0","881669","1076013","66039","NA","1074973","LexicalDecision"
"No","463","1","4","LF","2","1","1","n","C:/Users/hulsm/Documents/School/Methods_CCS/Lexical_descision","497","legacy","xpyriment","0.9627450980392157","n","463","1.0","hard","feitjes","4","77683","0","880178","879701","NA","NA","0","882283","880164","1015552","1076600","1076580","0","1077249","0","880164","882260","NA","0","NA","0","0","881669","1077716","66039","NA","1076579","LexicalDecision"
"No","642","1","4","Pseudo","3","1","1","m","C:/Users/hulsm/Documents/School/Methods_CCS/Lexical_descision","409","legacy","xpyriment","0.9628180039138943","m","642","1.0","hard","vernast","4","77683","0","880178","879701","NA","NA","0","882283","880164","1015552","1078305","1078286","0","1078863","0","880164","882260","NA","0","NA","0","0","881669","1079509","66039","NA","1078285","LexicalDecision"
"No","588","1","4","Pseudo","3","1","1","m","C:/Users/hulsm/Documents/School/Methods_CCS/Lexical_descision","421","legacy","xpyriment","0.962890625","m","588","1.0","hard","jark","4","77683","0","880178","879701","NA","NA","0","882283","880164","1015552","1080091","1080069","0","1080664","0","880164","882260","NA","0","NA","0","0","881669","1081255","66039","NA","1080068","LexicalDecision"
"No","738","1","4","Pseudo","3","1","1","m","C:/Users/hulsm/Documents/School/Methods_CCS/Lexical_descision","489","legacy","xpyriment","0.9629629629629629","m","738","1.0","hard","roveel","4","77683","0","880178","879701","NA","NA","0","882283","880164","1015552","1081879","1081859","0","1082520","0","880164","882260","NA","0","NA","0","0","881669","1083261","66039","NA","1081858","LexicalDecision"
"No","411","1","4","Pseudo","3","1","1","m","C:/Users/hulsm/Documents/School/Methods_CCS/Lexical_descision","566","legacy","xpyriment","0.9630350194552529","m","411","1.0","hard","abant","4","77683","0","880178","879701","NA","NA","0","882283","880164","1015552","1083842","1083821","0","1084557","0","880164","882260","NA","0","NA","0","0","881669","1084971","66039","NA","1083820","LexicalDecision"
"No","683","1","4","LF","2","1","1","n","C:/Users/hulsm/Documents/School/Methods_CCS/Lexical_descision","527","legacy","xpyriment","0.9631067961165048","n","683","1.0","hard","etters","4","77683","0","880178","879701","NA","NA","0","882283","880164","1015552","1085553","1085534","0","1086236","0","880164","882260","NA","0","NA","0","0","881669","1086922","66039","NA","1085533","LexicalDecision"
"No","597","1","4","Pseudo","3","1","1","m","C:/Users/hulsm/Documents/School/Methods_CCS/Lexical_descision","450","legacy","xpyriment","0.9631782945736435","m","597","1.0","hard","klinst","4","77683","0","880178","879701","NA","NA","0","882283","880164","1015552","1087512","1087493","0","1088113","0","880164","882260","NA","0","NA","0","0","881669","1088714","66039","NA","1087492","LexicalDecision"
"No","546","1","4","Pseudo","3","1","1","m","C:/Users/hulsm/Documents/School/Methods_CCS/Lexical_descision","461","legacy","xpyriment","0.9632495164410058","m","546","1.0","hard","begen","4","77683","0","880178","879701","NA","NA","0","882283","880164","1015552","1089287","1089266","0","1089897","0","880164","882260","NA","0","NA","0","0","881669","1090446","66039","NA","1089266","LexicalDecision"
"No","484","1","4","Random","4","1","1","m","C:/Users/hulsm/Documents/School/Methods_CCS/Lexical_descision","419","legacy","xpyriment","0.9633204633204633","m","484","1.0","easy","lkaebj","4","77683","0","880178","879701","NA","NA","0","882283","880164","1015552","1091051","1091031","0","1091621","0","880164","882260","NA","0","NA","0","0","881669","1092108","66039","NA","1091030","LexicalDecision"
"No","467","1","4","Pseudo","3","1","1","m","C:/Users/hulsm/Documents/School/Methods_CCS/Lexical_descision","476","legacy","xpyriment","0.9633911368015414","m","467","1.0","hard","wors","4","77683","0","880178","879701","NA","NA","0","882283","880164","1015552","1092681","1092660","0","1093313","0","880164","882260","NA","0","NA","0","0","881669","1093783","66039","NA","1092659","LexicalDecision"
"No","507","1","4","LF","2","1","1","n","C:/Users/hulsm/Documents/School/Methods_CCS/Lexical_descision","518","legacy","xpyriment","0.9634615384615385","n","507","1.0","hard","racebaan","4","77683","0","880178","879701","NA","NA","0","882283","880164","1015552","1094366","1094347","0","1095038","0","880164","882260","NA","0","NA","0","0","881669","1095549","66039","NA","1094346","LexicalDecision"
"No","903","1","4","Pseudo","3","1","1","m","C:/Users/hulsm/Documents/School/Methods_CCS/Lexical_descision","497","legacy","xpyriment","0.963531669865643","m","903","1.0","hard","maagten","4","77683","0","880178","879701","NA","NA","0","882283","880164","1015552","1096125","1096103","0","1096773","0","880164","882260","NA","0","NA","0","0","881669","1097679","66039","NA","1096103","LexicalDecision"
"No","488","1","4","Pseudo","3","1","1","m","C:/Users/hulsm/Documents/School/Methods_CCS/Lexical_descision","546","legacy","xpyriment","0.9636015325670498","m","488","1.0","hard","broot","4","77683","0","880178","879701","NA","NA","0","882283","880164","1015552","1098310","1098291","0","1099008","0","880164","882260","NA","0","NA","0","0","881669","1099501","66039","NA","1098290","LexicalDecision"
"No","628","1","4","Pseudo","3","1","1","m","C:/Users/hulsm/Documents/School/Methods_CCS/Lexical_descision","436","legacy","xpyriment","0.9636711281070746","m","628","1.0","hard","ting","4","77683","0","880178","879701","NA","NA","0","882283","880164","1015552","1100081","1100059","0","1100661","0","880164","882260","NA","0","NA","0","0","881669","1101292","66039","NA","1100058","LexicalDecision"
"No","492","1","4","Random","4","1","1","m","C:/Users/hulsm/Documents/School/Methods_CCS/Lexical_descision","422","legacy","xpyriment","0.9637404580152672","m","492","1.0","easy","asbbalel","4","77683","0","880178","879701","NA","NA","0","882283","880164","1015552","1101896","1101877","0","1102474","0","880164","882260","NA","0","NA","0","0","881669","1102970","66039","NA","1101877","LexicalDecision"
"No","464","1","4","LF","2","1","1","n","C:/Users/hulsm/Documents/School/Methods_CCS/Lexical_descision","469","legacy","xpyriment","0.9638095238095238","n","464","1.0","hard","veldjes","4","77683","0","880178","879701","NA","NA","0","882283","880164","1015552","1103563","1103543","0","1104187","0","880164","882260","NA","0","NA","0","0","881669","1104654","66039","NA","1103542","LexicalDecision"
"No","641","1","4","LF","2","1","1","n","C:/Users/hulsm/Documents/School/Methods_CCS/Lexical_descision","431","legacy","xpyriment","0.9638783269961977","n","641","1.0","hard","plateaus","4","77683","0","880178","879701","NA","NA","0","882283","880164","1015552","1105248","1105226","0","1105831","0","880164","882260","NA","0","NA","0","0","881669","1106477","66039","NA","1105226","LexicalDecision"
"No","539","1","4","Pseudo","3","1","1","m","C:/Users/hulsm/Documents/School/Methods_CCS/Lexical_descision","422","legacy","xpyriment","0.9639468690702088","m","539","1.0","hard","bezerft","4","77683","0","880178","879701","NA","NA","0","882283","880164","1015552","1107056","1107036","0","1107639","0","880164","882260","NA","0","NA","0","0","881669","1108181","66039","NA","1107035","LexicalDecision"
"No","672","1","4","LF","2","1","1","n","C:/Users/hulsm/Documents/School/Methods_CCS/Lexical_descision","448","legacy","xpyriment","0.9640151515151515","n","672","1.0","hard","krommen","4","77683","0","880178","879701","NA","NA","0","882283","880164","1015552","1108759","1108740","0","1109360","0","880164","882260","NA","0","NA","0","0","881669","1110036","66039","NA","1108739","LexicalDecision"
"No","570","1","4","LF","2","1","1","n","C:/Users/hulsm/Documents/School/Methods_CCS/Lexical_descision","512","legacy","xpyriment","0.9640831758034026","n","570","1.0","hard","ritsen","4","77683","0","880178","879701","NA","NA","0","882283","880164","1015552","1110618","1110598","0","1111280","0","880164","882260","NA","0","NA","0","0","881669","1111854","66039","NA","1110597","LexicalDecision"
"No","1308","1","4","LF","2","1","1","n","C:/Users/hulsm/Documents/School/Methods_CCS/Lexical_descision","434","legacy","xpyriment","0.9641509433962264","n","1308","1.0","hard","rolkraag","4","77683","0","880178","879701","NA","NA","0","882283","880164","1015552","1112486","1112465","0","1113069","0","880164","882260","NA","0","NA","0","0","881669","1114381","66039","NA","1112464","LexicalDecision"
"No","674","1","4","Pseudo","3","1","1","m","C:/Users/hulsm/Documents/School/Methods_CCS/Lexical_descision","494","legacy","xpyriment","0.9642184557438794","m","674","1.0","hard","luzie","4","77683","0","880178","879701","NA","NA","0","882283","880164","1015552","1114969","1114948","0","1115621","0","880164","882260","NA","0","NA","0","0","881669","1116299","66039","NA","1114947","LexicalDecision"
"No","680","1","4","Pseudo","3","1","1","m","C:/Users/hulsm/Documents/School/Methods_CCS/Lexical_descision","405","legacy","xpyriment","0.9642857142857143","m","680","1.0","hard","kijn","4","77683","0","880178","879701","NA","NA","0","882283","880164","1015552","1116883","1116863","0","1117443","0","880164","882260","NA","0","NA","0","0","881669","1118126","66039","NA","1116862","LexicalDecision"
"No","587","1","4","LF","2","1","1","n","C:/Users/hulsm/Documents/School/Methods_CCS/Lexical_descision","469","legacy","xpyriment","0.9643527204502814","n","587","1.0","hard","twijgjes","4","77683","0","880178","879701","NA","NA","0","882283","880164","1015552","1118713","1118693","0","1119341","0","880164","882260","NA","0","NA","0","0","881669","1119931","66039","NA","1118692","LexicalDecision"
"No","612","1","4","LF","2","1","1","n","C:/Users/hulsm/Documents/School/Methods_CCS/Lexical_descision","560","legacy","xpyriment","0.9644194756554307","n","612","1.0","hard","zweertje","4","77683","0","880178","879701","NA","NA","0","882283","880164","1015552","1120549","1120529","0","1121261","0","880164","882260","NA","0","NA","0","0","881669","1121877","66039","NA","1120528","LexicalDecision"
"No","645","0","4","LF","2","0","0","n","C:/Users/hulsm/Documents/School/Methods_CCS/Lexical_descision","418","legacy","xpyriment","0.9626168224299065","m","645","1.0","hard","rocker","4","77683","0","880178","879701","NA","NA","0","882283","880164","1123850","1122475","1122457","0","1123051","0","880164","882260","NA","0","NA","0","0","881669","1123699","66039","NA","1122456","LexicalDecision"
"No","511","1","4","LF","2","1","1","n","C:/Users/hulsm/Documents/School/Methods_CCS/Lexical_descision","557","legacy","xpyriment","0.9626865671641791","n","511","1.0","hard","pizza's","4","77683","0","880178","879701","NA","NA","0","882283","880164","1123850","1126471","1126450","0","1127186","0","880164","882260","NA","0","NA","0","0","881669","1127700","66039","NA","1126450","LexicalDecision"
"No","782","1","4","Pseudo","3","1","1","m","C:/Users/hulsm/Documents/School/Methods_CCS/Lexical_descision","488","legacy","xpyriment","0.962756052141527","m","782","1.0","hard","befluit","4","77683","0","880178","879701","NA","NA","0","882283","880164","1123850","1128301","1128281","0","1128940","0","880164","882260","NA","0","NA","0","0","881669","1129725","66039","NA","1128281","LexicalDecision"
"No","553","1","4","Pseudo","3","1","1","m","C:/Users/hulsm/Documents/School/Methods_CCS/Lexical_descision","557","legacy","xpyriment","0.9628252788104089","m","553","1.0","hard","draten","4","77683","0","880178","879701","NA","NA","0","882283","880164","1123850","1130316","1130298","0","1131026","0","880164","882260","NA","0","NA","0","0","881669","1131582","66039","NA","1130297","LexicalDecision"
"No","509","1","4","LF","2","1","1","n","C:/Users/hulsm/Documents/School/Methods_CCS/Lexical_descision","514","legacy","xpyriment","0.9628942486085343","n","509","1.0","hard","kaasjes","4","77683","0","880178","879701","NA","NA","0","882283","880164","1123850","1132163","1132142","0","1132823","0","880164","882260","NA","0","NA","0","0","881669","1133335","66039","NA","1132141","LexicalDecision"
"No","431","1","4","Pseudo","3","1","1","m","C:/Users/hulsm/Documents/School/Methods_CCS/Lexical_descision","424","legacy","xpyriment","0.9629629629629629","m","431","1.0","hard","roord","4","77683","0","880178","879701","NA","NA","0","882283","880164","1123850","1133923","1133902","0","1134503","0","880164","882260","NA","0","NA","0","0","881669","1134938","66039","NA","1133901","LexicalDecision"
