"Practice","RT","accuracy","block","cond","condition","correct","correct_keyboard_response","correct_response","experiment_path","fixation_dur","keyboard_backend","mouse_backend","overall_accuracy","response_keyboard_response","response_time_keyboard_response","running_accuracy","stim_type","stimulus","subject_nr","time_Experimental","time_Practice","time_block_start","time_end_of_block_trigger","time_end_of_experiment","time_end_of_practice_block_trigger","time_experiment","time_experimental_block","time_experimental_sequence","time_feedback","time_fixation","time_fixation_duration","time_generalpreps","time_keyboard_response","time_main_instructions","time_new_block","time_new_block_trigger","time_new_sketchpad","time_practice_block","time_practice_block_trigger","time_practice_sequence_1","time_practice_start","time_presstostart","time_response_trigger","time_stimulus","time_stimulus_trigger","time_trial_sequence","title"
"Yes","1995","1","0","Pseudo","3","1","1","m","/Users/florinecramer/Desktop/CCS 1/Methods in CCS/Methods_in_CCS","558","legacy","xpyriment","0.5","m","1995","NA","NA","bagden","1","NA","0","NA","NA","NA","NA","0","NA","NA","NA","0","0","0","43144","0","NA","NA","NA","0","NA","0","0","0","45140","43144","NA","0","LexicalDecision"
"Yes","1025","1","0","HF","1","1","1","n","/Users/florinecramer/Desktop/CCS 1/Methods in CCS/Methods_in_CCS","554","legacy","xpyriment","0.5","n","1025","NA","NA","twaalf","1","NA","0","NA","NA","NA","NA","0","NA","NA","NA","45234","45233","0","45791","0","NA","NA","NA","0","NA","0","0","0","46817","45791","NA","45233","LexicalDecision"
"Yes","2000","0","0","LF","2","0","0","n","/Users/florinecramer/Desktop/CCS 1/Methods in CCS/Methods_in_CCS","506","legacy","xpyriment","0.5","None","2000","NA","NA","sterkten","1","NA","0","NA","NA","NA","NA","0","NA","NA","49434","46902","46901","0","47411","0","NA","NA","NA","0","NA","0","0","0","49411","47411","NA","46901","LexicalDecision"
"Yes","1133","1","0","Random","4","1","1","m","/Users/florinecramer/Desktop/CCS 1/Methods in CCS/Methods_in_CCS","396","legacy","xpyriment","0.5","m","1133","NA","NA","jkbees","1","NA","0","NA","NA","NA","NA","0","NA","NA","49434","51539","51538","0","51938","0","NA","NA","NA","0","NA","0","0","0","53072","51938","NA","51538","LexicalDecision"
"Yes","895","1","0","HF","1","1","1","n","/Users/florinecramer/Desktop/CCS 1/Methods in CCS/Methods_in_CCS","433","legacy","xpyriment","0.5","n","895","NA","NA","stad","1","NA","0","NA","NA","NA","NA","0","NA","NA","49434","53160","53159","0","53596","0","NA","NA","NA","0","NA","0","0","0","54492","53595","NA","53159","LexicalDecision"
"Yes","899","1","0","Random","4","1","1","m","/Users/florinecramer/Desktop/CCS 1/Methods in CCS/Methods_in_CCS","434","legacy","xpyriment","0.5","m","899","NA","NA","alevr","1","NA","0","NA","NA","NA","NA","0","NA","NA","49434","54578","54577","0","55015","0","NA","NA","NA","0","NA","0","0","0","55915","55015","NA","54577","LexicalDecision"
"Yes","829","1","0","LF","2","1","1","n","/Users/florinecramer/Desktop/CCS 1/Methods in CCS/Methods_in_CCS","561","legacy","xpyriment","0.5","n","829","NA","NA","kloofje","1","NA","0","NA","NA","NA","NA","0","NA","NA","49434","56000","55999","0","56563","0","NA","NA","NA","0","NA","0","0","0","57393","56563","NA","55998","LexicalDecision"
"Yes","1512","1","0","Pseudo","3","1","1","m","/Users/florinecramer/Desktop/CCS 1/Methods in CCS/Methods_in_CCS","428","legacy","xpyriment","0.5","m","1512","NA","NA","partie","1","NA","0","NA","NA","NA","NA","0","NA","NA","49434","57478","57477","0","57908","0","NA","NA","NA","0","NA","0","0","0","59421","57907","NA","57477","LexicalDecision"
"No","734","1","1","Random","4","1","1","m","/Users/florinecramer/Desktop/CCS 1/Methods in CCS/Methods_in_CCS","434","legacy","xpyriment","1.0","m","734","1.0","easy","ajaelsg","1","105683","0","105741","NA","NA","NA","0","115800","105738","49434","115853","115852","0","116325","0","105738","115796","NA","0","NA","0","0","115005","117059","57907","NA","115852","LexicalDecision"
"No","623","1","1","LF","2","1","1","n","/Users/florinecramer/Desktop/CCS 1/Methods in CCS/Methods_in_CCS","587","legacy","xpyriment","1.0","n","623","1.0","hard","hekjes","1","105683","0","105741","NA","NA","NA","0","115800","105738","49434","117144","117143","0","117764","0","105738","115796","NA","0","NA","0","0","115005","118388","57907","NA","117143","LexicalDecision"
"No","823","1","1","LF","2","1","1","n","/Users/florinecramer/Desktop/CCS 1/Methods in CCS/Methods_in_CCS","467","legacy","xpyriment","1.0","n","823","1.0","hard","soja","1","105683","0","105741","NA","NA","NA","0","115800","105738","49434","118473","118472","0","118973","0","105738","115796","NA","0","NA","0","0","115005","119796","57907","NA","118472","LexicalDecision"
"No","656","1","1","HF","1","1","1","n","/Users/florinecramer/Desktop/CCS 1/Methods in CCS/Methods_in_CCS","480","legacy","xpyriment","1.0","n","656","1.0","easy","aanval","1","105683","0","105741","NA","NA","NA","0","115800","105738","49434","119881","119880","0","120400","0","105738","115796","NA","0","NA","0","0","115005","121056","57907","NA","119880","LexicalDecision"
"No","1209","1","1","Pseudo","3","1","1","m","/Users/florinecramer/Desktop/CCS 1/Methods in CCS/Methods_in_CCS","576","legacy","xpyriment","1.0","m","1209","1.0","hard","brap","1","105683","0","105741","NA","NA","NA","0","115800","105738","49434","121141","121140","0","121763","0","105738","115796","NA","0","NA","0","0","115005","122972","57907","NA","121140","LexicalDecision"
"No","605","1","1","Pseudo","3","1","1","m","/Users/florinecramer/Desktop/CCS 1/Methods in CCS/Methods_in_CCS","562","legacy","xpyriment","1.0","m","605","1.0","hard","mucht","1","105683","0","105741","NA","NA","NA","0","115800","105738","49434","123057","123056","0","123651","0","105738","115796","NA","0","NA","0","0","115005","124257","57907","NA","123056","LexicalDecision"
"No","1219","1","1","LF","2","1","1","n","/Users/florinecramer/Desktop/CCS 1/Methods in CCS/Methods_in_CCS","473","legacy","xpyriment","1.0","n","1219","1.0","hard","sponsen","1","105683","0","105741","NA","NA","NA","0","115800","105738","49434","124341","124340","0","124850","0","105738","115796","NA","0","NA","0","0","115005","126070","57907","NA","124340","LexicalDecision"
"No","1988","1","1","LF","2","1","1","n","/Users/florinecramer/Desktop/CCS 1/Methods in CCS/Methods_in_CCS","545","legacy","xpyriment","1.0","n","1988","1.0","hard","westerns","1","105683","0","105741","NA","NA","NA","0","115800","105738","49434","126156","126155","0","126735","0","105738","115796","NA","0","NA","0","0","115005","128723","57907","NA","126155","LexicalDecision"
"No","721","1","1","Random","4","1","1","m","/Users/florinecramer/Desktop/CCS 1/Methods in CCS/Methods_in_CCS","535","legacy","xpyriment","1.0","m","721","1.0","easy","seenstj","1","105683","0","105741","NA","NA","NA","0","115800","105738","49434","128810","128809","0","129377","0","105738","115796","NA","0","NA","0","0","115005","130099","57907","NA","128809","LexicalDecision"
"No","682","1","1","LF","2","1","1","n","/Users/florinecramer/Desktop/CCS 1/Methods in CCS/Methods_in_CCS","489","legacy","xpyriment","1.0","n","682","1.0","hard","koopjes","1","105683","0","105741","NA","NA","NA","0","115800","105738","49434","130185","130184","0","130702","0","105738","115796","NA","0","NA","0","0","115005","131385","57907","NA","130184","LexicalDecision"
"No","640","1","1","LF","2","1","1","n","/Users/florinecramer/Desktop/CCS 1/Methods in CCS/Methods_in_CCS","447","legacy","xpyriment","1.0","n","640","1.0","hard","lolly","1","105683","0","105741","NA","NA","NA","0","115800","105738","49434","131471","131470","0","131959","0","105738","115796","NA","0","NA","0","0","115005","132600","57907","NA","131470","LexicalDecision"
"No","729","1","1","LF","2","1","1","n","/Users/florinecramer/Desktop/CCS 1/Methods in CCS/Methods_in_CCS","465","legacy","xpyriment","1.0","n","729","1.0","hard","stekkers","1","105683","0","105741","NA","NA","NA","0","115800","105738","49434","132687","132686","0","133186","0","105738","115796","NA","0","NA","0","0","115005","133916","57907","NA","132686","LexicalDecision"
"No","654","1","1","Pseudo","3","1","1","m","/Users/florinecramer/Desktop/CCS 1/Methods in CCS/Methods_in_CCS","543","legacy","xpyriment","1.0","m","654","1.0","hard","dize","1","105683","0","105741","NA","NA","NA","0","115800","105738","49434","134001","134000","0","134578","0","105738","115796","NA","0","NA","0","0","115005","135233","57907","NA","134000","LexicalDecision"
"No","735","1","1","Pseudo","3","1","1","m","/Users/florinecramer/Desktop/CCS 1/Methods in CCS/Methods_in_CCS","476","legacy","xpyriment","1.0","m","735","1.0","hard","opnocht","1","105683","0","105741","NA","NA","NA","0","115800","105738","49434","135317","135316","0","135826","0","105738","115796","NA","0","NA","0","0","115005","136562","57907","NA","135316","LexicalDecision"
"No","837","1","1","Pseudo","3","1","1","m","/Users/florinecramer/Desktop/CCS 1/Methods in CCS/Methods_in_CCS","472","legacy","xpyriment","1.0","m","837","1.0","hard","foten","1","105683","0","105741","NA","NA","NA","0","115800","105738","49434","136646","136645","0","137156","0","105738","115796","NA","0","NA","0","0","115005","137994","57907","NA","136645","LexicalDecision"
"No","617","1","1","Pseudo","3","1","1","m","/Users/florinecramer/Desktop/CCS 1/Methods in CCS/Methods_in_CCS","522","legacy","xpyriment","1.0","m","617","1.0","hard","eloe","1","105683","0","105741","NA","NA","NA","0","115800","105738","49434","138079","138078","0","138636","0","105738","115796","NA","0","NA","0","0","115005","139254","57907","NA","138078","LexicalDecision"
"No","930","1","1","LF","2","1","1","n","/Users/florinecramer/Desktop/CCS 1/Methods in CCS/Methods_in_CCS","575","legacy","xpyriment","1.0","n","930","1.0","hard","roggen","1","105683","0","105741","NA","NA","NA","0","115800","105738","49434","139339","139338","0","139950","0","105738","115796","NA","0","NA","0","0","115005","140881","57907","NA","139338","LexicalDecision"
"No","819","1","1","Pseudo","3","1","1","m","/Users/florinecramer/Desktop/CCS 1/Methods in CCS/Methods_in_CCS","395","legacy","xpyriment","1.0","m","819","1.0","hard","boepje","1","105683","0","105741","NA","NA","NA","0","115800","105738","49434","140965","140964","0","141393","0","105738","115796","NA","0","NA","0","0","115005","142213","57907","NA","140964","LexicalDecision"
"No","661","1","1","LF","2","1","1","n","/Users/florinecramer/Desktop/CCS 1/Methods in CCS/Methods_in_CCS","426","legacy","xpyriment","1.0","n","661","1.0","hard","vleesmes","1","105683","0","105741","NA","NA","NA","0","115800","105738","49434","142298","142297","0","142761","0","105738","115796","NA","0","NA","0","0","115005","143423","57907","NA","142297","LexicalDecision"
"No","711","1","1","LF","2","1","1","n","/Users/florinecramer/Desktop/CCS 1/Methods in CCS/Methods_in_CCS","405","legacy","xpyriment","1.0","n","711","1.0","hard","poema's","1","105683","0","105741","NA","NA","NA","0","115800","105738","49434","143507","143506","0","143949","0","105738","115796","NA","0","NA","0","0","115005","144661","57907","NA","143506","LexicalDecision"
"No","653","1","1","Pseudo","3","1","1","m","/Users/florinecramer/Desktop/CCS 1/Methods in CCS/Methods_in_CCS","447","legacy","xpyriment","1.0","m","653","1.0","hard","kijn","1","105683","0","105741","NA","NA","NA","0","115800","105738","49434","144745","144744","0","145229","0","105738","115796","NA","0","NA","0","0","115005","145883","57907","NA","144744","LexicalDecision"
"No","700","1","1","Pseudo","3","1","1","m","/Users/florinecramer/Desktop/CCS 1/Methods in CCS/Methods_in_CCS","410","legacy","xpyriment","1.0","m","700","1.0","hard","begen","1","105683","0","105741","NA","NA","NA","0","115800","105738","49434","145968","145967","0","146415","0","105738","115796","NA","0","NA","0","0","115005","147116","57907","NA","145967","LexicalDecision"
"No","1043","1","1","LF","2","1","1","n","/Users/florinecramer/Desktop/CCS 1/Methods in CCS/Methods_in_CCS","520","legacy","xpyriment","1.0","n","1043","1.0","hard","rukwind","1","105683","0","105741","NA","NA","NA","0","115800","105738","49434","147201","147200","0","147759","0","105738","115796","NA","0","NA","0","0","115005","148803","57907","NA","147200","LexicalDecision"
"No","648","1","1","Pseudo","3","1","1","m","/Users/florinecramer/Desktop/CCS 1/Methods in CCS/Methods_in_CCS","594","legacy","xpyriment","1.0","m","648","1.0","hard","jalf","1","105683","0","105741","NA","NA","NA","0","115800","105738","49434","148888","148887","0","149516","0","105738","115796","NA","0","NA","0","0","115005","150165","57907","NA","148887","LexicalDecision"
"No","1180","1","1","LF","2","1","1","n","/Users/florinecramer/Desktop/CCS 1/Methods in CCS/Methods_in_CCS","514","legacy","xpyriment","1.0","n","1180","1.0","hard","vijltje","1","105683","0","105741","NA","NA","NA","0","115800","105738","49434","150250","150249","0","150796","0","105738","115796","NA","0","NA","0","0","115005","151977","57907","NA","150249","LexicalDecision"
"No","1048","1","1","Pseudo","3","1","1","m","/Users/florinecramer/Desktop/CCS 1/Methods in CCS/Methods_in_CCS","432","legacy","xpyriment","1.0","m","1048","1.0","hard","hoogd","1","105683","0","105741","NA","NA","NA","0","115800","105738","49434","152063","152062","0","152534","0","105738","115796","NA","0","NA","0","0","115005","153583","57907","NA","152062","LexicalDecision"
"No","667","1","1","LF","2","1","1","n","/Users/florinecramer/Desktop/CCS 1/Methods in CCS/Methods_in_CCS","469","legacy","xpyriment","1.0","n","667","1.0","hard","popjes","1","105683","0","105741","NA","NA","NA","0","115800","105738","49434","153670","153669","0","154177","0","105738","115796","NA","0","NA","0","0","115005","154845","57907","NA","153668","LexicalDecision"
"No","993","1","1","Pseudo","3","1","1","m","/Users/florinecramer/Desktop/CCS 1/Methods in CCS/Methods_in_CCS","567","legacy","xpyriment","1.0","m","993","1.0","hard","kenst","1","105683","0","105741","NA","NA","NA","0","115800","105738","49434","154930","154929","0","155535","0","105738","115796","NA","0","NA","0","0","115005","156529","57907","NA","154929","LexicalDecision"
"No","884","1","1","Pseudo","3","1","1","m","/Users/florinecramer/Desktop/CCS 1/Methods in CCS/Methods_in_CCS","520","legacy","xpyriment","1.0","m","884","1.0","hard","iceet","1","105683","0","105741","NA","NA","NA","0","115800","105738","49434","156613","156612","0","157162","0","105738","115796","NA","0","NA","0","0","115005","158047","57907","NA","156612","LexicalDecision"
"No","602","1","1","Random","4","1","1","m","/Users/florinecramer/Desktop/CCS 1/Methods in CCS/Methods_in_CCS","518","legacy","xpyriment","1.0","m","602","1.0","easy","vkeojns","1","105683","0","105741","NA","NA","NA","0","115800","105738","49434","158133","158132","0","158678","0","105738","115796","NA","0","NA","0","0","115005","159281","57907","NA","158132","LexicalDecision"
"No","637","1","1","Random","4","1","1","m","/Users/florinecramer/Desktop/CCS 1/Methods in CCS/Methods_in_CCS","439","legacy","xpyriment","1.0","m","637","1.0","easy","uijfeds","1","105683","0","105741","NA","NA","NA","0","115800","105738","49434","159366","159365","0","159840","0","105738","115796","NA","0","NA","0","0","115005","160478","57907","NA","159365","LexicalDecision"
"No","497","1","1","Pseudo","3","1","1","m","/Users/florinecramer/Desktop/CCS 1/Methods in CCS/Methods_in_CCS","519","legacy","xpyriment","1.0","m","497","1.0","hard","adzie","1","105683","0","105741","NA","NA","NA","0","115800","105738","49434","160564","160563","0","161118","0","105738","115796","NA","0","NA","0","0","115005","161616","57907","NA","160563","LexicalDecision"
"No","801","1","1","LF","2","1","1","n","/Users/florinecramer/Desktop/CCS 1/Methods in CCS/Methods_in_CCS","502","legacy","xpyriment","1.0","n","801","1.0","hard","slijper","1","105683","0","105741","NA","NA","NA","0","115800","105738","49434","161700","161699","0","162231","0","105738","115796","NA","0","NA","0","0","115005","163033","57907","NA","161699","LexicalDecision"
"No","618","1","1","HF","1","1","1","n","/Users/florinecramer/Desktop/CCS 1/Methods in CCS/Methods_in_CCS","534","legacy","xpyriment","1.0","n","618","1.0","easy","noorden","1","105683","0","105741","NA","NA","NA","0","115800","105738","49434","163118","163117","0","163681","0","105738","115796","NA","0","NA","0","0","115005","164300","57907","NA","163117","LexicalDecision"
"No","577","1","1","LF","2","1","1","n","/Users/florinecramer/Desktop/CCS 1/Methods in CCS/Methods_in_CCS","453","legacy","xpyriment","1.0","n","577","1.0","hard","zuchtjes","1","105683","0","105741","NA","NA","NA","0","115800","105738","49434","164385","164384","0","164865","0","105738","115796","NA","0","NA","0","0","115005","165442","57907","NA","164384","LexicalDecision"
"No","536","1","1","Pseudo","3","1","1","m","/Users/florinecramer/Desktop/CCS 1/Methods in CCS/Methods_in_CCS","487","legacy","xpyriment","1.0","m","536","1.0","hard","fronke","1","105683","0","105741","NA","NA","NA","0","115800","105738","49434","165527","165526","0","166048","0","105738","115796","NA","0","NA","0","0","115005","166584","57907","NA","165526","LexicalDecision"
"No","710","0","1","Pseudo","3","0","0","m","/Users/florinecramer/Desktop/CCS 1/Methods in CCS/Methods_in_CCS","427","legacy","xpyriment","0.972972972972973","n","710","0.96","hard","boest","1","105683","0","105741","NA","NA","NA","0","115800","105738","167861","166669","166668","0","167129","0","105738","115796","NA","0","NA","0","0","115005","167839","57907","NA","166668","LexicalDecision"
"No","655","1","1","LF","2","1","1","n","/Users/florinecramer/Desktop/CCS 1/Methods in CCS/Methods_in_CCS","563","legacy","xpyriment","0.9736842105263158","n","655","0.96","hard","hoogtes","1","105683","0","105741","NA","NA","NA","0","115800","105738","167861","169979","169978","0","170576","0","105738","115796","NA","0","NA","0","0","115005","171232","57907","NA","169978","LexicalDecision"
"No","643","1","1","LF","2","1","1","n","/Users/florinecramer/Desktop/CCS 1/Methods in CCS/Methods_in_CCS","475","legacy","xpyriment","0.9743589743589743","n","643","0.96","hard","buurtjes","1","105683","0","105741","NA","NA","NA","0","115800","105738","167861","171318","171317","0","171829","0","105738","115796","NA","0","NA","0","0","115005","172472","57907","NA","171317","LexicalDecision"
"No","645","1","1","Pseudo","3","1","1","m","/Users/florinecramer/Desktop/CCS 1/Methods in CCS/Methods_in_CCS","403","legacy","xpyriment","0.975","m","645","0.96","hard","ceptuur","1","105683","0","105741","NA","NA","NA","0","115800","105738","167861","172558","172557","0","172995","0","105738","115796","NA","0","NA","0","0","115005","173641","57907","NA","172557","LexicalDecision"
"No","604","1","1","LF","2","1","1","n","/Users/florinecramer/Desktop/CCS 1/Methods in CCS/Methods_in_CCS","510","legacy","xpyriment","0.975609756097561","n","604","0.96","hard","snuitje","1","105683","0","105741","NA","NA","NA","0","115800","105738","167861","173726","173725","0","174271","0","105738","115796","NA","0","NA","0","0","115005","174875","57907","NA","173725","LexicalDecision"
"No","725","1","1","Pseudo","3","1","1","m","/Users/florinecramer/Desktop/CCS 1/Methods in CCS/Methods_in_CCS","475","legacy","xpyriment","0.9761904761904762","m","725","0.96","hard","amme","1","105683","0","105741","NA","NA","NA","0","115800","105738","167861","174960","174959","0","175472","0","105738","115796","NA","0","NA","0","0","115005","176197","57907","NA","174959","LexicalDecision"
"No","512","1","1","Pseudo","3","1","1","m","/Users/florinecramer/Desktop/CCS 1/Methods in CCS/Methods_in_CCS","523","legacy","xpyriment","0.9767441860465116","m","512","0.96","hard","sammer","1","105683","0","105741","NA","NA","NA","0","115800","105738","167861","176284","176283","0","176841","0","105738","115796","NA","0","NA","0","0","115005","177354","57907","NA","176283","LexicalDecision"
"No","592","1","1","LF","2","1","1","n","/Users/florinecramer/Desktop/CCS 1/Methods in CCS/Methods_in_CCS","486","legacy","xpyriment","0.9772727272727273","n","592","0.96","hard","trol","1","105683","0","105741","NA","NA","NA","0","115800","105738","167861","177442","177441","0","177963","0","105738","115796","NA","0","NA","0","0","115005","178556","57907","NA","177441","LexicalDecision"
"No","721","1","1","Pseudo","3","1","1","m","/Users/florinecramer/Desktop/CCS 1/Methods in CCS/Methods_in_CCS","535","legacy","xpyriment","0.9777777777777777","m","721","0.96","hard","hierkij","1","105683","0","105741","NA","NA","NA","0","115800","105738","167861","178641","178640","0","179206","0","105738","115796","NA","0","NA","0","0","115005","179928","57907","NA","178640","LexicalDecision"
"No","794","1","1","LF","2","1","1","n","/Users/florinecramer/Desktop/CCS 1/Methods in CCS/Methods_in_CCS","471","legacy","xpyriment","0.9782608695652174","n","794","0.96","hard","kliekjes","1","105683","0","105741","NA","NA","NA","0","115800","105738","167861","180013","180012","0","180520","0","105738","115796","NA","0","NA","0","0","115005","181315","57907","NA","180012","LexicalDecision"
"No","535","1","1","Pseudo","3","1","1","m","/Users/florinecramer/Desktop/CCS 1/Methods in CCS/Methods_in_CCS","504","legacy","xpyriment","0.9787234042553191","m","535","0.96","hard","beus","1","105683","0","105741","NA","NA","NA","0","115800","105738","167861","181401","181400","0","181944","0","105738","115796","NA","0","NA","0","0","115005","182480","57907","NA","181400","LexicalDecision"
"No","646","1","1","LF","2","1","1","n","/Users/florinecramer/Desktop/CCS 1/Methods in CCS/Methods_in_CCS","420","legacy","xpyriment","0.9791666666666666","n","646","0.96","hard","musje","1","105683","0","105741","NA","NA","NA","0","115800","105738","167861","182565","182564","0","183028","0","105738","115796","NA","0","NA","0","0","115005","183675","57907","NA","182564","LexicalDecision"
"No","511","1","1","LF","2","1","1","n","/Users/florinecramer/Desktop/CCS 1/Methods in CCS/Methods_in_CCS","504","legacy","xpyriment","0.9795918367346939","n","511","0.96","hard","snack","1","105683","0","105741","NA","NA","NA","0","115800","105738","167861","183760","183759","0","184305","0","105738","115796","NA","0","NA","0","0","115005","184817","57907","NA","183759","LexicalDecision"
"No","601","1","1","Pseudo","3","1","1","m","/Users/florinecramer/Desktop/CCS 1/Methods in CCS/Methods_in_CCS","490","legacy","xpyriment","0.98","m","601","0.96","hard","delde","1","105683","0","105741","NA","NA","NA","0","115800","105738","167861","184903","184902","0","185426","0","105738","115796","NA","0","NA","0","0","115005","186028","57907","NA","184902","LexicalDecision"
"No","520","0","1","LF","2","0","0","n","/Users/florinecramer/Desktop/CCS 1/Methods in CCS/Methods_in_CCS","445","legacy","xpyriment","0.9607843137254902","m","520","0.92","hard","neusjes","1","105683","0","105741","NA","NA","NA","0","115800","105738","187135","186112","186111","0","186593","0","105738","115796","NA","0","NA","0","0","115005","187114","57907","NA","186111","LexicalDecision"
"No","858","1","1","LF","2","1","1","n","/Users/florinecramer/Desktop/CCS 1/Methods in CCS/Methods_in_CCS","470","legacy","xpyriment","0.9615384615384616","n","858","0.92","hard","item","1","105683","0","105741","NA","NA","NA","0","115800","105738","187135","189252","189251","0","189758","0","105738","115796","NA","0","NA","0","0","115005","190617","57907","NA","189251","LexicalDecision"
"No","1008","1","1","Pseudo","3","1","1","m","/Users/florinecramer/Desktop/CCS 1/Methods in CCS/Methods_in_CCS","550","legacy","xpyriment","0.9622641509433962","m","1008","0.92","hard","klotte","1","105683","0","105741","NA","NA","NA","0","115800","105738","187135","190702","190701","0","191287","0","105738","115796","NA","0","NA","0","0","115005","192296","57907","NA","190701","LexicalDecision"
"No","1532","1","1","LF","2","1","1","n","/Users/florinecramer/Desktop/CCS 1/Methods in CCS/Methods_in_CCS","546","legacy","xpyriment","0.9629629629629629","n","1532","0.92","hard","kassiers","1","105683","0","105741","NA","NA","NA","0","115800","105738","187135","192383","192382","0","192962","0","105738","115796","NA","0","NA","0","0","115005","194495","57907","NA","192382","LexicalDecision"
"No","623","1","1","LF","2","1","1","n","/Users/florinecramer/Desktop/CCS 1/Methods in CCS/Methods_in_CCS","404","legacy","xpyriment","0.9636363636363636","n","623","0.92","hard","gympjes","1","105683","0","105741","NA","NA","NA","0","115800","105738","187135","194584","194583","0","195021","0","105738","115796","NA","0","NA","0","0","115005","195645","57907","NA","194582","LexicalDecision"
"No","800","1","1","Pseudo","3","1","1","m","/Users/florinecramer/Desktop/CCS 1/Methods in CCS/Methods_in_CCS","542","legacy","xpyriment","0.9642857142857143","m","800","0.92","hard","hoten","1","105683","0","105741","NA","NA","NA","0","115800","105738","187135","195730","195729","0","196310","0","105738","115796","NA","0","NA","0","0","115005","197111","57907","NA","195729","LexicalDecision"
"No","570","1","1","LF","2","1","1","n","/Users/florinecramer/Desktop/CCS 1/Methods in CCS/Methods_in_CCS","562","legacy","xpyriment","0.9649122807017544","n","570","0.92","hard","lengtes","1","105683","0","105741","NA","NA","NA","0","115800","105738","187135","197199","197198","0","197795","0","105738","115796","NA","0","NA","0","0","115005","198366","57907","NA","197197","LexicalDecision"
"No","872","0","1","LF","2","0","0","n","/Users/florinecramer/Desktop/CCS 1/Methods in CCS/Methods_in_CCS","583","legacy","xpyriment","0.9482758620689655","m","872","0.88","hard","sleetje","1","105683","0","105741","NA","NA","NA","0","115800","105738","199964","198451","198450","0","199070","0","105738","115796","NA","0","NA","0","0","115005","199943","57907","NA","198450","LexicalDecision"
"No","836","1","1","Pseudo","3","1","1","m","/Users/florinecramer/Desktop/CCS 1/Methods in CCS/Methods_in_CCS","484","legacy","xpyriment","0.9491525423728814","m","836","0.88","hard","glaarde","1","105683","0","105741","NA","NA","NA","0","115800","105738","199964","202080","202079","0","202602","0","105738","115796","NA","0","NA","0","0","115005","203439","57907","NA","202079","LexicalDecision"
"No","1872","1","1","Pseudo","3","1","1","m","/Users/florinecramer/Desktop/CCS 1/Methods in CCS/Methods_in_CCS","488","legacy","xpyriment","0.95","m","1872","0.88","hard","kroeker","1","105683","0","105741","NA","NA","NA","0","115800","105738","199964","203525","203524","0","204048","0","105738","115796","NA","0","NA","0","0","115005","205921","57907","NA","203524","LexicalDecision"
"No","599","1","1","HF","1","1","1","n","/Users/florinecramer/Desktop/CCS 1/Methods in CCS/Methods_in_CCS","541","legacy","xpyriment","0.9508196721311475","n","599","0.88","easy","goede","1","105683","0","105741","NA","NA","NA","0","115800","105738","199964","206008","206007","0","206580","0","105738","115796","NA","0","NA","0","0","115005","207180","57907","NA","206006","LexicalDecision"
"No","684","1","1","Pseudo","3","1","1","m","/Users/florinecramer/Desktop/CCS 1/Methods in CCS/Methods_in_CCS","546","legacy","xpyriment","0.9516129032258065","m","684","0.92","hard","deurde","1","105683","0","105741","NA","NA","NA","0","115800","105738","199964","207264","207263","0","207847","0","105738","115796","NA","0","NA","0","0","115005","208532","57907","NA","207263","LexicalDecision"
"No","868","1","1","LF","2","1","1","n","/Users/florinecramer/Desktop/CCS 1/Methods in CCS/Methods_in_CCS","446","legacy","xpyriment","0.9523809523809523","n","868","0.92","hard","vijg","1","105683","0","105741","NA","NA","NA","0","115800","105738","199964","208619","208618","0","209100","0","105738","115796","NA","0","NA","0","0","115005","209969","57907","NA","208618","LexicalDecision"
"No","644","1","1","LF","2","1","1","n","/Users/florinecramer/Desktop/CCS 1/Methods in CCS/Methods_in_CCS","535","legacy","xpyriment","0.953125","n","644","0.92","hard","klagers","1","105683","0","105741","NA","NA","NA","0","115800","105738","199964","210054","210053","0","210624","0","105738","115796","NA","0","NA","0","0","115005","211269","57907","NA","210053","LexicalDecision"
"No","745","1","1","Pseudo","3","1","1","m","/Users/florinecramer/Desktop/CCS 1/Methods in CCS/Methods_in_CCS","434","legacy","xpyriment","0.9538461538461539","m","745","0.92","hard","ontreit","1","105683","0","105741","NA","NA","NA","0","115800","105738","199964","211355","211354","0","211826","0","105738","115796","NA","0","NA","0","0","115005","212571","57907","NA","211354","LexicalDecision"
"No","608","1","1","Pseudo","3","1","1","m","/Users/florinecramer/Desktop/CCS 1/Methods in CCS/Methods_in_CCS","430","legacy","xpyriment","0.9545454545454546","m","608","0.92","hard","ierand","1","105683","0","105741","NA","NA","NA","0","115800","105738","199964","212657","212656","0","213120","0","105738","115796","NA","0","NA","0","0","115005","213728","57907","NA","212656","LexicalDecision"
"No","603","1","1","Pseudo","3","1","1","m","/Users/florinecramer/Desktop/CCS 1/Methods in CCS/Methods_in_CCS","463","legacy","xpyriment","0.9552238805970149","m","603","0.92","hard","schien","1","105683","0","105741","NA","NA","NA","0","115800","105738","199964","213814","213813","0","214311","0","105738","115796","NA","0","NA","0","0","115005","214915","57907","NA","213813","LexicalDecision"
"No","525","1","1","Pseudo","3","1","1","m","/Users/florinecramer/Desktop/CCS 1/Methods in CCS/Methods_in_CCS","489","legacy","xpyriment","0.9558823529411765","m","525","0.92","hard","bijk","1","105683","0","105741","NA","NA","NA","0","115800","105738","199964","215000","214999","0","215523","0","105738","115796","NA","0","NA","0","0","115005","216048","57907","NA","214999","LexicalDecision"
"No","575","1","1","LF","2","1","1","n","/Users/florinecramer/Desktop/CCS 1/Methods in CCS/Methods_in_CCS","408","legacy","xpyriment","0.9565217391304348","n","575","0.92","hard","haarband","1","105683","0","105741","NA","NA","NA","0","115800","105738","199964","216135","216134","0","216584","0","105738","115796","NA","0","NA","0","0","115005","217160","57907","NA","216134","LexicalDecision"
"No","751","1","1","LF","2","1","1","n","/Users/florinecramer/Desktop/CCS 1/Methods in CCS/Methods_in_CCS","566","legacy","xpyriment","0.9571428571428572","n","751","0.92","hard","toontjes","1","105683","0","105741","NA","NA","NA","0","115800","105738","199964","217245","217244","0","217850","0","105738","115796","NA","0","NA","0","0","115005","218601","57907","NA","217244","LexicalDecision"
"No","614","1","1","LF","2","1","1","n","/Users/florinecramer/Desktop/CCS 1/Methods in CCS/Methods_in_CCS","517","legacy","xpyriment","0.9577464788732394","n","614","0.92","hard","knuffel","1","105683","0","105741","NA","NA","NA","0","115800","105738","199964","218687","218686","0","219244","0","105738","115796","NA","0","NA","0","0","115005","219859","57907","NA","218686","LexicalDecision"
"No","570","1","1","LF","2","1","1","n","/Users/florinecramer/Desktop/CCS 1/Methods in CCS/Methods_in_CCS","395","legacy","xpyriment","0.9583333333333334","n","570","0.92","hard","cola's","1","105683","0","105741","NA","NA","NA","0","115800","105738","199964","219943","219942","0","220371","0","105738","115796","NA","0","NA","0","0","115005","220942","57907","NA","219942","LexicalDecision"
"No","573","1","1","LF","2","1","1","n","/Users/florinecramer/Desktop/CCS 1/Methods in CCS/Methods_in_CCS","583","legacy","xpyriment","0.958904109589041","n","573","0.92","hard","kaasjes","1","105683","0","105741","NA","NA","NA","0","115800","105738","199964","221027","221026","0","221643","0","105738","115796","NA","0","NA","0","0","115005","222216","57907","NA","221026","LexicalDecision"
"No","609","1","1","Pseudo","3","1","1","m","/Users/florinecramer/Desktop/CCS 1/Methods in CCS/Methods_in_CCS","401","legacy","xpyriment","0.9594594594594594","m","609","0.92","hard","verwucht","1","105683","0","105741","NA","NA","NA","0","115800","105738","199964","222300","222299","0","222738","0","105738","115796","NA","0","NA","0","0","115005","223348","57907","NA","222299","LexicalDecision"
"No","693","1","1","Pseudo","3","1","1","m","/Users/florinecramer/Desktop/CCS 1/Methods in CCS/Methods_in_CCS","431","legacy","xpyriment","0.96","m","693","0.92","hard","erters","1","105683","0","105741","NA","NA","NA","0","115800","105738","199964","223433","223432","0","223894","0","105738","115796","NA","0","NA","0","0","115005","224588","57907","NA","223432","LexicalDecision"
"No","833","0","1","LF","2","0","0","n","/Users/florinecramer/Desktop/CCS 1/Methods in CCS/Methods_in_CCS","539","legacy","xpyriment","0.9473684210526315","m","833","0.92","hard","kartons","1","105683","0","105741","NA","NA","NA","0","115800","105738","226101","224675","224674","0","225246","0","105738","115796","NA","0","NA","0","0","115005","226080","57907","NA","224674","LexicalDecision"
"No","918","1","1","LF","2","1","1","n","/Users/florinecramer/Desktop/CCS 1/Methods in CCS/Methods_in_CCS","408","legacy","xpyriment","0.948051948051948","n","918","0.92","hard","printers","1","105683","0","105741","NA","NA","NA","0","115800","105738","226101","228220","228219","0","228666","0","105738","115796","NA","0","NA","0","0","115005","229585","57907","NA","228219","LexicalDecision"
"No","936","1","1","LF","2","1","1","n","/Users/florinecramer/Desktop/CCS 1/Methods in CCS/Methods_in_CCS","586","legacy","xpyriment","0.9487179487179487","n","936","0.92","hard","muilen","1","105683","0","105741","NA","NA","NA","0","115800","105738","226101","229670","229669","0","230289","0","105738","115796","NA","0","NA","0","0","115005","231226","57907","NA","229669","LexicalDecision"
"No","551","1","1","HF","1","1","1","n","/Users/florinecramer/Desktop/CCS 1/Methods in CCS/Methods_in_CCS","478","legacy","xpyriment","0.9493670886075949","n","551","0.92","easy","afscheid","1","105683","0","105741","NA","NA","NA","0","115800","105738","226101","231311","231310","0","231823","0","105738","115796","NA","0","NA","0","0","115005","232375","57907","NA","231310","LexicalDecision"
"No","655","1","1","Pseudo","3","1","1","m","/Users/florinecramer/Desktop/CCS 1/Methods in CCS/Methods_in_CCS","437","legacy","xpyriment","0.95","m","655","0.92","hard","brukken","1","105683","0","105741","NA","NA","NA","0","115800","105738","226101","232461","232460","0","232937","0","105738","115796","NA","0","NA","0","0","115005","233593","57907","NA","232460","LexicalDecision"
"No","783","1","1","LF","2","1","1","n","/Users/florinecramer/Desktop/CCS 1/Methods in CCS/Methods_in_CCS","574","legacy","xpyriment","0.9506172839506173","n","783","0.92","hard","hoepels","1","105683","0","105741","NA","NA","NA","0","115800","105738","226101","233679","233678","0","234283","0","105738","115796","NA","0","NA","0","0","115005","235067","57907","NA","233678","LexicalDecision"
"No","642","1","1","Pseudo","3","1","1","m","/Users/florinecramer/Desktop/CCS 1/Methods in CCS/Methods_in_CCS","412","legacy","xpyriment","0.9512195121951219","m","642","0.92","hard","draten","1","105683","0","105741","NA","NA","NA","0","115800","105738","226101","235152","235151","0","235601","0","105738","115796","NA","0","NA","0","0","115005","236244","57907","NA","235151","LexicalDecision"
"No","788","1","1","Pseudo","3","1","1","m","/Users/florinecramer/Desktop/CCS 1/Methods in CCS/Methods_in_CCS","565","legacy","xpyriment","0.9518072289156626","m","788","0.96","hard","sproekt","1","105683","0","105741","NA","NA","NA","0","115800","105738","226101","236329","236328","0","236931","0","105738","115796","NA","0","NA","0","0","115005","237720","57907","NA","236328","LexicalDecision"
"No","638","1","1","Pseudo","3","1","1","m","/Users/florinecramer/Desktop/CCS 1/Methods in CCS/Methods_in_CCS","546","legacy","xpyriment","0.9523809523809523","m","638","0.96","hard","beus","1","105683","0","105741","NA","NA","NA","0","115800","105738","226101","237806","237805","0","238385","0","105738","115796","NA","0","NA","0","0","115005","239024","57907","NA","237805","LexicalDecision"
"No","652","1","1","Pseudo","3","1","1","m","/Users/florinecramer/Desktop/CCS 1/Methods in CCS/Methods_in_CCS","517","legacy","xpyriment","0.9529411764705882","m","652","0.96","hard","kicht","1","105683","0","105741","NA","NA","NA","0","115800","105738","226101","239108","239107","0","239662","0","105738","115796","NA","0","NA","0","0","115005","240315","57907","NA","239107","LexicalDecision"
"No","758","1","1","LF","2","1","1","n","/Users/florinecramer/Desktop/CCS 1/Methods in CCS/Methods_in_CCS","496","legacy","xpyriment","0.9534883720930233","n","758","0.96","hard","mango's","1","105683","0","105741","NA","NA","NA","0","115800","105738","226101","240400","240399","0","240931","0","105738","115796","NA","0","NA","0","0","115005","241690","57907","NA","240399","LexicalDecision"
"No","667","1","1","Pseudo","3","1","1","m","/Users/florinecramer/Desktop/CCS 1/Methods in CCS/Methods_in_CCS","482","legacy","xpyriment","0.9540229885057471","m","667","0.96","hard","biren","1","105683","0","105741","NA","NA","NA","0","115800","105738","226101","241777","241776","0","242298","0","105738","115796","NA","0","NA","0","0","115005","242966","57907","NA","241776","LexicalDecision"
"No","810","1","1","LF","2","1","1","n","/Users/florinecramer/Desktop/CCS 1/Methods in CCS/Methods_in_CCS","588","legacy","xpyriment","0.9545454545454546","n","810","0.96","hard","panters","1","105683","0","105741","NA","NA","NA","0","115800","105738","226101","243051","243050","0","243681","0","105738","115796","NA","0","NA","0","0","115005","244491","57907","NA","243050","LexicalDecision"
"No","643","1","1","Pseudo","3","1","1","m","/Users/florinecramer/Desktop/CCS 1/Methods in CCS/Methods_in_CCS","524","legacy","xpyriment","0.9550561797752809","m","643","0.96","hard","helaar","1","105683","0","105741","NA","NA","NA","0","115800","105738","226101","244576","244575","0","245135","0","105738","115796","NA","0","NA","0","0","115005","245779","57907","NA","244575","LexicalDecision"
"No","585","1","1","Pseudo","3","1","1","m","/Users/florinecramer/Desktop/CCS 1/Methods in CCS/Methods_in_CCS","403","legacy","xpyriment","0.9555555555555556","m","585","0.96","hard","plort","1","105683","0","105741","NA","NA","NA","0","115800","105738","226101","245864","245863","0","246305","0","105738","115796","NA","0","NA","0","0","115005","246891","57907","NA","245863","LexicalDecision"
"No","902","1","1","LF","2","1","1","n","/Users/florinecramer/Desktop/CCS 1/Methods in CCS/Methods_in_CCS","563","legacy","xpyriment","0.9560439560439561","n","902","0.96","hard","mietjes","1","105683","0","105741","NA","NA","NA","0","115800","105738","226101","246975","246974","0","247572","0","105738","115796","NA","0","NA","0","0","115005","248474","57907","NA","246974","LexicalDecision"
"No","611","1","1","Pseudo","3","1","1","m","/Users/florinecramer/Desktop/CCS 1/Methods in CCS/Methods_in_CCS","442","legacy","xpyriment","0.9565217391304348","m","611","0.96","hard","brouben","1","105683","0","105741","NA","NA","NA","0","115800","105738","226101","248559","248558","0","249034","0","105738","115796","NA","0","NA","0","0","115005","249645","57907","NA","248558","LexicalDecision"
"No","697","1","1","LF","2","1","1","n","/Users/florinecramer/Desktop/CCS 1/Methods in CCS/Methods_in_CCS","576","legacy","xpyriment","0.956989247311828","n","697","0.96","hard","vosje","1","105683","0","105741","NA","NA","NA","0","115800","105738","226101","249732","249731","0","250348","0","105738","115796","NA","0","NA","0","0","115005","251045","57907","NA","249731","LexicalDecision"
"No","676","1","1","LF","2","1","1","n","/Users/florinecramer/Desktop/CCS 1/Methods in CCS/Methods_in_CCS","464","legacy","xpyriment","0.9574468085106383","n","676","0.96","hard","drum","1","105683","0","105741","NA","NA","NA","0","115800","105738","226101","251130","251129","0","251628","0","105738","115796","NA","0","NA","0","0","115005","252304","57907","NA","251129","LexicalDecision"
"No","638","1","1","HF","1","1","1","n","/Users/florinecramer/Desktop/CCS 1/Methods in CCS/Methods_in_CCS","515","legacy","xpyriment","0.9578947368421052","n","638","0.96","easy","waarmee","1","105683","0","105741","NA","NA","NA","0","115800","105738","226101","252390","252389","0","252939","0","105738","115796","NA","0","NA","0","0","115005","253578","57907","NA","252389","LexicalDecision"
"No","847","0","1","LF","2","0","0","n","/Users/florinecramer/Desktop/CCS 1/Methods in CCS/Methods_in_CCS","591","legacy","xpyriment","0.9479166666666666","m","847","0.92","hard","leegten","1","105683","0","105741","NA","NA","NA","0","115800","105738","255151","253662","253661","0","254283","0","105738","115796","NA","0","NA","0","0","115005","255131","57907","NA","253661","LexicalDecision"
"No","663","1","1","Random","4","1","1","m","/Users/florinecramer/Desktop/CCS 1/Methods in CCS/Methods_in_CCS","552","legacy","xpyriment","0.9484536082474226","m","663","0.92","easy","pprelis","1","105683","0","105741","NA","NA","NA","0","115800","105738","255151","257267","257266","0","257857","0","105738","115796","NA","0","NA","0","0","115005","258521","57907","NA","257266","LexicalDecision"
"No","875","1","1","Pseudo","3","1","1","m","/Users/florinecramer/Desktop/CCS 1/Methods in CCS/Methods_in_CCS","549","legacy","xpyriment","0.9489795918367347","m","875","0.92","hard","vroeie","1","105683","0","105741","NA","NA","NA","0","115800","105738","255151","258607","258606","0","259185","0","105738","115796","NA","0","NA","0","0","115005","260060","57907","NA","258606","LexicalDecision"
"No","604","1","1","Pseudo","3","1","1","m","/Users/florinecramer/Desktop/CCS 1/Methods in CCS/Methods_in_CCS","408","legacy","xpyriment","0.9494949494949495","m","604","0.92","hard","durde","1","105683","0","105741","NA","NA","NA","0","115800","105738","255151","260145","260144","0","260587","0","105738","115796","NA","0","NA","0","0","115005","261191","57907","NA","260144","LexicalDecision"
"No","609","1","1","LF","2","1","1","n","/Users/florinecramer/Desktop/CCS 1/Methods in CCS/Methods_in_CCS","426","legacy","xpyriment","0.95","n","609","0.92","hard","eenhoorn","1","105683","0","105741","NA","NA","NA","0","115800","105738","255151","261278","261277","0","261739","0","105738","115796","NA","0","NA","0","0","115005","262349","57907","NA","261277","LexicalDecision"
"No","573","1","1","LF","2","1","1","n","/Users/florinecramer/Desktop/CCS 1/Methods in CCS/Methods_in_CCS","498","legacy","xpyriment","0.9504950495049505","n","573","0.96","hard","zeiltje","1","105683","0","105741","NA","NA","NA","0","115800","105738","255151","262436","262435","0","262969","0","105738","115796","NA","0","NA","0","0","115005","263543","57907","NA","262435","LexicalDecision"
"No","558","1","1","LF","2","1","1","n","/Users/florinecramer/Desktop/CCS 1/Methods in CCS/Methods_in_CCS","518","legacy","xpyriment","0.9509803921568627","n","558","0.96","hard","zwijntje","1","105683","0","105741","NA","NA","NA","0","115800","105738","255151","263629","263628","0","264184","0","105738","115796","NA","0","NA","0","0","115005","264742","57907","NA","263628","LexicalDecision"
"No","612","1","1","LF","2","1","1","n","/Users/florinecramer/Desktop/CCS 1/Methods in CCS/Methods_in_CCS","439","legacy","xpyriment","0.9514563106796117","n","612","0.96","hard","clip","1","105683","0","105741","NA","NA","NA","0","115800","105738","255151","264828","264827","0","265302","0","105738","115796","NA","0","NA","0","0","115005","265914","57907","NA","264827","LexicalDecision"
"No","586","1","1","Pseudo","3","1","1","m","/Users/florinecramer/Desktop/CCS 1/Methods in CCS/Methods_in_CCS","560","legacy","xpyriment","0.9519230769230769","m","586","0.96","hard","gevraald","1","105683","0","105741","NA","NA","NA","0","115800","105738","255151","265998","265997","0","266595","0","105738","115796","NA","0","NA","0","0","115005","267182","57907","NA","265997","LexicalDecision"
"No","708","1","1","LF","2","1","1","n","/Users/florinecramer/Desktop/CCS 1/Methods in CCS/Methods_in_CCS","581","legacy","xpyriment","0.9523809523809523","n","708","0.96","hard","wijntjes","1","105683","0","105741","NA","NA","NA","0","115800","105738","255151","267267","267266","0","267881","0","105738","115796","NA","0","NA","0","0","115005","268590","57907","NA","267266","LexicalDecision"
"No","1107","1","1","Pseudo","3","1","1","m","/Users/florinecramer/Desktop/CCS 1/Methods in CCS/Methods_in_CCS","407","legacy","xpyriment","0.9528301886792453","m","1107","0.96","hard","vernocht","1","105683","0","105741","NA","NA","NA","0","115800","105738","255151","268677","268676","0","269116","0","105738","115796","NA","0","NA","0","0","115005","270224","57907","NA","268676","LexicalDecision"
"No","1074","0","1","Pseudo","3","0","0","m","/Users/florinecramer/Desktop/CCS 1/Methods in CCS/Methods_in_CCS","588","legacy","xpyriment","0.9439252336448598","n","1074","0.92","hard","maret","1","105683","0","105741","NA","NA","NA","0","115800","105738","272035","270310","270309","0","270938","0","105738","115796","NA","0","NA","0","0","115005","272013","57907","NA","270309","LexicalDecision"
"No","677","1","1","HF","1","1","1","n","/Users/florinecramer/Desktop/CCS 1/Methods in CCS/Methods_in_CCS","531","legacy","xpyriment","0.9444444444444444","n","677","0.92","easy","haast","1","105683","0","105741","NA","NA","NA","0","115800","105738","272035","274154","274153","0","274723","0","105738","115796","NA","0","NA","0","0","115005","275401","57907","NA","274153","LexicalDecision"
"No","665","1","1","Random","4","1","1","m","/Users/florinecramer/Desktop/CCS 1/Methods in CCS/Methods_in_CCS","591","legacy","xpyriment","0.944954128440367","m","665","0.92","easy","laetrir","1","105683","0","105741","NA","NA","NA","0","115800","105738","272035","275487","275486","0","276116","0","105738","115796","NA","0","NA","0","0","115005","276782","57907","NA","275486","LexicalDecision"
"No","639","1","1","LF","2","1","1","n","/Users/florinecramer/Desktop/CCS 1/Methods in CCS/Methods_in_CCS","463","legacy","xpyriment","0.9454545454545454","n","639","0.92","hard","mopjes","1","105683","0","105741","NA","NA","NA","0","115800","105738","272035","276867","276866","0","277363","0","105738","115796","NA","0","NA","0","0","115005","278003","57907","NA","276866","LexicalDecision"
"No","622","1","1","LF","2","1","1","n","/Users/florinecramer/Desktop/CCS 1/Methods in CCS/Methods_in_CCS","500","legacy","xpyriment","0.9459459459459459","n","622","0.92","hard","turbo","1","105683","0","105741","NA","NA","NA","0","115800","105738","272035","278088","278087","0","278616","0","105738","115796","NA","0","NA","0","0","115005","279239","57907","NA","278087","LexicalDecision"
"No","631","1","1","Random","4","1","1","m","/Users/florinecramer/Desktop/CCS 1/Methods in CCS/Methods_in_CCS","531","legacy","xpyriment","0.9464285714285714","m","631","0.92","easy","eiksnjk","1","105683","0","105741","NA","NA","NA","0","115800","105738","272035","279324","279323","0","279888","0","105738","115796","NA","0","NA","0","0","115005","280520","57907","NA","279323","LexicalDecision"
"No","897","1","1","Pseudo","3","1","1","m","/Users/florinecramer/Desktop/CCS 1/Methods in CCS/Methods_in_CCS","532","legacy","xpyriment","0.9469026548672567","m","897","0.92","hard","kleken","1","105683","0","105741","NA","NA","NA","0","115800","105738","272035","280602","280601","0","281161","0","105738","115796","NA","0","NA","0","0","115005","282059","57907","NA","280601","LexicalDecision"
"No","625","1","1","LF","2","1","1","n","/Users/florinecramer/Desktop/CCS 1/Methods in CCS/Methods_in_CCS","482","legacy","xpyriment","0.9473684210526315","n","625","0.92","hard","boksers","1","105683","0","105741","NA","NA","NA","0","115800","105738","272035","282141","282140","0","282655","0","105738","115796","NA","0","NA","0","0","115005","283281","57907","NA","282140","LexicalDecision"
"No","586","1","1","Pseudo","3","1","1","m","/Users/florinecramer/Desktop/CCS 1/Methods in CCS/Methods_in_CCS","540","legacy","xpyriment","0.9478260869565217","m","586","0.92","hard","cingen","1","105683","0","105741","NA","NA","NA","0","115800","105738","272035","283365","283364","0","283939","0","105738","115796","NA","0","NA","0","0","115005","284526","57907","NA","283364","LexicalDecision"
"No","814","1","1","Pseudo","3","1","1","m","/Users/florinecramer/Desktop/CCS 1/Methods in CCS/Methods_in_CCS","428","legacy","xpyriment","0.9482758620689655","m","814","0.92","hard","grinzen","1","105683","0","105741","NA","NA","NA","0","115800","105738","272035","284608","284607","0","285068","0","105738","115796","NA","0","NA","0","0","115005","285883","57907","NA","284607","LexicalDecision"
"No","579","1","1","Pseudo","3","1","1","m","/Users/florinecramer/Desktop/CCS 1/Methods in CCS/Methods_in_CCS","582","legacy","xpyriment","0.9487179487179487","m","579","0.92","hard","abbes","1","105683","0","105741","NA","NA","NA","0","115800","105738","272035","285967","285966","0","286580","0","105738","115796","NA","0","NA","0","0","115005","287160","57907","NA","285966","LexicalDecision"
"No","548","1","1","LF","2","1","1","n","/Users/florinecramer/Desktop/CCS 1/Methods in CCS/Methods_in_CCS","591","legacy","xpyriment","0.9491525423728814","n","548","0.92","hard","jochies","1","105683","0","105741","NA","NA","NA","0","115800","105738","272035","287242","287241","0","287867","0","105738","115796","NA","0","NA","0","0","115005","288416","57907","NA","287241","LexicalDecision"
"No","1441","0","1","LF","2","0","0","n","/Users/florinecramer/Desktop/CCS 1/Methods in CCS/Methods_in_CCS","409","legacy","xpyriment","0.9411764705882353","m","1441","0.88","hard","reebok","1","105683","0","105741","NA","NA","NA","0","115800","105738","290404","288500","288499","0","288941","0","105738","115796","NA","0","NA","0","0","115005","290383","57907","NA","288499","LexicalDecision"
"No","867","1","1","LF","2","1","1","n","/Users/florinecramer/Desktop/CCS 1/Methods in CCS/Methods_in_CCS","472","legacy","xpyriment","0.9416666666666667","n","867","0.88","hard","shirtje","1","105683","0","105741","NA","NA","NA","0","115800","105738","290404","292522","292521","0","293027","0","105738","115796","NA","0","NA","0","0","115005","293894","57907","NA","292521","LexicalDecision"
"No","654","1","1","Pseudo","3","1","1","m","/Users/florinecramer/Desktop/CCS 1/Methods in CCS/Methods_in_CCS","592","legacy","xpyriment","0.9421487603305785","m","654","0.92","hard","hatte","1","105683","0","105741","NA","NA","NA","0","115800","105738","290404","293977","293976","0","294606","0","105738","115796","NA","0","NA","0","0","115005","295260","57907","NA","293975","LexicalDecision"
"No","1265","1","1","Pseudo","3","1","1","m","/Users/florinecramer/Desktop/CCS 1/Methods in CCS/Methods_in_CCS","486","legacy","xpyriment","0.9426229508196722","m","1265","0.92","hard","zeling","1","105683","0","105741","NA","NA","NA","0","115800","105738","290404","295343","295342","0","295863","0","105738","115796","NA","0","NA","0","0","115005","297129","57907","NA","295342","LexicalDecision"
"No","593","1","1","Pseudo","3","1","1","m","/Users/florinecramer/Desktop/CCS 1/Methods in CCS/Methods_in_CCS","398","legacy","xpyriment","0.943089430894309","m","593","0.92","hard","egen","1","105683","0","105741","NA","NA","NA","0","115800","105738","290404","297214","297213","0","297648","0","105738","115796","NA","0","NA","0","0","115005","298242","57907","NA","297212","LexicalDecision"
"No","1015","1","1","Pseudo","3","1","1","m","/Users/florinecramer/Desktop/CCS 1/Methods in CCS/Methods_in_CCS","405","legacy","xpyriment","0.9435483870967742","m","1015","0.92","hard","hankoor","1","105683","0","105741","NA","NA","NA","0","115800","105738","290404","298324","298323","0","298763","0","105738","115796","NA","0","NA","0","0","115005","299778","57907","NA","298323","LexicalDecision"
"No","656","1","1","HF","1","1","1","n","/Users/florinecramer/Desktop/CCS 1/Methods in CCS/Methods_in_CCS","586","legacy","xpyriment","0.944","n","656","0.92","easy","begrip","1","105683","0","105741","NA","NA","NA","0","115800","105738","290404","299862","299861","0","300479","0","105738","115796","NA","0","NA","0","0","115005","301135","57907","NA","299861","LexicalDecision"
"No","748","1","1","LF","2","1","1","n","/Users/florinecramer/Desktop/CCS 1/Methods in CCS/Methods_in_CCS","398","legacy","xpyriment","0.9444444444444444","n","748","0.92","hard","nestjes","1","105683","0","105741","NA","NA","NA","0","115800","105738","290404","301219","301218","0","301653","0","105738","115796","NA","0","NA","0","0","115005","302401","57907","NA","301217","LexicalDecision"
"No","581","1","1","Random","4","1","1","m","/Users/florinecramer/Desktop/CCS 1/Methods in CCS/Methods_in_CCS","489","legacy","xpyriment","0.9448818897637795","m","581","0.92","easy","trtsseek","1","105683","0","105741","NA","NA","NA","0","115800","105738","290404","302485","302484","0","303005","0","105738","115796","NA","0","NA","0","0","115005","303587","57907","NA","302483","LexicalDecision"
"No","571","1","1","Random","4","1","1","m","/Users/florinecramer/Desktop/CCS 1/Methods in CCS/Methods_in_CCS","414","legacy","xpyriment","0.9453125","m","571","0.92","easy","fkjlea","1","105683","0","105741","NA","NA","NA","0","115800","105738","290404","303670","303669","0","304115","0","105738","115796","NA","0","NA","0","0","115005","304687","57907","NA","303669","LexicalDecision"
"No","935","1","1","Pseudo","3","1","1","m","/Users/florinecramer/Desktop/CCS 1/Methods in CCS/Methods_in_CCS","419","legacy","xpyriment","0.9457364341085271","m","935","0.92","hard","waandach","1","105683","0","105741","NA","NA","NA","0","115800","105738","290404","304770","304769","0","305221","0","105738","115796","NA","0","NA","0","0","115005","306157","57907","NA","304768","LexicalDecision"
"No","633","1","1","LF","2","1","1","n","/Users/florinecramer/Desktop/CCS 1/Methods in CCS/Methods_in_CCS","581","legacy","xpyriment","0.9461538461538461","n","633","0.92","hard","framboos","1","105683","0","105741","NA","NA","NA","0","115800","105738","290404","306239","306238","0","306854","0","105738","115796","NA","0","NA","0","0","115005","307488","57907","NA","306238","LexicalDecision"
"No","700","1","1","Pseudo","3","1","1","m","/Users/florinecramer/Desktop/CCS 1/Methods in CCS/Methods_in_CCS","504","legacy","xpyriment","0.9465648854961832","m","700","0.92","hard","beesden","1","105683","0","105741","NA","NA","NA","0","115800","105738","290404","307571","307570","0","308106","0","105738","115796","NA","0","NA","0","0","115005","308807","57907","NA","307570","LexicalDecision"
"No","705","1","1","LF","2","1","1","n","/Users/florinecramer/Desktop/CCS 1/Methods in CCS/Methods_in_CCS","498","legacy","xpyriment","0.946969696969697","n","705","0.96","hard","gifslang","1","105683","0","105741","NA","NA","NA","0","115800","105738","290404","308890","308889","0","309419","0","105738","115796","NA","0","NA","0","0","115005","310125","57907","NA","308889","LexicalDecision"
"No","968","1","1","LF","2","1","1","n","/Users/florinecramer/Desktop/CCS 1/Methods in CCS/Methods_in_CCS","489","legacy","xpyriment","0.9473684210526315","n","968","0.96","hard","spatels","1","105683","0","105741","NA","NA","NA","0","115800","105738","290404","310209","310208","0","310730","0","105738","115796","NA","0","NA","0","0","115005","311699","57907","NA","310208","LexicalDecision"
"No","828","1","1","Pseudo","3","1","1","m","/Users/florinecramer/Desktop/CCS 1/Methods in CCS/Methods_in_CCS","512","legacy","xpyriment","0.9477611940298507","m","828","0.96","hard","slucht","1","105683","0","105741","NA","NA","NA","0","115800","105738","290404","311782","311781","0","312327","0","105738","115796","NA","0","NA","0","0","115005","313156","57907","NA","311781","LexicalDecision"
"No","539","1","1","Random","4","1","1","m","/Users/florinecramer/Desktop/CCS 1/Methods in CCS/Methods_in_CCS","516","legacy","xpyriment","0.9481481481481482","m","539","0.96","easy","ansa'uf","1","105683","0","105741","NA","NA","NA","0","115800","105738","290404","313238","313237","0","313790","0","105738","115796","NA","0","NA","0","0","115005","314330","57907","NA","313237","LexicalDecision"
"No","1434","1","2","LF","2","1","1","n","/Users/florinecramer/Desktop/CCS 1/Methods in CCS/Methods_in_CCS","464","legacy","xpyriment","0.9485294117647058","n","1434","0.96","hard","zitjes","1","105683","0","314437","314362","NA","NA","0","346658","314436","290404","346713","346712","0","347206","0","314436","346655","NA","0","NA","0","0","345655","348641","57907","NA","346712","LexicalDecision"
"No","498","1","2","LF","2","1","1","n","/Users/florinecramer/Desktop/CCS 1/Methods in CCS/Methods_in_CCS","430","legacy","xpyriment","0.948905109489051","n","498","0.96","hard","mesjes","1","105683","0","314437","314362","NA","NA","0","346658","314436","290404","348724","348723","0","349183","0","314436","346655","NA","0","NA","0","0","345655","349682","57907","NA","348723","LexicalDecision"
"No","584","1","2","Pseudo","3","1","1","m","/Users/florinecramer/Desktop/CCS 1/Methods in CCS/Methods_in_CCS","495","legacy","xpyriment","0.9492753623188406","m","584","0.96","hard","snonning","1","105683","0","314437","314362","NA","NA","0","346658","314436","290404","349765","349764","0","350295","0","314436","346655","NA","0","NA","0","0","345655","350880","57907","NA","349764","LexicalDecision"
"No","877","1","2","Pseudo","3","1","1","m","/Users/florinecramer/Desktop/CCS 1/Methods in CCS/Methods_in_CCS","485","legacy","xpyriment","0.9496402877697842","m","877","0.96","hard","glijft","1","105683","0","314437","314362","NA","NA","0","346658","314436","290404","350962","350961","0","351483","0","314436","346655","NA","0","NA","0","0","345655","352361","57907","NA","350961","LexicalDecision"
"No","585","1","2","LF","2","1","1","n","/Users/florinecramer/Desktop/CCS 1/Methods in CCS/Methods_in_CCS","484","legacy","xpyriment","0.95","n","585","0.96","hard","vorkjes","1","105683","0","314437","314362","NA","NA","0","346658","314436","290404","352445","352443","0","352964","0","314436","346655","NA","0","NA","0","0","345655","353550","57907","NA","352443","LexicalDecision"
"No","551","1","2","Pseudo","3","1","1","m","/Users/florinecramer/Desktop/CCS 1/Methods in CCS/Methods_in_CCS","451","legacy","xpyriment","0.950354609929078","m","551","0.96","hard","grole","1","105683","0","314437","314362","NA","NA","0","346658","314436","290404","353643","353642","0","354128","0","314436","346655","NA","0","NA","0","0","345655","354679","57907","NA","353641","LexicalDecision"
"No","608","1","2","Pseudo","3","1","1","m","/Users/florinecramer/Desktop/CCS 1/Methods in CCS/Methods_in_CCS","575","legacy","xpyriment","0.9507042253521126","m","608","0.96","hard","belpt","1","105683","0","314437","314362","NA","NA","0","346658","314436","290404","354761","354760","0","355369","0","314436","346655","NA","0","NA","0","0","345655","355978","57907","NA","354760","LexicalDecision"
"No","1078","0","2","HF","1","0","0","n","/Users/florinecramer/Desktop/CCS 1/Methods in CCS/Methods_in_CCS","522","legacy","xpyriment","0.9440559440559441","m","1078","0.92","easy","opdat","1","105683","0","314437","314362","NA","NA","0","346658","314436","357718","356061","356060","0","356617","0","314436","346655","NA","0","NA","0","0","345655","357696","57907","NA","356059","LexicalDecision"
"No","721","1","2","LF","2","1","1","n","/Users/florinecramer/Desktop/CCS 1/Methods in CCS/Methods_in_CCS","503","legacy","xpyriment","0.9444444444444444","n","721","0.96","hard","lijkjes","1","105683","0","314437","314362","NA","NA","0","346658","314436","357718","359836","359835","0","360370","0","314436","346655","NA","0","NA","0","0","345655","361092","57907","NA","359835","LexicalDecision"
"No","584","1","2","Pseudo","3","1","1","m","/Users/florinecramer/Desktop/CCS 1/Methods in CCS/Methods_in_CCS","417","legacy","xpyriment","0.9448275862068966","m","584","0.96","hard","waarag","1","105683","0","314437","314362","NA","NA","0","346658","314436","357718","361174","361173","0","361624","0","314436","346655","NA","0","NA","0","0","345655","362209","57907","NA","361173","LexicalDecision"
"No","728","1","2","Pseudo","3","1","1","m","/Users/florinecramer/Desktop/CCS 1/Methods in CCS/Methods_in_CCS","435","legacy","xpyriment","0.9452054794520548","m","728","0.96","hard","wansen","1","105683","0","314437","314362","NA","NA","0","346658","314436","357718","362292","362291","0","362765","0","314436","346655","NA","0","NA","0","0","345655","363493","57907","NA","362291","LexicalDecision"
"No","491","0","2","LF","2","0","0","n","/Users/florinecramer/Desktop/CCS 1/Methods in CCS/Methods_in_CCS","541","legacy","xpyriment","0.9387755102040817","m","491","0.92","hard","selder","1","105683","0","314437","314362","NA","NA","0","346658","314436","364668","363578","363577","0","364157","0","314436","346655","NA","0","NA","0","0","345655","364648","57907","NA","363576","LexicalDecision"
"No","590","1","2","Random","4","1","1","m","/Users/florinecramer/Desktop/CCS 1/Methods in CCS/Methods_in_CCS","540","legacy","xpyriment","0.9391891891891891","m","590","0.92","easy","omforbas","1","105683","0","314437","314362","NA","NA","0","346658","314436","364668","366787","366786","0","367365","0","314436","346655","NA","0","NA","0","0","345655","367955","57907","NA","366786","LexicalDecision"
"No","823","1","2","LF","2","1","1","n","/Users/florinecramer/Desktop/CCS 1/Methods in CCS/Methods_in_CCS","477","legacy","xpyriment","0.9395973154362416","n","823","0.92","hard","tikker","1","105683","0","314437","314362","NA","NA","0","346658","314436","364668","368039","368038","0","368549","0","314436","346655","NA","0","NA","0","0","345655","369373","57907","NA","368038","LexicalDecision"
"No","1054","1","2","LF","2","1","1","n","/Users/florinecramer/Desktop/CCS 1/Methods in CCS/Methods_in_CCS","509","legacy","xpyriment","0.94","n","1054","0.92","hard","koetje","1","105683","0","314437","314362","NA","NA","0","346658","314436","364668","369455","369454","0","370000","0","314436","346655","NA","0","NA","0","0","345655","371055","57907","NA","369454","LexicalDecision"
"No","721","1","2","Pseudo","3","1","1","m","/Users/florinecramer/Desktop/CCS 1/Methods in CCS/Methods_in_CCS","451","legacy","xpyriment","0.9403973509933775","m","721","0.92","hard","partger","1","105683","0","314437","314362","NA","NA","0","346658","314436","364668","371138","371137","0","371623","0","314436","346655","NA","0","NA","0","0","345655","372344","57907","NA","371137","LexicalDecision"
"No","660","1","2","Pseudo","3","1","1","m","/Users/florinecramer/Desktop/CCS 1/Methods in CCS/Methods_in_CCS","414","legacy","xpyriment","0.9407894736842105","m","660","0.92","hard","voont","1","105683","0","314437","314362","NA","NA","0","346658","314436","364668","372427","372426","0","372877","0","314436","346655","NA","0","NA","0","0","345655","373538","57907","NA","372426","LexicalDecision"
"No","628","1","2","LF","2","1","1","n","/Users/florinecramer/Desktop/CCS 1/Methods in CCS/Methods_in_CCS","571","legacy","xpyriment","0.9411764705882353","n","628","0.92","hard","racebaan","1","105683","0","314437","314362","NA","NA","0","346658","314436","364668","373621","373620","0","374230","0","314436","346655","NA","0","NA","0","0","345655","374859","57907","NA","373620","LexicalDecision"
"No","683","1","2","LF","2","1","1","n","/Users/florinecramer/Desktop/CCS 1/Methods in CCS/Methods_in_CCS","581","legacy","xpyriment","0.9415584415584416","n","683","0.92","hard","wandkast","1","105683","0","314437","314362","NA","NA","0","346658","314436","364668","374943","374942","0","375560","0","314436","346655","NA","0","NA","0","0","345655","376244","57907","NA","374941","LexicalDecision"
"No","675","1","2","LF","2","1","1","n","/Users/florinecramer/Desktop/CCS 1/Methods in CCS/Methods_in_CCS","594","legacy","xpyriment","0.9419354838709677","n","675","0.92","hard","zoentjes","1","105683","0","314437","314362","NA","NA","0","346658","314436","364668","376327","376326","0","376955","0","314436","346655","NA","0","NA","0","0","345655","377630","57907","NA","376326","LexicalDecision"
"No","471","1","2","LF","2","1","1","n","/Users/florinecramer/Desktop/CCS 1/Methods in CCS/Methods_in_CCS","575","legacy","xpyriment","0.9423076923076923","n","471","0.92","hard","soepje","1","105683","0","314437","314362","NA","NA","0","346658","314436","364668","377712","377711","0","378320","0","314436","346655","NA","0","NA","0","0","345655","378791","57907","NA","377711","LexicalDecision"
"No","462","1","2","LF","2","1","1","n","/Users/florinecramer/Desktop/CCS 1/Methods in CCS/Methods_in_CCS","443","legacy","xpyriment","0.9426751592356688","n","462","0.92","hard","traantje","1","105683","0","314437","314362","NA","NA","0","346658","314436","364668","378873","378872","0","379349","0","314436","346655","NA","0","NA","0","0","345655","379812","57907","NA","378871","LexicalDecision"
"No","482","1","2","LF","2","1","1","n","/Users/florinecramer/Desktop/CCS 1/Methods in CCS/Methods_in_CCS","590","legacy","xpyriment","0.9430379746835443","n","482","0.92","hard","pauzen","1","105683","0","314437","314362","NA","NA","0","346658","314436","364668","379894","379893","0","380521","0","314436","346655","NA","0","NA","0","0","345655","381004","57907","NA","379893","LexicalDecision"
"No","611","1","2","LF","2","1","1","n","/Users/florinecramer/Desktop/CCS 1/Methods in CCS/Methods_in_CCS","430","legacy","xpyriment","0.9433962264150944","n","611","0.92","hard","maandje","1","105683","0","314437","314362","NA","NA","0","346658","314436","364668","381087","381086","0","381550","0","314436","346655","NA","0","NA","0","0","345655","382162","57907","NA","381086","LexicalDecision"
"No","581","1","2","HF","1","1","1","n","/Users/florinecramer/Desktop/CCS 1/Methods in CCS/Methods_in_CCS","443","legacy","xpyriment","0.94375","n","581","0.92","easy","droom","1","105683","0","314437","314362","NA","NA","0","346658","314436","364668","382244","382243","0","382720","0","314436","346655","NA","0","NA","0","0","345655","383302","57907","NA","382243","LexicalDecision"
"No","534","1","2","LF","2","1","1","n","/Users/florinecramer/Desktop/CCS 1/Methods in CCS/Methods_in_CCS","442","legacy","xpyriment","0.9440993788819876","n","534","0.92","hard","cakes","1","105683","0","314437","314362","NA","NA","0","346658","314436","364668","383385","383384","0","383859","0","314436","346655","NA","0","NA","0","0","345655","384394","57907","NA","383383","LexicalDecision"
"No","602","1","2","Random","4","1","1","m","/Users/florinecramer/Desktop/CCS 1/Methods in CCS/Methods_in_CCS","576","legacy","xpyriment","0.9444444444444444","m","602","0.92","easy","pnoesns","1","105683","0","314437","314362","NA","NA","0","346658","314436","364668","384477","384476","0","385092","0","314436","346655","NA","0","NA","0","0","345655","385695","57907","NA","384475","LexicalDecision"
"No","554","1","2","LF","2","1","1","n","/Users/florinecramer/Desktop/CCS 1/Methods in CCS/Methods_in_CCS","590","legacy","xpyriment","0.9447852760736196","n","554","0.92","hard","zweepjes","1","105683","0","314437","314362","NA","NA","0","346658","314436","364668","385777","385776","0","386405","0","314436","346655","NA","0","NA","0","0","345655","386960","57907","NA","385776","LexicalDecision"
"No","806","0","2","Pseudo","3","0","0","m","/Users/florinecramer/Desktop/CCS 1/Methods in CCS/Methods_in_CCS","407","legacy","xpyriment","0.9390243902439024","n","806","0.88","hard","meeten","1","105683","0","314437","314362","NA","NA","0","346658","314436","388309","387042","387041","0","387482","0","314436","346655","NA","0","NA","0","0","345655","388289","57907","NA","387040","LexicalDecision"
"No","501","1","2","LF","2","1","1","n","/Users/florinecramer/Desktop/CCS 1/Methods in CCS/Methods_in_CCS","547","legacy","xpyriment","0.9393939393939394","n","501","0.88","hard","beertjes","1","105683","0","314437","314362","NA","NA","0","346658","314436","388309","390426","390425","0","391007","0","314436","346655","NA","0","NA","0","0","345655","391509","57907","NA","390425","LexicalDecision"
"No","539","1","2","LF","2","1","1","n","/Users/florinecramer/Desktop/CCS 1/Methods in CCS/Methods_in_CCS","543","legacy","xpyriment","0.9397590361445783","n","539","0.88","hard","stortbui","1","105683","0","314437","314362","NA","NA","0","346658","314436","388309","391591","391590","0","392170","0","314436","346655","NA","0","NA","0","0","345655","392710","57907","NA","391590","LexicalDecision"
"No","953","1","2","Pseudo","3","1","1","m","/Users/florinecramer/Desktop/CCS 1/Methods in CCS/Methods_in_CCS","474","legacy","xpyriment","0.9401197604790419","m","953","0.88","hard","tozen","1","105683","0","314437","314362","NA","NA","0","346658","314436","388309","392793","392792","0","393303","0","314436","346655","NA","0","NA","0","0","345655","394257","57907","NA","392792","LexicalDecision"
"No","566","1","2","Pseudo","3","1","1","m","/Users/florinecramer/Desktop/CCS 1/Methods in CCS/Methods_in_CCS","432","legacy","xpyriment","0.9404761904761905","m","566","0.92","hard","alde","1","105683","0","314437","314362","NA","NA","0","346658","314436","388309","394340","394339","0","394813","0","314436","346655","NA","0","NA","0","0","345655","395380","57907","NA","394339","LexicalDecision"
"No","669","1","2","LF","2","1","1","n","/Users/florinecramer/Desktop/CCS 1/Methods in CCS/Methods_in_CCS","478","legacy","xpyriment","0.9408284023668639","n","669","0.92","hard","gieters","1","105683","0","314437","314362","NA","NA","0","346658","314436","388309","395462","395461","0","395973","0","314436","346655","NA","0","NA","0","0","345655","396643","57907","NA","395461","LexicalDecision"
"No","572","1","2","Pseudo","3","1","1","m","/Users/florinecramer/Desktop/CCS 1/Methods in CCS/Methods_in_CCS","415","legacy","xpyriment","0.9411764705882353","m","572","0.92","hard","jugi","1","105683","0","314437","314362","NA","NA","0","346658","314436","388309","396726","396725","0","397175","0","314436","346655","NA","0","NA","0","0","345655","397748","57907","NA","396725","LexicalDecision"
"No","522","1","2","Pseudo","3","1","1","m","/Users/florinecramer/Desktop/CCS 1/Methods in CCS/Methods_in_CCS","458","legacy","xpyriment","0.9415204678362573","m","522","0.92","hard","voch","1","105683","0","314437","314362","NA","NA","0","346658","314436","388309","397830","397829","0","398325","0","314436","346655","NA","0","NA","0","0","345655","398848","57907","NA","397829","LexicalDecision"
"No","570","1","2","LF","2","1","1","n","/Users/florinecramer/Desktop/CCS 1/Methods in CCS/Methods_in_CCS","528","legacy","xpyriment","0.9418604651162791","n","570","0.96","hard","wormpje","1","105683","0","314437","314362","NA","NA","0","346658","314436","388309","398930","398929","0","399499","0","314436","346655","NA","0","NA","0","0","345655","400070","57907","NA","398929","LexicalDecision"
"No","764","1","2","LF","2","1","1","n","/Users/florinecramer/Desktop/CCS 1/Methods in CCS/Methods_in_CCS","456","legacy","xpyriment","0.9421965317919075","n","764","0.96","hard","rolkraag","1","105683","0","314437","314362","NA","NA","0","346658","314436","388309","400152","400151","0","400647","0","314436","346655","NA","0","NA","0","0","345655","401412","57907","NA","400151","LexicalDecision"
"No","568","1","2","LF","2","1","1","n","/Users/florinecramer/Desktop/CCS 1/Methods in CCS/Methods_in_CCS","458","legacy","xpyriment","0.9425287356321839","n","568","0.96","hard","cobra's","1","105683","0","314437","314362","NA","NA","0","346658","314436","388309","401495","401494","0","401991","0","314436","346655","NA","0","NA","0","0","345655","402560","57907","NA","401493","LexicalDecision"
"No","619","1","2","LF","2","1","1","n","/Users/florinecramer/Desktop/CCS 1/Methods in CCS/Methods_in_CCS","421","legacy","xpyriment","0.9428571428571428","n","619","0.96","hard","vocaal","1","105683","0","314437","314362","NA","NA","0","346658","314436","388309","402642","402641","0","403101","0","314436","346655","NA","0","NA","0","0","345655","403721","57907","NA","402641","LexicalDecision"
"No","557","1","2","LF","2","1","1","n","/Users/florinecramer/Desktop/CCS 1/Methods in CCS/Methods_in_CCS","582","legacy","xpyriment","0.9431818181818182","n","557","0.96","hard","slijmen","1","105683","0","314437","314362","NA","NA","0","346658","314436","388309","403802","403801","0","404420","0","314436","346655","NA","0","NA","0","0","345655","404978","57907","NA","403801","LexicalDecision"
"No","461","1","2","HF","1","1","1","n","/Users/florinecramer/Desktop/CCS 1/Methods in CCS/Methods_in_CCS","547","legacy","xpyriment","0.943502824858757","n","461","0.96","easy","bewijs","1","105683","0","314437","314362","NA","NA","0","346658","314436","388309","405061","405060","0","405643","0","314436","346655","NA","0","NA","0","0","345655","406105","57907","NA","405060","LexicalDecision"
"No","578","1","2","LF","2","1","1","n","/Users/florinecramer/Desktop/CCS 1/Methods in CCS/Methods_in_CCS","429","legacy","xpyriment","0.9438202247191011","n","578","0.96","hard","krokus","1","105683","0","314437","314362","NA","NA","0","346658","314436","388309","406186","406185","0","406648","0","314436","346655","NA","0","NA","0","0","345655","407227","57907","NA","406185","LexicalDecision"
"No","758","1","2","Pseudo","3","1","1","m","/Users/florinecramer/Desktop/CCS 1/Methods in CCS/Methods_in_CCS","531","legacy","xpyriment","0.9441340782122905","m","758","0.96","hard","heefde","1","105683","0","314437","314362","NA","NA","0","346658","314436","388309","407308","407307","0","407876","0","314436","346655","NA","0","NA","0","0","345655","408634","57907","NA","407307","LexicalDecision"
"No","566","1","2","Pseudo","3","1","1","m","/Users/florinecramer/Desktop/CCS 1/Methods in CCS/Methods_in_CCS","524","legacy","xpyriment","0.9444444444444444","m","566","0.96","hard","lalen","1","105683","0","314437","314362","NA","NA","0","346658","314436","388309","408717","408716","0","409274","0","314436","346655","NA","0","NA","0","0","345655","409840","57907","NA","408716","LexicalDecision"
"No","518","1","2","Pseudo","3","1","1","m","/Users/florinecramer/Desktop/CCS 1/Methods in CCS/Methods_in_CCS","471","legacy","xpyriment","0.9447513812154696","m","518","0.96","hard","jederf","1","105683","0","314437","314362","NA","NA","0","346658","314436","388309","409924","409923","0","410432","0","314436","346655","NA","0","NA","0","0","345655","410950","57907","NA","409923","LexicalDecision"
"No","475","1","2","Pseudo","3","1","1","m","/Users/florinecramer/Desktop/CCS 1/Methods in CCS/Methods_in_CCS","485","legacy","xpyriment","0.945054945054945","m","475","0.96","hard","nale","1","105683","0","314437","314362","NA","NA","0","346658","314436","388309","411033","411032","0","411553","0","314436","346655","NA","0","NA","0","0","345655","412028","57907","NA","411032","LexicalDecision"
"No","727","1","2","Pseudo","3","1","1","m","/Users/florinecramer/Desktop/CCS 1/Methods in CCS/Methods_in_CCS","400","legacy","xpyriment","0.9453551912568307","m","727","0.96","hard","pronder","1","105683","0","314437","314362","NA","NA","0","346658","314436","388309","412112","412111","0","412548","0","314436","346655","NA","0","NA","0","0","345655","413276","57907","NA","412111","LexicalDecision"
"No","572","1","2","LF","2","1","1","n","/Users/florinecramer/Desktop/CCS 1/Methods in CCS/Methods_in_CCS","593","legacy","xpyriment","0.9456521739130435","n","572","0.96","hard","zwaantje","1","105683","0","314437","314362","NA","NA","0","346658","314436","388309","413361","413360","0","413989","0","314436","346655","NA","0","NA","0","0","345655","414562","57907","NA","413359","LexicalDecision"
"No","776","1","2","LF","2","1","1","n","/Users/florinecramer/Desktop/CCS 1/Methods in CCS/Methods_in_CCS","565","legacy","xpyriment","0.9459459459459459","n","776","0.96","hard","vrachtje","1","105683","0","314437","314362","NA","NA","0","346658","314436","388309","414645","414644","0","415248","0","314436","346655","NA","0","NA","0","0","345655","416025","57907","NA","414644","LexicalDecision"
"No","1060","1","2","Pseudo","3","1","1","m","/Users/florinecramer/Desktop/CCS 1/Methods in CCS/Methods_in_CCS","588","legacy","xpyriment","0.946236559139785","m","1060","0.96","hard","bopen","1","105683","0","314437","314362","NA","NA","0","346658","314436","388309","416108","416107","0","416736","0","314436","346655","NA","0","NA","0","0","345655","417796","57907","NA","416107","LexicalDecision"
"No","646","1","2","Pseudo","3","1","1","m","/Users/florinecramer/Desktop/CCS 1/Methods in CCS/Methods_in_CCS","416","legacy","xpyriment","0.946524064171123","m","646","0.96","hard","gegaald","1","105683","0","314437","314362","NA","NA","0","346658","314436","388309","417880","417878","0","418329","0","314436","346655","NA","0","NA","0","0","345655","418976","57907","NA","417878","LexicalDecision"
"No","527","1","2","Random","4","1","1","m","/Users/florinecramer/Desktop/CCS 1/Methods in CCS/Methods_in_CCS","468","legacy","xpyriment","0.9468085106382979","m","527","0.96","easy","esdsetrs","1","105683","0","314437","314362","NA","NA","0","346658","314436","388309","419059","419058","0","419566","0","314436","346655","NA","0","NA","0","0","345655","420094","57907","NA","419058","LexicalDecision"
"No","726","1","2","Pseudo","3","1","1","m","/Users/florinecramer/Desktop/CCS 1/Methods in CCS/Methods_in_CCS","483","legacy","xpyriment","0.9470899470899471","m","726","1.0","hard","helfde","1","105683","0","314437","314362","NA","NA","0","346658","314436","388309","420178","420177","0","420699","0","314436","346655","NA","0","NA","0","0","345655","421426","57907","NA","420177","LexicalDecision"
"No","612","1","2","Pseudo","3","1","1","m","/Users/florinecramer/Desktop/CCS 1/Methods in CCS/Methods_in_CCS","396","legacy","xpyriment","0.9473684210526315","m","612","1.0","hard","beloom","1","105683","0","314437","314362","NA","NA","0","346658","314436","388309","421508","421507","0","421942","0","314436","346655","NA","0","NA","0","0","345655","422555","57907","NA","421507","LexicalDecision"
"No","656","1","2","LF","2","1","1","n","/Users/florinecramer/Desktop/CCS 1/Methods in CCS/Methods_in_CCS","437","legacy","xpyriment","0.9476439790575916","n","656","1.0","hard","butlers","1","105683","0","314437","314362","NA","NA","0","346658","314436","388309","422638","422637","0","423111","0","314436","346655","NA","0","NA","0","0","345655","423768","57907","NA","422636","LexicalDecision"
"No","845","1","2","LF","2","1","1","n","/Users/florinecramer/Desktop/CCS 1/Methods in CCS/Methods_in_CCS","423","legacy","xpyriment","0.9479166666666666","n","845","1.0","hard","sletten","1","105683","0","314437","314362","NA","NA","0","346658","314436","388309","423852","423851","0","424311","0","314436","346655","NA","0","NA","0","0","345655","425157","57907","NA","423851","LexicalDecision"
"No","515","1","2","LF","2","1","1","n","/Users/florinecramer/Desktop/CCS 1/Methods in CCS/Methods_in_CCS","418","legacy","xpyriment","0.9481865284974094","n","515","1.0","hard","bizon","1","105683","0","314437","314362","NA","NA","0","346658","314436","388309","425239","425238","0","425690","0","314436","346655","NA","0","NA","0","0","345655","426206","57907","NA","425238","LexicalDecision"
"No","507","1","2","LF","2","1","1","n","/Users/florinecramer/Desktop/CCS 1/Methods in CCS/Methods_in_CCS","500","legacy","xpyriment","0.9484536082474226","n","507","1.0","hard","ritsen","1","105683","0","314437","314362","NA","NA","0","346658","314436","388309","426288","426287","0","426822","0","314436","346655","NA","0","NA","0","0","345655","427330","57907","NA","426287","LexicalDecision"
"No","626","1","2","Random","4","1","1","m","/Users/florinecramer/Desktop/CCS 1/Methods in CCS/Methods_in_CCS","498","legacy","xpyriment","0.9487179487179487","m","626","1.0","easy","ksejeup","1","105683","0","314437","314362","NA","NA","0","346658","314436","388309","427412","427411","0","427946","0","314436","346655","NA","0","NA","0","0","345655","428573","57907","NA","427411","LexicalDecision"
"No","823","1","2","LF","2","1","1","n","/Users/florinecramer/Desktop/CCS 1/Methods in CCS/Methods_in_CCS","411","legacy","xpyriment","0.9489795918367347","n","823","1.0","hard","weetjes","1","105683","0","314437","314362","NA","NA","0","346658","314436","388309","428656","428655","0","429103","0","314436","346655","NA","0","NA","0","0","345655","429927","57907","NA","428654","LexicalDecision"
"No","592","1","2","LF","2","1","1","n","/Users/florinecramer/Desktop/CCS 1/Methods in CCS/Methods_in_CCS","427","legacy","xpyriment","0.949238578680203","n","592","1.0","hard","soepkom","1","105683","0","314437","314362","NA","NA","0","346658","314436","388309","430008","430007","0","430470","0","314436","346655","NA","0","NA","0","0","345655","431063","57907","NA","430007","LexicalDecision"
"No","481","1","2","LF","2","1","1","n","/Users/florinecramer/Desktop/CCS 1/Methods in CCS/Methods_in_CCS","532","legacy","xpyriment","0.9494949494949495","n","481","1.0","hard","biscuits","1","105683","0","314437","314362","NA","NA","0","346658","314436","388309","431144","431143","0","431712","0","314436","346655","NA","0","NA","0","0","345655","432194","57907","NA","431143","LexicalDecision"
"No","472","1","2","LF","2","1","1","n","/Users/florinecramer/Desktop/CCS 1/Methods in CCS/Methods_in_CCS","459","legacy","xpyriment","0.949748743718593","n","472","1.0","hard","loodjes","1","105683","0","314437","314362","NA","NA","0","346658","314436","388309","432277","432276","0","432773","0","314436","346655","NA","0","NA","0","0","345655","433246","57907","NA","432276","LexicalDecision"
"No","752","1","2","Pseudo","3","1","1","m","/Users/florinecramer/Desktop/CCS 1/Methods in CCS/Methods_in_CCS","486","legacy","xpyriment","0.95","m","752","1.0","hard","tridiek","1","105683","0","314437","314362","NA","NA","0","346658","314436","388309","433330","433329","0","433855","0","314436","346655","NA","0","NA","0","0","345655","434608","57907","NA","433328","LexicalDecision"
"No","490","1","2","LF","2","1","1","n","/Users/florinecramer/Desktop/CCS 1/Methods in CCS/Methods_in_CCS","484","legacy","xpyriment","0.9502487562189055","n","490","1.0","hard","sletje","1","105683","0","314437","314362","NA","NA","0","346658","314436","388309","434691","434690","0","435211","0","314436","346655","NA","0","NA","0","0","345655","435702","57907","NA","434690","LexicalDecision"
"No","500","1","2","LF","2","1","1","n","/Users/florinecramer/Desktop/CCS 1/Methods in CCS/Methods_in_CCS","549","legacy","xpyriment","0.9504950495049505","n","500","1.0","hard","kruikjes","1","105683","0","314437","314362","NA","NA","0","346658","314436","388309","435784","435783","0","436366","0","314436","346655","NA","0","NA","0","0","345655","436867","57907","NA","435783","LexicalDecision"
"No","475","1","2","LF","2","1","1","n","/Users/florinecramer/Desktop/CCS 1/Methods in CCS/Methods_in_CCS","434","legacy","xpyriment","0.9507389162561576","n","475","1.0","hard","pruikje","1","105683","0","314437","314362","NA","NA","0","346658","314436","388309","436951","436950","0","437421","0","314436","346655","NA","0","NA","0","0","345655","437897","57907","NA","436949","LexicalDecision"
"No","455","1","2","HF","1","1","1","n","/Users/florinecramer/Desktop/CCS 1/Methods in CCS/Methods_in_CCS","511","legacy","xpyriment","0.9509803921568627","n","455","1.0","easy","goud","1","105683","0","314437","314362","NA","NA","0","346658","314436","388309","437979","437978","0","438525","0","314436","346655","NA","0","NA","0","0","345655","438981","57907","NA","437978","LexicalDecision"
"No","511","1","2","LF","2","1","1","n","/Users/florinecramer/Desktop/CCS 1/Methods in CCS/Methods_in_CCS","449","legacy","xpyriment","0.9512195121951219","n","511","1.0","hard","albums","1","105683","0","314437","314362","NA","NA","0","346658","314436","388309","439063","439062","0","439548","0","314436","346655","NA","0","NA","0","0","345655","440060","57907","NA","439062","LexicalDecision"
"No","677","1","2","Pseudo","3","1","1","m","/Users/florinecramer/Desktop/CCS 1/Methods in CCS/Methods_in_CCS","463","legacy","xpyriment","0.9514563106796117","m","677","1.0","hard","ergels","1","105683","0","314437","314362","NA","NA","0","346658","314436","388309","440143","440142","0","440640","0","314436","346655","NA","0","NA","0","0","345655","441318","57907","NA","440141","LexicalDecision"
"No","517","1","2","Pseudo","3","1","1","m","/Users/florinecramer/Desktop/CCS 1/Methods in CCS/Methods_in_CCS","489","legacy","xpyriment","0.9516908212560387","m","517","1.0","hard","faarden","1","105683","0","314437","314362","NA","NA","0","346658","314436","388309","441401","441400","0","441925","0","314436","346655","NA","0","NA","0","0","345655","442443","57907","NA","441400","LexicalDecision"
"No","535","1","2","Pseudo","3","1","1","m","/Users/florinecramer/Desktop/CCS 1/Methods in CCS/Methods_in_CCS","563","legacy","xpyriment","0.9519230769230769","m","535","1.0","hard","wader","1","105683","0","314437","314362","NA","NA","0","346658","314436","388309","442525","442524","0","443121","0","314436","346655","NA","0","NA","0","0","345655","443657","57907","NA","442524","LexicalDecision"
"No","535","0","2","LF","2","0","0","n","/Users/florinecramer/Desktop/CCS 1/Methods in CCS/Methods_in_CCS","441","legacy","xpyriment","0.9473684210526315","m","535","0.96","hard","fuiven","1","105683","0","314437","314362","NA","NA","0","346658","314436","444769","443739","443737","0","444214","0","314436","346655","NA","0","NA","0","0","345655","444750","57907","NA","443737","LexicalDecision"
"No","616","1","2","LF","2","1","1","n","/Users/florinecramer/Desktop/CCS 1/Methods in CCS/Methods_in_CCS","524","legacy","xpyriment","0.9476190476190476","n","616","0.96","hard","designs","1","105683","0","314437","314362","NA","NA","0","346658","314436","444769","446886","446885","0","447443","0","314436","346655","NA","0","NA","0","0","345655","448060","57907","NA","446884","LexicalDecision"
"No","575","1","2","LF","2","1","1","n","/Users/florinecramer/Desktop/CCS 1/Methods in CCS/Methods_in_CCS","420","legacy","xpyriment","0.9478672985781991","n","575","0.96","hard","hendels","1","105683","0","314437","314362","NA","NA","0","346658","314436","444769","448142","448141","0","448604","0","314436","346655","NA","0","NA","0","0","345655","449180","57907","NA","448141","LexicalDecision"
"No","677","1","2","Pseudo","3","1","1","m","/Users/florinecramer/Desktop/CCS 1/Methods in CCS/Methods_in_CCS","515","legacy","xpyriment","0.9481132075471698","m","677","0.96","hard","kwirt","1","105683","0","314437","314362","NA","NA","0","346658","314436","444769","449263","449262","0","449810","0","314436","346655","NA","0","NA","0","0","345655","450488","57907","NA","449261","LexicalDecision"
"No","471","1","2","Pseudo","3","1","1","m","/Users/florinecramer/Desktop/CCS 1/Methods in CCS/Methods_in_CCS","531","legacy","xpyriment","0.9483568075117371","m","471","0.96","hard","ortste","1","105683","0","314437","314362","NA","NA","0","346658","314436","444769","450571","450570","0","451140","0","314436","346655","NA","0","NA","0","0","345655","451611","57907","NA","450570","LexicalDecision"
"No","592","1","2","HF","1","1","1","n","/Users/florinecramer/Desktop/CCS 1/Methods in CCS/Methods_in_CCS","507","legacy","xpyriment","0.9485981308411215","n","592","0.96","easy","wisten","1","105683","0","314437","314362","NA","NA","0","346658","314436","444769","451695","451694","0","452239","0","314436","346655","NA","0","NA","0","0","345655","452831","57907","NA","451694","LexicalDecision"
"No","640","0","2","Pseudo","3","0","0","m","/Users/florinecramer/Desktop/CCS 1/Methods in CCS/Methods_in_CCS","416","legacy","xpyriment","0.9441860465116279","n","640","0.92","hard","brip","1","105683","0","314437","314362","NA","NA","0","346658","314436","454025","452914","452914","0","453365","0","314436","346655","NA","0","NA","0","0","345655","454005","57907","NA","452913","LexicalDecision"
"No","581","1","2","Random","4","1","1","m","/Users/florinecramer/Desktop/CCS 1/Methods in CCS/Methods_in_CCS","466","legacy","xpyriment","0.9444444444444444","m","581","0.92","easy","oprpcno","1","105683","0","314437","314362","NA","NA","0","346658","314436","454025","456143","456142","0","456641","0","314436","346655","NA","0","NA","0","0","345655","457223","57907","NA","456142","LexicalDecision"
"No","575","1","2","Pseudo","3","1","1","m","/Users/florinecramer/Desktop/CCS 1/Methods in CCS/Methods_in_CCS","489","legacy","xpyriment","0.9447004608294931","m","575","0.92","hard","gedecht","1","105683","0","314437","314362","NA","NA","0","346658","314436","454025","457306","457305","0","457829","0","314436","346655","NA","0","NA","0","0","345655","458405","57907","NA","457305","LexicalDecision"
"No","538","1","2","LF","2","1","1","n","/Users/florinecramer/Desktop/CCS 1/Methods in CCS/Methods_in_CCS","530","legacy","xpyriment","0.944954128440367","n","538","0.92","hard","koordjes","1","105683","0","314437","314362","NA","NA","0","346658","314436","454025","458488","458487","0","459056","0","314436","346655","NA","0","NA","0","0","345655","459595","57907","NA","458486","LexicalDecision"
"No","837","1","2","Pseudo","3","1","1","m","/Users/florinecramer/Desktop/CCS 1/Methods in CCS/Methods_in_CCS","461","legacy","xpyriment","0.9452054794520548","m","837","0.92","hard","schempen","1","105683","0","314437","314362","NA","NA","0","346658","314436","454025","459678","459677","0","460174","0","314436","346655","NA","0","NA","0","0","345655","461012","57907","NA","459677","LexicalDecision"
"No","605","0","2","LF","2","0","0","n","/Users/florinecramer/Desktop/CCS 1/Methods in CCS/Methods_in_CCS","473","legacy","xpyriment","0.9409090909090909","m","605","0.88","hard","serres","1","105683","0","314437","314362","NA","NA","0","346658","314436","462229","461096","461095","0","461605","0","314436","346655","NA","0","NA","0","0","345655","462210","57907","NA","461095","LexicalDecision"
"No","588","0","2","LF","2","0","0","n","/Users/florinecramer/Desktop/CCS 1/Methods in CCS/Methods_in_CCS","411","legacy","xpyriment","0.9366515837104072","m","588","0.84","hard","ajuin","1","105683","0","314437","314362","NA","NA","0","346658","314436","465404","464348","464347","0","464796","0","314436","346655","NA","0","NA","0","0","345655","465385","57907","NA","464347","LexicalDecision"
"No","594","1","2","Pseudo","3","1","1","m","/Users/florinecramer/Desktop/CCS 1/Methods in CCS/Methods_in_CCS","540","legacy","xpyriment","0.9369369369369369","m","594","0.84","hard","stemle","1","105683","0","314437","314362","NA","NA","0","346658","314436","465404","467522","467521","0","468101","0","314436","346655","NA","0","NA","0","0","345655","468696","57907","NA","467521","LexicalDecision"
"No","513","1","2","LF","2","1","1","n","/Users/florinecramer/Desktop/CCS 1/Methods in CCS/Methods_in_CCS","517","legacy","xpyriment","0.9372197309417041","n","513","0.84","hard","bijwoord","1","105683","0","314437","314362","NA","NA","0","346658","314436","465404","468777","468776","0","469335","0","314436","346655","NA","0","NA","0","0","345655","469849","57907","NA","468776","LexicalDecision"
"No","505","1","2","LF","2","1","1","n","/Users/florinecramer/Desktop/CCS 1/Methods in CCS/Methods_in_CCS","527","legacy","xpyriment","0.9375","n","505","0.84","hard","jokers","1","105683","0","314437","314362","NA","NA","0","346658","314436","465404","469934","469933","0","470494","0","314436","346655","NA","0","NA","0","0","345655","471000","57907","NA","469933","LexicalDecision"
"No","1108","1","2","Pseudo","3","1","1","m","/Users/florinecramer/Desktop/CCS 1/Methods in CCS/Methods_in_CCS","426","legacy","xpyriment","0.9377777777777778","m","1108","0.84","hard","fracht","1","105683","0","314437","314362","NA","NA","0","346658","314436","465404","471082","471081","0","471544","0","314436","346655","NA","0","NA","0","0","345655","472652","57907","NA","471081","LexicalDecision"
"No","500","1","2","LF","2","1","1","n","/Users/florinecramer/Desktop/CCS 1/Methods in CCS/Methods_in_CCS","542","legacy","xpyriment","0.9380530973451328","n","500","0.84","hard","mail","1","105683","0","314437","314362","NA","NA","0","346658","314436","465404","472736","472735","0","473315","0","314436","346655","NA","0","NA","0","0","345655","473817","57907","NA","472735","LexicalDecision"
"No","868","1","2","Pseudo","3","1","1","m","/Users/florinecramer/Desktop/CCS 1/Methods in CCS/Methods_in_CCS","576","legacy","xpyriment","0.9383259911894273","m","868","0.84","hard","deven","1","105683","0","314437","314362","NA","NA","0","346658","314436","465404","473899","473898","0","474514","0","314436","346655","NA","0","NA","0","0","345655","475383","57907","NA","473898","LexicalDecision"
"No","667","1","2","Pseudo","3","1","1","m","/Users/florinecramer/Desktop/CCS 1/Methods in CCS/Methods_in_CCS","484","legacy","xpyriment","0.9385964912280702","m","667","0.84","hard","uismaal","1","105683","0","314437","314362","NA","NA","0","346658","314436","465404","475467","475466","0","475987","0","314436","346655","NA","0","NA","0","0","345655","476655","57907","NA","475465","LexicalDecision"
"No","665","1","2","LF","2","1","1","n","/Users/florinecramer/Desktop/CCS 1/Methods in CCS/Methods_in_CCS","491","legacy","xpyriment","0.9388646288209607","n","665","0.84","hard","darmpje","1","105683","0","314437","314362","NA","NA","0","346658","314436","465404","476738","476737","0","477263","0","314436","346655","NA","0","NA","0","0","345655","477929","57907","NA","476736","LexicalDecision"
"No","709","1","2","HF","1","1","1","n","/Users/florinecramer/Desktop/CCS 1/Methods in CCS/Methods_in_CCS","497","legacy","xpyriment","0.9391304347826087","n","709","0.84","easy","vormden","1","105683","0","314437","314362","NA","NA","0","346658","314436","465404","478013","478012","0","478546","0","314436","346655","NA","0","NA","0","0","345655","479256","57907","NA","478012","LexicalDecision"
"No","646","1","2","Pseudo","3","1","1","m","/Users/florinecramer/Desktop/CCS 1/Methods in CCS/Methods_in_CCS","440","legacy","xpyriment","0.9393939393939394","m","646","0.84","hard","heidt","1","105683","0","314437","314362","NA","NA","0","346658","314436","465404","479337","479336","0","479810","0","314436","346655","NA","0","NA","0","0","345655","480457","57907","NA","479336","LexicalDecision"
"No","658","1","2","Pseudo","3","1","1","m","/Users/florinecramer/Desktop/CCS 1/Methods in CCS/Methods_in_CCS","506","legacy","xpyriment","0.9396551724137931","m","658","0.84","hard","bedit","1","105683","0","314437","314362","NA","NA","0","346658","314436","465404","480540","480539","0","481085","0","314436","346655","NA","0","NA","0","0","345655","481744","57907","NA","480539","LexicalDecision"
"No","627","1","2","Pseudo","3","1","1","m","/Users/florinecramer/Desktop/CCS 1/Methods in CCS/Methods_in_CCS","553","legacy","xpyriment","0.9399141630901288","m","627","0.84","hard","geden","1","105683","0","314437","314362","NA","NA","0","346658","314436","465404","481828","481827","0","482418","0","314436","346655","NA","0","NA","0","0","345655","483046","57907","NA","481826","LexicalDecision"
"No","771","1","2","Pseudo","3","1","1","m","/Users/florinecramer/Desktop/CCS 1/Methods in CCS/Methods_in_CCS","399","legacy","xpyriment","0.9401709401709402","m","771","0.88","hard","sleun","1","105683","0","314437","314362","NA","NA","0","346658","314436","465404","483130","483129","0","483564","0","314436","346655","NA","0","NA","0","0","345655","484336","57907","NA","483128","LexicalDecision"
"No","648","1","2","Pseudo","3","1","1","m","/Users/florinecramer/Desktop/CCS 1/Methods in CCS/Methods_in_CCS","530","legacy","xpyriment","0.9404255319148936","m","648","0.88","hard","koffin","1","105683","0","314437","314362","NA","NA","0","346658","314436","465404","484420","484419","0","484990","0","314436","346655","NA","0","NA","0","0","345655","485639","57907","NA","484419","LexicalDecision"
"No","598","1","2","LF","2","1","1","n","/Users/florinecramer/Desktop/CCS 1/Methods in CCS/Methods_in_CCS","405","legacy","xpyriment","0.940677966101695","n","598","0.88","hard","slipjes","1","105683","0","314437","314362","NA","NA","0","346658","314436","465404","485721","485720","0","486159","0","314436","346655","NA","0","NA","0","0","345655","486758","57907","NA","485720","LexicalDecision"
"No","1282","1","2","Pseudo","3","1","1","m","/Users/florinecramer/Desktop/CCS 1/Methods in CCS/Methods_in_CCS","429","legacy","xpyriment","0.9409282700421941","m","1282","0.88","hard","blosde","1","105683","0","314437","314362","NA","NA","0","346658","314436","465404","486840","486839","0","487302","0","314436","346655","NA","0","NA","0","0","345655","488585","57907","NA","486839","LexicalDecision"
"No","1237","1","2","Pseudo","3","1","1","m","/Users/florinecramer/Desktop/CCS 1/Methods in CCS/Methods_in_CCS","582","legacy","xpyriment","0.9411764705882353","m","1237","0.88","hard","lapij","1","105683","0","314437","314362","NA","NA","0","346658","314436","465404","488668","488667","0","489286","0","314436","346655","NA","0","NA","0","0","345655","490524","57907","NA","488667","LexicalDecision"
"No","560","0","2","LF","2","0","0","n","/Users/florinecramer/Desktop/CCS 1/Methods in CCS/Methods_in_CCS","516","legacy","xpyriment","0.9372384937238494","m","560","0.84","hard","baseball","1","105683","0","314437","314362","NA","NA","0","346658","314436","491741","490607","490606","0","491161","0","314436","346655","NA","0","NA","0","0","345655","491722","57907","NA","490606","LexicalDecision"
"No","707","1","2","LF","2","1","1","n","/Users/florinecramer/Desktop/CCS 1/Methods in CCS/Methods_in_CCS","538","legacy","xpyriment","0.9375","n","707","0.88","hard","poepje","1","105683","0","314437","314362","NA","NA","0","346658","314436","491741","493858","493857","0","494428","0","314436","346655","NA","0","NA","0","0","345655","495136","57907","NA","493857","LexicalDecision"
"No","646","1","2","LF","2","1","1","n","/Users/florinecramer/Desktop/CCS 1/Methods in CCS/Methods_in_CCS","534","legacy","xpyriment","0.9377593360995851","n","646","0.88","hard","motto's","1","105683","0","314437","314362","NA","NA","0","346658","314436","491741","495219","495218","0","495788","0","314436","346655","NA","0","NA","0","0","345655","496435","57907","NA","495217","LexicalDecision"
"No","723","1","2","Pseudo","3","1","1","m","/Users/florinecramer/Desktop/CCS 1/Methods in CCS/Methods_in_CCS","493","legacy","xpyriment","0.9380165289256198","m","723","0.88","hard","osvat","1","105683","0","314437","314362","NA","NA","0","346658","314436","491741","496517","496516","0","497050","0","314436","346655","NA","0","NA","0","0","345655","497773","57907","NA","496516","LexicalDecision"
"No","663","1","2","Pseudo","3","1","1","m","/Users/florinecramer/Desktop/CCS 1/Methods in CCS/Methods_in_CCS","493","legacy","xpyriment","0.9382716049382716","m","663","0.88","hard","lierde","1","105683","0","314437","314362","NA","NA","0","346658","314436","491741","497856","497855","0","498388","0","314436","346655","NA","0","NA","0","0","345655","499052","57907","NA","497854","LexicalDecision"
"No","649","1","2","Pseudo","3","1","1","m","/Users/florinecramer/Desktop/CCS 1/Methods in CCS/Methods_in_CCS","525","legacy","xpyriment","0.9385245901639344","m","649","0.88","hard","eiden","1","105683","0","314437","314362","NA","NA","0","346658","314436","491741","499134","499133","0","499693","0","314436","346655","NA","0","NA","0","0","345655","500342","57907","NA","499133","LexicalDecision"
"No","601","1","2","Pseudo","3","1","1","m","/Users/florinecramer/Desktop/CCS 1/Methods in CCS/Methods_in_CCS","425","legacy","xpyriment","0.9387755102040817","m","601","0.92","hard","noeit","1","105683","0","314437","314362","NA","NA","0","346658","314436","491741","500424","500423","0","500886","0","314436","346655","NA","0","NA","0","0","345655","501487","57907","NA","500423","LexicalDecision"
"No","637","1","2","HF","1","1","1","n","/Users/florinecramer/Desktop/CCS 1/Methods in CCS/Methods_in_CCS","419","legacy","xpyriment","0.9390243902439024","n","637","0.96","easy","film","1","105683","0","314437","314362","NA","NA","0","346658","314436","491741","501569","501568","0","502021","0","314436","346655","NA","0","NA","0","0","345655","502658","57907","NA","501568","LexicalDecision"
"No","663","1","2","Pseudo","3","1","1","m","/Users/florinecramer/Desktop/CCS 1/Methods in CCS/Methods_in_CCS","460","legacy","xpyriment","0.9392712550607287","m","663","0.96","hard","slas","1","105683","0","314437","314362","NA","NA","0","346658","314436","491741","502742","502741","0","503238","0","314436","346655","NA","0","NA","0","0","345655","503901","57907","NA","502740","LexicalDecision"
"No","556","1","2","LF","2","1","1","n","/Users/florinecramer/Desktop/CCS 1/Methods in CCS/Methods_in_CCS","402","legacy","xpyriment","0.9395161290322581","n","556","0.96","hard","brugje","1","105683","0","314437","314362","NA","NA","0","346658","314436","491741","503983","503982","0","504421","0","314436","346655","NA","0","NA","0","0","345655","504977","57907","NA","503982","LexicalDecision"
"No","764","1","2","Pseudo","3","1","1","m","/Users/florinecramer/Desktop/CCS 1/Methods in CCS/Methods_in_CCS","502","legacy","xpyriment","0.9397590361445783","m","764","0.96","hard","stongen","1","105683","0","314437","314362","NA","NA","0","346658","314436","491741","505060","505059","0","505594","0","314436","346655","NA","0","NA","0","0","345655","506359","57907","NA","505058","LexicalDecision"
"No","642","1","2","Pseudo","3","1","1","m","/Users/florinecramer/Desktop/CCS 1/Methods in CCS/Methods_in_CCS","487","legacy","xpyriment","0.94","m","642","0.96","hard","gied","1","105683","0","314437","314362","NA","NA","0","346658","314436","491741","506443","506442","0","506965","0","314436","346655","NA","0","NA","0","0","345655","507608","57907","NA","506442","LexicalDecision"
"No","1049","1","2","Pseudo","3","1","1","m","/Users/florinecramer/Desktop/CCS 1/Methods in CCS/Methods_in_CCS","547","legacy","xpyriment","0.9402390438247012","m","1049","0.96","hard","aagst","1","105683","0","314437","314362","NA","NA","0","346658","314436","491741","507691","507690","0","508274","0","314436","346655","NA","0","NA","0","0","345655","509324","57907","NA","507690","LexicalDecision"
"No","479","0","2","LF","2","0","0","n","/Users/florinecramer/Desktop/CCS 1/Methods in CCS/Methods_in_CCS","480","legacy","xpyriment","0.9365079365079365","m","479","0.92","hard","vijl","1","105683","0","314437","314362","NA","NA","0","346658","314436","510426","509406","509405","0","509926","0","314436","346655","NA","0","NA","0","0","345655","510406","57907","NA","509405","LexicalDecision"
"No","819","1","2","Pseudo","3","1","1","m","/Users/florinecramer/Desktop/CCS 1/Methods in CCS/Methods_in_CCS","501","legacy","xpyriment","0.9367588932806324","m","819","0.92","hard","gelerd","1","105683","0","314437","314362","NA","NA","0","346658","314436","510426","512539","512538","0","513074","0","314436","346655","NA","0","NA","0","0","345655","513894","57907","NA","512538","LexicalDecision"
"No","571","1","2","LF","2","1","1","n","/Users/florinecramer/Desktop/CCS 1/Methods in CCS/Methods_in_CCS","525","legacy","xpyriment","0.937007874015748","n","571","0.92","hard","witloof","1","105683","0","314437","314362","NA","NA","0","346658","314436","510426","513976","513975","0","514535","0","314436","346655","NA","0","NA","0","0","345655","515107","57907","NA","513975","LexicalDecision"
"No","909","1","2","Random","4","1","1","m","/Users/florinecramer/Desktop/CCS 1/Methods in CCS/Methods_in_CCS","569","legacy","xpyriment","0.9372549019607843","m","909","0.92","easy","paslejs","1","105683","0","314437","314362","NA","NA","0","346658","314436","510426","515191","515190","0","515797","0","314436","346655","NA","0","NA","0","0","345655","516706","57907","NA","515189","LexicalDecision"
"No","1130","1","2","Pseudo","3","1","1","m","/Users/florinecramer/Desktop/CCS 1/Methods in CCS/Methods_in_CCS","500","legacy","xpyriment","0.9375","m","1130","0.92","hard","meendal","1","105683","0","314437","314362","NA","NA","0","346658","314436","510426","516790","516789","0","517323","0","314436","346655","NA","0","NA","0","0","345655","518454","57907","NA","516788","LexicalDecision"
"No","559","1","2","Pseudo","3","1","1","m","/Users/florinecramer/Desktop/CCS 1/Methods in CCS/Methods_in_CCS","401","legacy","xpyriment","0.9377431906614786","m","559","0.92","hard","kadir","1","105683","0","314437","314362","NA","NA","0","346658","314436","510426","518538","518537","0","518977","0","314436","346655","NA","0","NA","0","0","345655","519537","57907","NA","518536","LexicalDecision"
"No","676","1","2","Pseudo","3","1","1","m","/Users/florinecramer/Desktop/CCS 1/Methods in CCS/Methods_in_CCS","561","legacy","xpyriment","0.937984496124031","m","676","0.92","hard","trukt","1","105683","0","314437","314362","NA","NA","0","346658","314436","510426","519621","519620","0","520216","0","314436","346655","NA","0","NA","0","0","345655","520893","57907","NA","519620","LexicalDecision"
"No","559","1","2","Pseudo","3","1","1","m","/Users/florinecramer/Desktop/CCS 1/Methods in CCS/Methods_in_CCS","435","legacy","xpyriment","0.9382239382239382","m","559","0.92","hard","bopen","1","105683","0","314437","314362","NA","NA","0","346658","314436","510426","520976","520975","0","521448","0","314436","346655","NA","0","NA","0","0","345655","522008","57907","NA","520974","LexicalDecision"
"No","646","1","2","Pseudo","3","1","1","m","/Users/florinecramer/Desktop/CCS 1/Methods in CCS/Methods_in_CCS","441","legacy","xpyriment","0.9384615384615385","m","646","0.92","hard","prijgen","1","105683","0","314437","314362","NA","NA","0","346658","314436","510426","522092","522091","0","522567","0","314436","346655","NA","0","NA","0","0","345655","523214","57907","NA","522091","LexicalDecision"
"No","615","1","2","Random","4","1","1","m","/Users/florinecramer/Desktop/CCS 1/Methods in CCS/Methods_in_CCS","499","legacy","xpyriment","0.9386973180076629","m","615","0.92","easy","seorbt","1","105683","0","314437","314362","NA","NA","0","346658","314436","510426","523297","523296","0","523831","0","314436","346655","NA","0","NA","0","0","345655","524447","57907","NA","523295","LexicalDecision"
"No","670","0","2","LF","2","0","0","n","/Users/florinecramer/Desktop/CCS 1/Methods in CCS/Methods_in_CCS","513","legacy","xpyriment","0.9351145038167938","m","670","0.88","hard","krommen","1","105683","0","314437","314362","NA","NA","0","346658","314436","525770","524531","524530","0","525078","0","314436","346655","NA","0","NA","0","0","345655","525749","57907","NA","524530","LexicalDecision"
"No","594","1","2","HF","1","1","1","n","/Users/florinecramer/Desktop/CCS 1/Methods in CCS/Methods_in_CCS","519","legacy","xpyriment","0.935361216730038","n","594","0.88","easy","neem","1","105683","0","314437","314362","NA","NA","0","346658","314436","525770","527889","527888","0","528444","0","314436","346655","NA","0","NA","0","0","345655","529039","57907","NA","527888","LexicalDecision"
"No","618","1","2","Pseudo","3","1","1","m","/Users/florinecramer/Desktop/CCS 1/Methods in CCS/Methods_in_CCS","556","legacy","xpyriment","0.9356060606060606","m","618","0.92","hard","griwen","1","105683","0","314437","314362","NA","NA","0","346658","314436","525770","529121","529120","0","529713","0","314436","346655","NA","0","NA","0","0","345655","530332","57907","NA","529120","LexicalDecision"
"No","628","1","2","Pseudo","3","1","1","m","/Users/florinecramer/Desktop/CCS 1/Methods in CCS/Methods_in_CCS","543","legacy","xpyriment","0.9358490566037736","m","628","0.92","hard","kaastig","1","105683","0","314437","314362","NA","NA","0","346658","314436","525770","530414","530413","0","530994","0","314436","346655","NA","0","NA","0","0","345655","531623","57907","NA","530413","LexicalDecision"
"No","846","1","2","LF","2","1","1","n","/Users/florinecramer/Desktop/CCS 1/Methods in CCS/Methods_in_CCS","559","legacy","xpyriment","0.9360902255639098","n","846","0.92","hard","lassers","1","105683","0","314437","314362","NA","NA","0","346658","314436","525770","531705","531704","0","532299","0","314436","346655","NA","0","NA","0","0","345655","533146","57907","NA","531704","LexicalDecision"
"No","631","1","2","Pseudo","3","1","1","m","/Users/florinecramer/Desktop/CCS 1/Methods in CCS/Methods_in_CCS","494","legacy","xpyriment","0.9363295880149812","m","631","0.92","hard","brang","1","105683","0","314437","314362","NA","NA","0","346658","314436","525770","533229","533228","0","533760","0","314436","346655","NA","0","NA","0","0","345655","534392","57907","NA","533228","LexicalDecision"
"No","595","1","2","LF","2","1","1","n","/Users/florinecramer/Desktop/CCS 1/Methods in CCS/Methods_in_CCS","551","legacy","xpyriment","0.9365671641791045","n","595","0.92","hard","kroegjes","1","105683","0","314437","314362","NA","NA","0","346658","314436","525770","534475","534474","0","535059","0","314436","346655","NA","0","NA","0","0","345655","535655","57907","NA","534474","LexicalDecision"
"No","586","1","2","LF","2","1","1","n","/Users/florinecramer/Desktop/CCS 1/Methods in CCS/Methods_in_CCS","595","legacy","xpyriment","0.9368029739776952","n","586","0.92","hard","giraf","1","105683","0","314437","314362","NA","NA","0","346658","314436","525770","535736","535735","0","536366","0","314436","346655","NA","0","NA","0","0","345655","536953","57907","NA","535735","LexicalDecision"
"No","660","1","2","Pseudo","3","1","1","m","/Users/florinecramer/Desktop/CCS 1/Methods in CCS/Methods_in_CCS","418","legacy","xpyriment","0.937037037037037","m","660","0.92","hard","doorten","1","105683","0","314437","314362","NA","NA","0","346658","314436","525770","537035","537034","0","537486","0","314436","346655","NA","0","NA","0","0","345655","538147","57907","NA","537034","LexicalDecision"
"No","598","1","3","HF","1","1","1","n","/Users/florinecramer/Desktop/CCS 1/Methods in CCS/Methods_in_CCS","396","legacy","xpyriment","0.9372693726937269","n","598","0.92","easy","wonen","1","105683","0","538255","538179","NA","NA","0","553910","538254","525770","553965","553964","0","554401","0","538254","553907","NA","0","NA","0","0","553255","555000","57907","NA","553963","LexicalDecision"
"No","450","1","3","LF","2","1","1","n","/Users/florinecramer/Desktop/CCS 1/Methods in CCS/Methods_in_CCS","466","legacy","xpyriment","0.9375","n","450","0.92","hard","honkbal","1","105683","0","538255","538179","NA","NA","0","553910","538254","525770","555084","555083","0","555585","0","538254","553907","NA","0","NA","0","0","553255","556036","57907","NA","555083","LexicalDecision"
"No","955","1","3","Pseudo","3","1","1","m","/Users/florinecramer/Desktop/CCS 1/Methods in CCS/Methods_in_CCS","507","legacy","xpyriment","0.9377289377289377","m","955","0.92","hard","vliepen","1","105683","0","538255","538179","NA","NA","0","553910","538254","525770","556121","556120","0","556671","0","538254","553907","NA","0","NA","0","0","553255","557627","57907","NA","556119","LexicalDecision"
"No","651","1","3","Pseudo","3","1","1","m","/Users/florinecramer/Desktop/CCS 1/Methods in CCS/Methods_in_CCS","446","legacy","xpyriment","0.9379562043795621","m","651","0.92","hard","facht","1","105683","0","538255","538179","NA","NA","0","553910","538254","525770","557709","557708","0","558194","0","538254","553907","NA","0","NA","0","0","553255","558846","57907","NA","557708","LexicalDecision"
"No","627","1","3","LF","2","1","1","n","/Users/florinecramer/Desktop/CCS 1/Methods in CCS/Methods_in_CCS","533","legacy","xpyriment","0.9381818181818182","n","627","0.92","hard","watjes","1","105683","0","538255","538179","NA","NA","0","553910","538254","525770","558928","558927","0","559497","0","538254","553907","NA","0","NA","0","0","553255","560125","57907","NA","558927","LexicalDecision"
"No","786","0","3","LF","2","0","0","n","/Users/florinecramer/Desktop/CCS 1/Methods in CCS/Methods_in_CCS","431","legacy","xpyriment","0.9347826086956522","m","786","0.88","hard","kuisen","1","105683","0","538255","538179","NA","NA","0","553910","538254","561479","560207","560206","0","560671","0","538254","553907","NA","0","NA","0","0","553255","561458","57907","NA","560206","LexicalDecision"
"No","645","1","3","Pseudo","3","1","1","m","/Users/florinecramer/Desktop/CCS 1/Methods in CCS/Methods_in_CCS","575","legacy","xpyriment","0.9350180505415162","m","645","0.92","hard","hood","1","105683","0","538255","538179","NA","NA","0","553910","538254","561479","563597","563596","0","564204","0","538254","553907","NA","0","NA","0","0","553255","564850","57907","NA","563596","LexicalDecision"
"No","537","1","3","LF","2","1","1","n","/Users/florinecramer/Desktop/CCS 1/Methods in CCS/Methods_in_CCS","574","legacy","xpyriment","0.935251798561151","n","537","0.92","hard","vonkjes","1","105683","0","538255","538179","NA","NA","0","553910","538254","561479","564933","564932","0","565540","0","538254","553907","NA","0","NA","0","0","553255","566078","57907","NA","564932","LexicalDecision"
"No","445","1","3","HF","1","1","1","n","/Users/florinecramer/Desktop/CCS 1/Methods in CCS/Methods_in_CCS","554","legacy","xpyriment","0.9354838709677419","n","445","0.92","easy","zwaar","1","105683","0","538255","538179","NA","NA","0","553910","538254","561479","566160","566159","0","566752","0","538254","553907","NA","0","NA","0","0","553255","567198","57907","NA","566159","LexicalDecision"
"No","668","1","3","Pseudo","3","1","1","m","/Users/florinecramer/Desktop/CCS 1/Methods in CCS/Methods_in_CCS","411","legacy","xpyriment","0.9357142857142857","m","668","0.92","hard","bijbet","1","105683","0","538255","538179","NA","NA","0","553910","538254","561479","567281","567280","0","567730","0","538254","553907","NA","0","NA","0","0","553255","568399","57907","NA","567279","LexicalDecision"
"No","531","1","3","Pseudo","3","1","1","m","/Users/florinecramer/Desktop/CCS 1/Methods in CCS/Methods_in_CCS","535","legacy","xpyriment","0.9359430604982206","m","531","0.92","hard","bedoept","1","105683","0","538255","538179","NA","NA","0","553910","538254","561479","568481","568480","0","569051","0","538254","553907","NA","0","NA","0","0","553255","569583","57907","NA","568480","LexicalDecision"
"No","500","1","3","HF","1","1","1","n","/Users/florinecramer/Desktop/CCS 1/Methods in CCS/Methods_in_CCS","421","legacy","xpyriment","0.9361702127659575","n","500","0.92","easy","daaruit","1","105683","0","538255","538179","NA","NA","0","553910","538254","561479","569666","569665","0","570126","0","538254","553907","NA","0","NA","0","0","553255","570627","57907","NA","569665","LexicalDecision"
"No","663","1","3","LF","2","1","1","n","/Users/florinecramer/Desktop/CCS 1/Methods in CCS/Methods_in_CCS","442","legacy","xpyriment","0.9363957597173145","n","663","0.92","hard","delta's","1","105683","0","538255","538179","NA","NA","0","553910","538254","561479","570709","570708","0","571185","0","538254","553907","NA","0","NA","0","0","553255","571849","57907","NA","570708","LexicalDecision"
"No","600","1","3","HF","1","1","1","n","/Users/florinecramer/Desktop/CCS 1/Methods in CCS/Methods_in_CCS","465","legacy","xpyriment","0.9366197183098591","n","600","0.92","easy","zouden","1","105683","0","538255","538179","NA","NA","0","553910","538254","561479","571931","571930","0","572430","0","538254","553907","NA","0","NA","0","0","553255","573031","57907","NA","571930","LexicalDecision"
"No","551","1","3","Random","4","1","1","m","/Users/florinecramer/Desktop/CCS 1/Methods in CCS/Methods_in_CCS","455","legacy","xpyriment","0.9368421052631579","m","551","0.92","easy","eerjtlku","1","105683","0","538255","538179","NA","NA","0","553910","538254","561479","573114","573113","0","573601","0","538254","553907","NA","0","NA","0","0","553255","574153","57907","NA","573112","LexicalDecision"
"No","606","1","3","LF","2","1","1","n","/Users/florinecramer/Desktop/CCS 1/Methods in CCS/Methods_in_CCS","499","legacy","xpyriment","0.9370629370629371","n","606","0.92","hard","hoorntje","1","105683","0","538255","538179","NA","NA","0","553910","538254","561479","574235","574234","0","574769","0","538254","553907","NA","0","NA","0","0","553255","575376","57907","NA","574234","LexicalDecision"
"No","573","1","3","LF","2","1","1","n","/Users/florinecramer/Desktop/CCS 1/Methods in CCS/Methods_in_CCS","489","legacy","xpyriment","0.9372822299651568","n","573","0.96","hard","kapjes","1","105683","0","538255","538179","NA","NA","0","553910","538254","561479","575459","575458","0","575982","0","538254","553907","NA","0","NA","0","0","553255","576556","57907","NA","575458","LexicalDecision"
"No","549","1","3","LF","2","1","1","n","/Users/florinecramer/Desktop/CCS 1/Methods in CCS/Methods_in_CCS","410","legacy","xpyriment","0.9375","n","549","0.96","hard","leeuwtje","1","105683","0","538255","538179","NA","NA","0","553910","538254","561479","576638","576637","0","577087","0","538254","553907","NA","0","NA","0","0","553255","577637","57907","NA","576637","LexicalDecision"
"No","770","1","3","Pseudo","3","1","1","m","/Users/florinecramer/Desktop/CCS 1/Methods in CCS/Methods_in_CCS","475","legacy","xpyriment","0.9377162629757786","m","770","0.96","hard","hoemen","1","105683","0","538255","538179","NA","NA","0","553910","538254","561479","577719","577718","0","578229","0","538254","553907","NA","0","NA","0","0","553255","579000","57907","NA","577718","LexicalDecision"
"No","763","1","3","Pseudo","3","1","1","m","/Users/florinecramer/Desktop/CCS 1/Methods in CCS/Methods_in_CCS","575","legacy","xpyriment","0.9379310344827586","m","763","0.96","hard","hookt","1","105683","0","538255","538179","NA","NA","0","553910","538254","561479","579083","579082","0","579690","0","538254","553907","NA","0","NA","0","0","553255","580454","57907","NA","579082","LexicalDecision"
"No","508","1","3","HF","1","1","1","n","/Users/florinecramer/Desktop/CCS 1/Methods in CCS/Methods_in_CCS","491","legacy","xpyriment","0.9381443298969072","n","508","0.96","easy","lijn","1","105683","0","538255","538179","NA","NA","0","553910","538254","561479","580537","580536","0","581060","0","538254","553907","NA","0","NA","0","0","553255","581568","57907","NA","580535","LexicalDecision"
"No","652","1","3","Pseudo","3","1","1","m","/Users/florinecramer/Desktop/CCS 1/Methods in CCS/Methods_in_CCS","428","legacy","xpyriment","0.9383561643835616","m","652","0.96","hard","heging","1","105683","0","538255","538179","NA","NA","0","553910","538254","561479","581650","581649","0","582113","0","538254","553907","NA","0","NA","0","0","553255","582766","57907","NA","581649","LexicalDecision"
"No","652","1","3","LF","2","1","1","n","/Users/florinecramer/Desktop/CCS 1/Methods in CCS/Methods_in_CCS","591","legacy","xpyriment","0.9385665529010239","n","652","0.96","hard","hoofdzin","1","105683","0","538255","538179","NA","NA","0","553910","538254","561479","582848","582847","0","583475","0","538254","553907","NA","0","NA","0","0","553255","584128","57907","NA","582847","LexicalDecision"
"No","497","1","3","LF","2","1","1","n","/Users/florinecramer/Desktop/CCS 1/Methods in CCS/Methods_in_CCS","492","legacy","xpyriment","0.9387755102040817","n","497","0.96","hard","vruchtje","1","105683","0","538255","538179","NA","NA","0","553910","538254","561479","584211","584210","0","584743","0","538254","553907","NA","0","NA","0","0","553255","585241","57907","NA","584210","LexicalDecision"
"No","599","1","3","Pseudo","3","1","1","m","/Users/florinecramer/Desktop/CCS 1/Methods in CCS/Methods_in_CCS","505","legacy","xpyriment","0.9389830508474576","m","599","0.96","hard","fiete","1","105683","0","538255","538179","NA","NA","0","553910","538254","561479","585324","585323","0","585867","0","538254","553907","NA","0","NA","0","0","553255","586466","57907","NA","585322","LexicalDecision"
"No","510","1","3","LF","2","1","1","n","/Users/florinecramer/Desktop/CCS 1/Methods in CCS/Methods_in_CCS","586","legacy","xpyriment","0.9391891891891891","n","510","0.96","hard","tonijn","1","105683","0","538255","538179","NA","NA","0","553910","538254","561479","586548","586547","0","587168","0","538254","553907","NA","0","NA","0","0","553255","587678","57907","NA","586547","LexicalDecision"
"No","644","1","3","Pseudo","3","1","1","m","/Users/florinecramer/Desktop/CCS 1/Methods in CCS/Methods_in_CCS","497","legacy","xpyriment","0.9393939393939394","m","644","0.96","hard","bijpen","1","105683","0","538255","538179","NA","NA","0","553910","538254","561479","587763","587762","0","588297","0","538254","553907","NA","0","NA","0","0","553255","588942","57907","NA","587762","LexicalDecision"
"No","454","1","3","LF","2","1","1","n","/Users/florinecramer/Desktop/CCS 1/Methods in CCS/Methods_in_CCS","447","legacy","xpyriment","0.9395973154362416","n","454","0.96","hard","sausjes","1","105683","0","538255","538179","NA","NA","0","553910","538254","561479","589025","589024","0","589508","0","538254","553907","NA","0","NA","0","0","553255","589963","57907","NA","589024","LexicalDecision"
"No","640","1","3","Pseudo","3","1","1","m","/Users/florinecramer/Desktop/CCS 1/Methods in CCS/Methods_in_CCS","460","legacy","xpyriment","0.939799331103679","m","640","0.96","hard","verblier","1","105683","0","538255","538179","NA","NA","0","553910","538254","561479","590048","590047","0","590548","0","538254","553907","NA","0","NA","0","0","553255","591189","57907","NA","590046","LexicalDecision"
"No","502","1","3","Pseudo","3","1","1","m","/Users/florinecramer/Desktop/CCS 1/Methods in CCS/Methods_in_CCS","458","legacy","xpyriment","0.94","m","502","0.96","hard","naus","1","105683","0","538255","538179","NA","NA","0","553910","538254","561479","591272","591271","0","591770","0","538254","553907","NA","0","NA","0","0","553255","592273","57907","NA","591271","LexicalDecision"
"No","505","1","3","LF","2","1","1","n","/Users/florinecramer/Desktop/CCS 1/Methods in CCS/Methods_in_CCS","572","legacy","xpyriment","0.9401993355481728","n","505","1.0","hard","zebra's","1","105683","0","538255","538179","NA","NA","0","553910","538254","561479","592356","592355","0","592964","0","538254","553907","NA","0","NA","0","0","553255","593470","57907","NA","592354","LexicalDecision"
"No","502","1","3","Pseudo","3","1","1","m","/Users/florinecramer/Desktop/CCS 1/Methods in CCS/Methods_in_CCS","499","legacy","xpyriment","0.9403973509933775","m","502","1.0","hard","vernast","1","105683","0","538255","538179","NA","NA","0","553910","538254","561479","593554","593553","0","594089","0","538254","553907","NA","0","NA","0","0","553255","594592","57907","NA","593553","LexicalDecision"
"No","620","1","3","LF","2","1","1","n","/Users/florinecramer/Desktop/CCS 1/Methods in CCS/Methods_in_CCS","500","legacy","xpyriment","0.9405940594059405","n","620","1.0","hard","frames","1","105683","0","538255","538179","NA","NA","0","553910","538254","561479","594676","594675","0","595210","0","538254","553907","NA","0","NA","0","0","553255","595831","57907","NA","594674","LexicalDecision"
"No","747","1","3","LF","2","1","1","n","/Users/florinecramer/Desktop/CCS 1/Methods in CCS/Methods_in_CCS","462","legacy","xpyriment","0.9407894736842105","n","747","1.0","hard","vikings","1","105683","0","538255","538179","NA","NA","0","553910","538254","561479","595915","595914","0","596413","0","538254","553907","NA","0","NA","0","0","553255","597161","57907","NA","595914","LexicalDecision"
"No","549","1","3","LF","2","1","1","n","/Users/florinecramer/Desktop/CCS 1/Methods in CCS/Methods_in_CCS","497","legacy","xpyriment","0.940983606557377","n","549","1.0","hard","mixers","1","105683","0","538255","538179","NA","NA","0","553910","538254","561479","597244","597243","0","597778","0","538254","553907","NA","0","NA","0","0","553255","598328","57907","NA","597243","LexicalDecision"
"No","529","1","3","LF","2","1","1","n","/Users/florinecramer/Desktop/CCS 1/Methods in CCS/Methods_in_CCS","433","legacy","xpyriment","0.9411764705882353","n","529","1.0","hard","sandaal","1","105683","0","538255","538179","NA","NA","0","553910","538254","561479","598413","598412","0","598884","0","538254","553907","NA","0","NA","0","0","553255","599414","57907","NA","598411","LexicalDecision"
"No","537","1","3","LF","2","1","1","n","/Users/florinecramer/Desktop/CCS 1/Methods in CCS/Methods_in_CCS","409","legacy","xpyriment","0.9413680781758957","n","537","1.0","hard","stages","1","105683","0","538255","538179","NA","NA","0","553910","538254","561479","599497","599496","0","599944","0","538254","553907","NA","0","NA","0","0","553255","600482","57907","NA","599496","LexicalDecision"
"No","745","1","3","Pseudo","3","1","1","m","/Users/florinecramer/Desktop/CCS 1/Methods in CCS/Methods_in_CCS","443","legacy","xpyriment","0.9415584415584416","m","745","1.0","hard","daarman","1","105683","0","538255","538179","NA","NA","0","553910","538254","561479","600564","600563","0","601040","0","538254","553907","NA","0","NA","0","0","553255","601786","57907","NA","600563","LexicalDecision"
"No","539","1","3","Pseudo","3","1","1","m","/Users/florinecramer/Desktop/CCS 1/Methods in CCS/Methods_in_CCS","512","legacy","xpyriment","0.941747572815534","m","539","1.0","hard","tolgen","1","105683","0","538255","538179","NA","NA","0","553910","538254","561479","601869","601868","0","602415","0","538254","553907","NA","0","NA","0","0","553255","602955","57907","NA","601867","LexicalDecision"
"No","475","1","3","Pseudo","3","1","1","m","/Users/florinecramer/Desktop/CCS 1/Methods in CCS/Methods_in_CCS","445","legacy","xpyriment","0.9419354838709677","m","475","1.0","hard","draamt","1","105683","0","538255","538179","NA","NA","0","553910","538254","561479","603039","603038","0","603524","0","538254","553907","NA","0","NA","0","0","553255","604000","57907","NA","603038","LexicalDecision"
"No","485","1","3","Pseudo","3","1","1","m","/Users/florinecramer/Desktop/CCS 1/Methods in CCS/Methods_in_CCS","450","legacy","xpyriment","0.9421221864951769","m","485","1.0","hard","bereel","1","105683","0","538255","538179","NA","NA","0","553910","538254","561479","604083","604082","0","604568","0","538254","553907","NA","0","NA","0","0","553255","605054","57907","NA","604081","LexicalDecision"
"No","650","1","3","LF","2","1","1","n","/Users/florinecramer/Desktop/CCS 1/Methods in CCS/Methods_in_CCS","584","legacy","xpyriment","0.9423076923076923","n","650","1.0","hard","frietje","1","105683","0","538255","538179","NA","NA","0","553910","538254","561479","605139","605138","0","605757","0","538254","553907","NA","0","NA","0","0","553255","606408","57907","NA","605137","LexicalDecision"
"No","548","1","3","LF","2","1","1","n","/Users/florinecramer/Desktop/CCS 1/Methods in CCS/Methods_in_CCS","421","legacy","xpyriment","0.9424920127795527","n","548","1.0","hard","dutjes","1","105683","0","538255","538179","NA","NA","0","553910","538254","561479","606490","606489","0","606949","0","538254","553907","NA","0","NA","0","0","553255","607498","57907","NA","606489","LexicalDecision"
"No","630","1","3","Pseudo","3","1","1","m","/Users/florinecramer/Desktop/CCS 1/Methods in CCS/Methods_in_CCS","396","legacy","xpyriment","0.9426751592356688","m","630","1.0","hard","prekken","1","105683","0","538255","538179","NA","NA","0","553910","538254","561479","607580","607579","0","608015","0","538254","553907","NA","0","NA","0","0","553255","608646","57907","NA","607579","LexicalDecision"
"No","503","1","3","Pseudo","3","1","1","m","/Users/florinecramer/Desktop/CCS 1/Methods in CCS/Methods_in_CCS","411","legacy","xpyriment","0.9428571428571428","m","503","1.0","hard","doeder","1","105683","0","538255","538179","NA","NA","0","553910","538254","561479","608728","608727","0","609177","0","538254","553907","NA","0","NA","0","0","553255","609681","57907","NA","608727","LexicalDecision"
"No","590","1","3","Pseudo","3","1","1","m","/Users/florinecramer/Desktop/CCS 1/Methods in CCS/Methods_in_CCS","426","legacy","xpyriment","0.9430379746835443","m","590","1.0","hard","gien","1","105683","0","538255","538179","NA","NA","0","553910","538254","561479","609764","609763","0","610225","0","538254","553907","NA","0","NA","0","0","553255","610816","57907","NA","609762","LexicalDecision"
"No","552","1","3","HF","1","1","1","n","/Users/florinecramer/Desktop/CCS 1/Methods in CCS/Methods_in_CCS","509","legacy","xpyriment","0.943217665615142","n","552","1.0","easy","kreeg","1","105683","0","538255","538179","NA","NA","0","553910","538254","561479","610898","610897","0","611444","0","538254","553907","NA","0","NA","0","0","553255","611997","57907","NA","610897","LexicalDecision"
"No","769","1","3","Pseudo","3","1","1","m","/Users/florinecramer/Desktop/CCS 1/Methods in CCS/Methods_in_CCS","434","legacy","xpyriment","0.9433962264150944","m","769","1.0","hard","zwee","1","105683","0","538255","538179","NA","NA","0","553910","538254","561479","612079","612078","0","612550","0","538254","553907","NA","0","NA","0","0","553255","613320","57907","NA","612078","LexicalDecision"
"No","510","1","3","LF","2","1","1","n","/Users/florinecramer/Desktop/CCS 1/Methods in CCS/Methods_in_CCS","492","legacy","xpyriment","0.9435736677115988","n","510","1.0","hard","klaproos","1","105683","0","538255","538179","NA","NA","0","553910","538254","561479","613403","613402","0","613934","0","538254","553907","NA","0","NA","0","0","553255","614445","57907","NA","613402","LexicalDecision"
"No","617","1","3","LF","2","1","1","n","/Users/florinecramer/Desktop/CCS 1/Methods in CCS/Methods_in_CCS","448","legacy","xpyriment","0.94375","n","617","1.0","hard","popcorn","1","105683","0","538255","538179","NA","NA","0","553910","538254","561479","614527","614526","0","615011","0","538254","553907","NA","0","NA","0","0","553255","615629","57907","NA","614526","LexicalDecision"
"No","510","1","3","LF","2","1","1","n","/Users/florinecramer/Desktop/CCS 1/Methods in CCS/Methods_in_CCS","531","legacy","xpyriment","0.9439252336448598","n","510","1.0","hard","treintje","1","105683","0","538255","538179","NA","NA","0","553910","538254","561479","615711","615710","0","616279","0","538254","553907","NA","0","NA","0","0","553255","616790","57907","NA","615710","LexicalDecision"
"No","477","1","3","LF","2","1","1","n","/Users/florinecramer/Desktop/CCS 1/Methods in CCS/Methods_in_CCS","527","legacy","xpyriment","0.9440993788819876","n","477","1.0","hard","panty's","1","105683","0","538255","538179","NA","NA","0","553910","538254","561479","616873","616872","0","617433","0","538254","553907","NA","0","NA","0","0","553255","617911","57907","NA","616872","LexicalDecision"
"No","572","1","3","Pseudo","3","1","1","m","/Users/florinecramer/Desktop/CCS 1/Methods in CCS/Methods_in_CCS","497","legacy","xpyriment","0.9442724458204335","m","572","1.0","hard","breive","1","105683","0","538255","538179","NA","NA","0","553910","538254","561479","617993","617992","0","618525","0","538254","553907","NA","0","NA","0","0","553255","619098","57907","NA","617992","LexicalDecision"
"No","599","1","3","Random","4","1","1","m","/Users/florinecramer/Desktop/CCS 1/Methods in CCS/Methods_in_CCS","401","legacy","xpyriment","0.9444444444444444","m","599","1.0","easy","isjtenwj","1","105683","0","538255","538179","NA","NA","0","553910","538254","561479","619183","619182","0","619620","0","538254","553907","NA","0","NA","0","0","553255","620220","57907","NA","619182","LexicalDecision"
"No","547","1","3","LF","2","1","1","n","/Users/florinecramer/Desktop/CCS 1/Methods in CCS/Methods_in_CCS","403","legacy","xpyriment","0.9446153846153846","n","547","1.0","hard","cartoon","1","105683","0","538255","538179","NA","NA","0","553910","538254","561479","620304","620303","0","620741","0","538254","553907","NA","0","NA","0","0","553255","621289","57907","NA","620303","LexicalDecision"
"No","681","1","3","LF","2","1","1","n","/Users/florinecramer/Desktop/CCS 1/Methods in CCS/Methods_in_CCS","587","legacy","xpyriment","0.9447852760736196","n","681","1.0","hard","jargons","1","105683","0","538255","538179","NA","NA","0","553910","538254","561479","621372","621371","0","621994","0","538254","553907","NA","0","NA","0","0","553255","622676","57907","NA","621370","LexicalDecision"
"No","680","1","3","Pseudo","3","1","1","m","/Users/florinecramer/Desktop/CCS 1/Methods in CCS/Methods_in_CCS","538","legacy","xpyriment","0.944954128440367","m","680","1.0","hard","puiver","1","105683","0","538255","538179","NA","NA","0","553910","538254","561479","622759","622758","0","623331","0","538254","553907","NA","0","NA","0","0","553255","624012","57907","NA","622758","LexicalDecision"
"No","575","1","3","LF","2","1","1","n","/Users/florinecramer/Desktop/CCS 1/Methods in CCS/Methods_in_CCS","418","legacy","xpyriment","0.9451219512195121","n","575","1.0","hard","wasbeer","1","105683","0","538255","538179","NA","NA","0","553910","538254","561479","624096","624095","0","624547","0","538254","553907","NA","0","NA","0","0","553255","625123","57907","NA","624094","LexicalDecision"
"No","550","1","3","Pseudo","3","1","1","m","/Users/florinecramer/Desktop/CCS 1/Methods in CCS/Methods_in_CCS","468","legacy","xpyriment","0.9452887537993921","m","550","1.0","hard","meikt","1","105683","0","538255","538179","NA","NA","0","553910","538254","561479","625206","625205","0","625711","0","538254","553907","NA","0","NA","0","0","553255","626262","57907","NA","625204","LexicalDecision"
"No","666","1","3","LF","2","1","1","n","/Users/florinecramer/Desktop/CCS 1/Methods in CCS/Methods_in_CCS","455","legacy","xpyriment","0.9454545454545454","n","666","1.0","hard","hangers","1","105683","0","538255","538179","NA","NA","0","553910","538254","561479","626344","626343","0","626832","0","538254","553907","NA","0","NA","0","0","553255","627499","57907","NA","626343","LexicalDecision"
"No","569","1","3","HF","1","1","1","n","/Users/florinecramer/Desktop/CCS 1/Methods in CCS/Methods_in_CCS","553","legacy","xpyriment","0.945619335347432","n","569","1.0","easy","vrouwen","1","105683","0","538255","538179","NA","NA","0","553910","538254","561479","627582","627581","0","628174","0","538254","553907","NA","0","NA","0","0","553255","628744","57907","NA","627581","LexicalDecision"
"No","648","1","3","Pseudo","3","1","1","m","/Users/florinecramer/Desktop/CCS 1/Methods in CCS/Methods_in_CCS","580","legacy","xpyriment","0.9457831325301205","m","648","1.0","hard","blacht","1","105683","0","538255","538179","NA","NA","0","553910","538254","561479","628826","628825","0","629443","0","538254","553907","NA","0","NA","0","0","553255","630092","57907","NA","628825","LexicalDecision"
"No","541","1","3","HF","1","1","1","n","/Users/florinecramer/Desktop/CCS 1/Methods in CCS/Methods_in_CCS","412","legacy","xpyriment","0.9459459459459459","n","541","1.0","easy","juni","1","105683","0","538255","538179","NA","NA","0","553910","538254","561479","630177","630175","0","630625","0","538254","553907","NA","0","NA","0","0","553255","631167","57907","NA","630175","LexicalDecision"
"No","503","1","3","Random","4","1","1","m","/Users/florinecramer/Desktop/CCS 1/Methods in CCS/Methods_in_CCS","493","legacy","xpyriment","0.9461077844311377","m","503","1.0","easy","ltesoj","1","105683","0","538255","538179","NA","NA","0","553910","538254","561479","631249","631248","0","631782","0","538254","553907","NA","0","NA","0","0","553255","632286","57907","NA","631248","LexicalDecision"
"No","773","1","3","LF","2","1","1","n","/Users/florinecramer/Desktop/CCS 1/Methods in CCS/Methods_in_CCS","466","legacy","xpyriment","0.9462686567164179","n","773","1.0","hard","naampjes","1","105683","0","538255","538179","NA","NA","0","553910","538254","561479","632368","632367","0","632867","0","538254","553907","NA","0","NA","0","0","553255","633641","57907","NA","632366","LexicalDecision"
"No","559","0","3","LF","2","0","0","n","/Users/florinecramer/Desktop/CCS 1/Methods in CCS/Methods_in_CCS","504","legacy","xpyriment","0.9434523809523809","m","559","0.96","hard","serpent","1","105683","0","538255","538179","NA","NA","0","553910","538254","634849","633724","633723","0","634269","0","538254","553907","NA","0","NA","0","0","553255","634829","57907","NA","633723","LexicalDecision"
"No","1094","1","3","LF","2","1","1","n","/Users/florinecramer/Desktop/CCS 1/Methods in CCS/Methods_in_CCS","508","legacy","xpyriment","0.9436201780415431","n","1094","0.96","hard","slede","1","105683","0","538255","538179","NA","NA","0","553910","538254","634849","636967","636966","0","637511","0","538254","553907","NA","0","NA","0","0","553255","638606","57907","NA","636965","LexicalDecision"
"No","654","1","3","Pseudo","3","1","1","m","/Users/florinecramer/Desktop/CCS 1/Methods in CCS/Methods_in_CCS","566","legacy","xpyriment","0.9437869822485208","m","654","0.96","hard","kied","1","105683","0","538255","538179","NA","NA","0","553910","538254","634849","638689","638688","0","639292","0","538254","553907","NA","0","NA","0","0","553255","639947","57907","NA","638688","LexicalDecision"
"No","818","1","3","Pseudo","3","1","1","m","/Users/florinecramer/Desktop/CCS 1/Methods in CCS/Methods_in_CCS","534","legacy","xpyriment","0.943952802359882","m","818","0.96","hard","jullen","1","105683","0","538255","538179","NA","NA","0","553910","538254","634849","640030","640029","0","640599","0","538254","553907","NA","0","NA","0","0","553255","641418","57907","NA","640028","LexicalDecision"
"No","795","1","3","HF","1","1","1","n","/Users/florinecramer/Desktop/CCS 1/Methods in CCS/Methods_in_CCS","505","legacy","xpyriment","0.9441176470588235","n","795","0.96","easy","schoenen","1","105683","0","538255","538179","NA","NA","0","553910","538254","634849","641501","641500","0","642046","0","538254","553907","NA","0","NA","0","0","553255","642842","57907","NA","641500","LexicalDecision"
"No","1485","1","3","Pseudo","3","1","1","m","/Users/florinecramer/Desktop/CCS 1/Methods in CCS/Methods_in_CCS","409","legacy","xpyriment","0.9442815249266863","m","1485","0.96","hard","kezens","1","105683","0","538255","538179","NA","NA","0","553910","538254","634849","642925","642924","0","643373","0","538254","553907","NA","0","NA","0","0","553255","644859","57907","NA","642924","LexicalDecision"
"No","506","1","3","HF","1","1","1","n","/Users/florinecramer/Desktop/CCS 1/Methods in CCS/Methods_in_CCS","502","legacy","xpyriment","0.9444444444444444","n","506","0.96","easy","derde","1","105683","0","538255","538179","NA","NA","0","553910","538254","634849","644942","644941","0","645477","0","538254","553907","NA","0","NA","0","0","553255","645984","57907","NA","644940","LexicalDecision"
"No","898","1","3","Pseudo","3","1","1","m","/Users/florinecramer/Desktop/CCS 1/Methods in CCS/Methods_in_CCS","560","legacy","xpyriment","0.9446064139941691","m","898","0.96","hard","schein","1","105683","0","538255","538179","NA","NA","0","553910","538254","634849","646067","646066","0","646661","0","538254","553907","NA","0","NA","0","0","553255","647560","57907","NA","646066","LexicalDecision"
"No","449","1","3","LF","2","1","1","n","/Users/florinecramer/Desktop/CCS 1/Methods in CCS/Methods_in_CCS","556","legacy","xpyriment","0.9447674418604651","n","449","0.96","hard","tractors","1","105683","0","538255","538179","NA","NA","0","553910","538254","634849","647643","647642","0","648236","0","538254","553907","NA","0","NA","0","0","553255","648686","57907","NA","647641","LexicalDecision"
"No","613","1","3","HF","1","1","1","n","/Users/florinecramer/Desktop/CCS 1/Methods in CCS/Methods_in_CCS","435","legacy","xpyriment","0.9449275362318841","n","613","0.96","easy","kleren","1","105683","0","538255","538179","NA","NA","0","553910","538254","634849","648770","648769","0","649241","0","538254","553907","NA","0","NA","0","0","553255","649855","57907","NA","648768","LexicalDecision"
"No","590","1","3","LF","2","1","1","n","/Users/florinecramer/Desktop/CCS 1/Methods in CCS/Methods_in_CCS","396","legacy","xpyriment","0.9450867052023122","n","590","0.96","hard","scooters","1","105683","0","538255","538179","NA","NA","0","553910","538254","634849","649937","649936","0","650371","0","538254","553907","NA","0","NA","0","0","553255","650962","57907","NA","649936","LexicalDecision"
"No","719","1","3","Pseudo","3","1","1","m","/Users/florinecramer/Desktop/CCS 1/Methods in CCS/Methods_in_CCS","544","legacy","xpyriment","0.9452449567723343","m","719","0.96","hard","hiek","1","105683","0","538255","538179","NA","NA","0","553910","538254","634849","651046","651045","0","651627","0","538254","553907","NA","0","NA","0","0","553255","652347","57907","NA","651045","LexicalDecision"
"No","737","1","3","Pseudo","3","1","1","m","/Users/florinecramer/Desktop/CCS 1/Methods in CCS/Methods_in_CCS","434","legacy","xpyriment","0.9454022988505747","m","737","0.96","hard","kold","1","105683","0","538255","538179","NA","NA","0","553910","538254","634849","652430","652429","0","652901","0","538254","553907","NA","0","NA","0","0","553255","653639","57907","NA","652429","LexicalDecision"
"No","475","1","3","LF","2","1","1","n","/Users/florinecramer/Desktop/CCS 1/Methods in CCS/Methods_in_CCS","499","legacy","xpyriment","0.9455587392550143","n","475","0.96","hard","buikjes","1","105683","0","538255","538179","NA","NA","0","553910","538254","634849","653723","653722","0","654257","0","538254","553907","NA","0","NA","0","0","553255","654733","57907","NA","653722","LexicalDecision"
"No","489","1","3","LF","2","1","1","n","/Users/florinecramer/Desktop/CCS 1/Methods in CCS/Methods_in_CCS","511","legacy","xpyriment","0.9457142857142857","n","489","0.96","hard","intro","1","105683","0","538255","538179","NA","NA","0","553910","538254","634849","654816","654815","0","655362","0","538254","553907","NA","0","NA","0","0","553255","655852","57907","NA","654815","LexicalDecision"
"No","608","1","3","LF","2","1","1","n","/Users/florinecramer/Desktop/CCS 1/Methods in CCS/Methods_in_CCS","401","legacy","xpyriment","0.9458689458689459","n","608","0.96","hard","stinker","1","105683","0","538255","538179","NA","NA","0","553910","538254","634849","655934","655933","0","656371","0","538254","553907","NA","0","NA","0","0","553255","656980","57907","NA","655933","LexicalDecision"
"No","683","1","3","Pseudo","3","1","1","m","/Users/florinecramer/Desktop/CCS 1/Methods in CCS/Methods_in_CCS","527","legacy","xpyriment","0.9460227272727273","m","683","0.96","hard","stenk","1","105683","0","538255","538179","NA","NA","0","553910","538254","634849","657062","657061","0","657622","0","538254","553907","NA","0","NA","0","0","553255","658306","57907","NA","657061","LexicalDecision"
"No","977","1","3","LF","2","1","1","n","/Users/florinecramer/Desktop/CCS 1/Methods in CCS/Methods_in_CCS","523","legacy","xpyriment","0.9461756373937678","n","977","0.96","hard","vliesjes","1","105683","0","538255","538179","NA","NA","0","553910","538254","634849","658389","658387","0","658946","0","538254","553907","NA","0","NA","0","0","553255","659924","57907","NA","658387","LexicalDecision"
"No","630","1","3","LF","2","1","1","n","/Users/florinecramer/Desktop/CCS 1/Methods in CCS/Methods_in_CCS","584","legacy","xpyriment","0.9463276836158192","n","630","0.96","hard","galgen","1","105683","0","538255","538179","NA","NA","0","553910","538254","634849","660009","660008","0","660627","0","538254","553907","NA","0","NA","0","0","553255","661258","57907","NA","660007","LexicalDecision"
"No","879","1","3","Pseudo","3","1","1","m","/Users/florinecramer/Desktop/CCS 1/Methods in CCS/Methods_in_CCS","421","legacy","xpyriment","0.9464788732394366","m","879","0.96","hard","melst","1","105683","0","538255","538179","NA","NA","0","553910","538254","634849","661342","661341","0","661801","0","538254","553907","NA","0","NA","0","0","553255","662681","57907","NA","661340","LexicalDecision"
"No","903","1","3","Pseudo","3","1","1","m","/Users/florinecramer/Desktop/CCS 1/Methods in CCS/Methods_in_CCS","490","legacy","xpyriment","0.9466292134831461","m","903","0.96","hard","lindt","1","105683","0","538255","538179","NA","NA","0","553910","538254","634849","662764","662763","0","663287","0","538254","553907","NA","0","NA","0","0","553255","664191","57907","NA","662762","LexicalDecision"
"No","871","1","3","LF","2","1","1","n","/Users/florinecramer/Desktop/CCS 1/Methods in CCS/Methods_in_CCS","454","legacy","xpyriment","0.9467787114845938","n","871","0.96","hard","twijgjes","1","105683","0","538255","538179","NA","NA","0","553910","538254","634849","664273","664272","0","664761","0","538254","553907","NA","0","NA","0","0","553255","665633","57907","NA","664272","LexicalDecision"
"No","1073","1","3","Pseudo","3","1","1","m","/Users/florinecramer/Desktop/CCS 1/Methods in CCS/Methods_in_CCS","572","legacy","xpyriment","0.946927374301676","m","1073","0.96","hard","sturken","1","105683","0","538255","538179","NA","NA","0","553910","538254","634849","665716","665715","0","666322","0","538254","553907","NA","0","NA","0","0","553255","667396","57907","NA","665715","LexicalDecision"
"No","516","1","3","LF","2","1","1","n","/Users/florinecramer/Desktop/CCS 1/Methods in CCS/Methods_in_CCS","442","legacy","xpyriment","0.947075208913649","n","516","0.96","hard","lunches","1","105683","0","538255","538179","NA","NA","0","553910","538254","634849","667479","667478","0","667954","0","538254","553907","NA","0","NA","0","0","553255","668471","57907","NA","667478","LexicalDecision"
"No","876","1","3","Pseudo","3","1","1","m","/Users/florinecramer/Desktop/CCS 1/Methods in CCS/Methods_in_CCS","538","legacy","xpyriment","0.9472222222222222","m","876","0.96","hard","derken","1","105683","0","538255","538179","NA","NA","0","553910","538254","634849","668555","668554","0","669126","0","538254","553907","NA","0","NA","0","0","553255","670003","57907","NA","668553","LexicalDecision"
"No","495","1","3","LF","2","1","1","n","/Users/florinecramer/Desktop/CCS 1/Methods in CCS/Methods_in_CCS","587","legacy","xpyriment","0.9473684210526315","n","495","1.0","hard","tandje","1","105683","0","538255","538179","NA","NA","0","553910","538254","634849","670086","670085","0","670705","0","538254","553907","NA","0","NA","0","0","553255","671201","57907","NA","670085","LexicalDecision"
"No","875","1","3","Pseudo","3","1","1","m","/Users/florinecramer/Desktop/CCS 1/Methods in CCS/Methods_in_CCS","396","legacy","xpyriment","0.9475138121546961","m","875","1.0","hard","hoende","1","105683","0","538255","538179","NA","NA","0","553910","538254","634849","671283","671282","0","671718","0","538254","553907","NA","0","NA","0","0","553255","672594","57907","NA","671282","LexicalDecision"
"No","548","1","3","LF","2","1","1","n","/Users/florinecramer/Desktop/CCS 1/Methods in CCS/Methods_in_CCS","406","legacy","xpyriment","0.9476584022038568","n","548","1.0","hard","bizons","1","105683","0","538255","538179","NA","NA","0","553910","538254","634849","672676","672675","0","673115","0","538254","553907","NA","0","NA","0","0","553255","673664","57907","NA","672675","LexicalDecision"
"No","619","1","3","Pseudo","3","1","1","m","/Users/florinecramer/Desktop/CCS 1/Methods in CCS/Methods_in_CCS","436","legacy","xpyriment","0.9478021978021978","m","619","1.0","hard","scheben","1","105683","0","538255","538179","NA","NA","0","553910","538254","634849","673749","673748","0","674221","0","538254","553907","NA","0","NA","0","0","553255","674841","57907","NA","673748","LexicalDecision"
"No","457","1","3","LF","2","1","1","n","/Users/florinecramer/Desktop/CCS 1/Methods in CCS/Methods_in_CCS","509","legacy","xpyriment","0.947945205479452","n","457","1.0","hard","glijbaan","1","105683","0","538255","538179","NA","NA","0","553910","538254","634849","674924","674923","0","675468","0","538254","553907","NA","0","NA","0","0","553255","675926","57907","NA","674922","LexicalDecision"
"No","584","1","3","Pseudo","3","1","1","m","/Users/florinecramer/Desktop/CCS 1/Methods in CCS/Methods_in_CCS","582","legacy","xpyriment","0.9480874316939891","m","584","1.0","hard","took","1","105683","0","538255","538179","NA","NA","0","553910","538254","634849","676009","676008","0","676626","0","538254","553907","NA","0","NA","0","0","553255","677211","57907","NA","676007","LexicalDecision"
"No","612","1","3","Random","4","1","1","m","/Users/florinecramer/Desktop/CCS 1/Methods in CCS/Methods_in_CCS","448","legacy","xpyriment","0.9482288828337875","m","612","1.0","easy","sekjne","1","105683","0","538255","538179","NA","NA","0","553910","538254","634849","677295","677294","0","677779","0","538254","553907","NA","0","NA","0","0","553255","678392","57907","NA","677293","LexicalDecision"
"No","619","1","3","Pseudo","3","1","1","m","/Users/florinecramer/Desktop/CCS 1/Methods in CCS/Methods_in_CCS","498","legacy","xpyriment","0.9483695652173914","m","619","1.0","hard","stelds","1","105683","0","538255","538179","NA","NA","0","553910","538254","634849","678473","678472","0","679006","0","538254","553907","NA","0","NA","0","0","553255","679626","57907","NA","678472","LexicalDecision"
"No","567","1","3","HF","1","1","1","n","/Users/florinecramer/Desktop/CCS 1/Methods in CCS/Methods_in_CCS","508","legacy","xpyriment","0.948509485094851","n","567","1.0","easy","meter","1","105683","0","538255","538179","NA","NA","0","553910","538254","634849","679710","679709","0","680254","0","538254","553907","NA","0","NA","0","0","553255","680822","57907","NA","679709","LexicalDecision"
"No","518","1","3","LF","2","1","1","n","/Users/florinecramer/Desktop/CCS 1/Methods in CCS/Methods_in_CCS","501","legacy","xpyriment","0.9486486486486486","n","518","1.0","hard","weekjes","1","105683","0","538255","538179","NA","NA","0","553910","538254","634849","680904","680903","0","681438","0","538254","553907","NA","0","NA","0","0","553255","681957","57907","NA","680903","LexicalDecision"
"No","721","1","3","Pseudo","3","1","1","m","/Users/florinecramer/Desktop/CCS 1/Methods in CCS/Methods_in_CCS","516","legacy","xpyriment","0.9487870619946092","m","721","1.0","hard","dechten","1","105683","0","538255","538179","NA","NA","0","553910","538254","634849","682038","682037","0","682595","0","538254","553907","NA","0","NA","0","0","553255","683318","57907","NA","682037","LexicalDecision"
"No","553","1","3","Pseudo","3","1","1","m","/Users/florinecramer/Desktop/CCS 1/Methods in CCS/Methods_in_CCS","433","legacy","xpyriment","0.9489247311827957","m","553","1.0","hard","vant","1","105683","0","538255","538179","NA","NA","0","553910","538254","634849","683400","683399","0","683872","0","538254","553907","NA","0","NA","0","0","553255","684426","57907","NA","683399","LexicalDecision"
"No","678","0","3","Pseudo","3","0","0","m","/Users/florinecramer/Desktop/CCS 1/Methods in CCS/Methods_in_CCS","483","legacy","xpyriment","0.9463806970509383","n","678","0.96","hard","krolijn","1","105683","0","538255","538179","NA","NA","0","553910","538254","685729","684509","684509","0","685029","0","538254","553907","NA","0","NA","0","0","553255","685708","57907","NA","684508","LexicalDecision"
"No","607","1","3","HF","1","1","1","n","/Users/florinecramer/Desktop/CCS 1/Methods in CCS/Methods_in_CCS","427","legacy","xpyriment","0.946524064171123","n","607","0.96","easy","juiste","1","105683","0","538255","538179","NA","NA","0","553910","538254","685729","687847","687846","0","688308","0","538254","553907","NA","0","NA","0","0","553255","688916","57907","NA","687846","LexicalDecision"
"No","735","1","3","LF","2","1","1","n","/Users/florinecramer/Desktop/CCS 1/Methods in CCS/Methods_in_CCS","406","legacy","xpyriment","0.9466666666666667","n","735","0.96","hard","mouwtjes","1","105683","0","538255","538179","NA","NA","0","553910","538254","685729","689000","688999","0","689438","0","538254","553907","NA","0","NA","0","0","553255","690174","57907","NA","688998","LexicalDecision"
"No","592","1","3","Pseudo","3","1","1","m","/Users/florinecramer/Desktop/CCS 1/Methods in CCS/Methods_in_CCS","556","legacy","xpyriment","0.9468085106382979","m","592","0.96","hard","jeer","1","105683","0","538255","538179","NA","NA","0","553910","538254","685729","690259","690258","0","690851","0","538254","553907","NA","0","NA","0","0","553255","691444","57907","NA","690257","LexicalDecision"
"No","569","1","3","LF","2","1","1","n","/Users/florinecramer/Desktop/CCS 1/Methods in CCS/Methods_in_CCS","419","legacy","xpyriment","0.946949602122016","n","569","0.96","hard","python","1","105683","0","538255","538179","NA","NA","0","553910","538254","685729","691526","691525","0","691978","0","538254","553907","NA","0","NA","0","0","553255","692548","57907","NA","691525","LexicalDecision"
"No","645","1","3","Pseudo","3","1","1","m","/Users/florinecramer/Desktop/CCS 1/Methods in CCS/Methods_in_CCS","540","legacy","xpyriment","0.9470899470899471","m","645","0.96","hard","jeer","1","105683","0","538255","538179","NA","NA","0","553910","538254","685729","692633","692632","0","693212","0","538254","553907","NA","0","NA","0","0","553255","693858","57907","NA","692631","LexicalDecision"
"No","688","1","3","Pseudo","3","1","1","m","/Users/florinecramer/Desktop/CCS 1/Methods in CCS/Methods_in_CCS","487","legacy","xpyriment","0.9472295514511874","m","688","0.96","hard","kiegen","1","105683","0","538255","538179","NA","NA","0","553910","538254","685729","693941","693940","0","694463","0","538254","553907","NA","0","NA","0","0","553255","695152","57907","NA","693940","LexicalDecision"
"No","717","1","3","Pseudo","3","1","1","m","/Users/florinecramer/Desktop/CCS 1/Methods in CCS/Methods_in_CCS","493","legacy","xpyriment","0.9473684210526315","m","717","0.96","hard","pode","1","105683","0","538255","538179","NA","NA","0","553910","538254","685729","695236","695234","0","695763","0","538254","553907","NA","0","NA","0","0","553255","696481","57907","NA","695234","LexicalDecision"
"No","503","1","3","LF","2","1","1","n","/Users/florinecramer/Desktop/CCS 1/Methods in CCS/Methods_in_CCS","459","legacy","xpyriment","0.94750656167979","n","503","0.96","hard","brandje","1","105683","0","538255","538179","NA","NA","0","553910","538254","685729","696564","696563","0","697058","0","538254","553907","NA","0","NA","0","0","553255","697562","57907","NA","696563","LexicalDecision"
"No","605","1","3","LF","2","1","1","n","/Users/florinecramer/Desktop/CCS 1/Methods in CCS/Methods_in_CCS","544","legacy","xpyriment","0.9476439790575916","n","605","0.96","hard","gala","1","105683","0","538255","538179","NA","NA","0","553910","538254","685729","697645","697644","0","698221","0","538254","553907","NA","0","NA","0","0","553255","698827","57907","NA","697644","LexicalDecision"
"No","641","1","3","LF","2","1","1","n","/Users/florinecramer/Desktop/CCS 1/Methods in CCS/Methods_in_CCS","552","legacy","xpyriment","0.9477806788511749","n","641","0.96","hard","letsels","1","105683","0","538255","538179","NA","NA","0","553910","538254","685729","698908","698908","0","699493","0","538254","553907","NA","0","NA","0","0","553255","700135","57907","NA","698907","LexicalDecision"
"No","1005","1","3","LF","2","1","1","n","/Users/florinecramer/Desktop/CCS 1/Methods in CCS/Methods_in_CCS","426","legacy","xpyriment","0.9479166666666666","n","1005","0.96","hard","buizerd","1","105683","0","538255","538179","NA","NA","0","553910","538254","685729","700218","700217","0","700677","0","538254","553907","NA","0","NA","0","0","553255","701683","57907","NA","700217","LexicalDecision"
"No","885","1","3","Pseudo","3","1","1","m","/Users/florinecramer/Desktop/CCS 1/Methods in CCS/Methods_in_CCS","517","legacy","xpyriment","0.948051948051948","m","885","0.96","hard","kestig","1","105683","0","538255","538179","NA","NA","0","553910","538254","685729","701765","701764","0","702320","0","538254","553907","NA","0","NA","0","0","553255","703206","57907","NA","701764","LexicalDecision"
"No","565","1","3","Random","4","1","1","m","/Users/florinecramer/Desktop/CCS 1/Methods in CCS/Methods_in_CCS","533","legacy","xpyriment","0.9481865284974094","m","565","0.96","easy","neuiks","1","105683","0","538255","538179","NA","NA","0","553910","538254","685729","703289","703288","0","703852","0","538254","553907","NA","0","NA","0","0","553255","704418","57907","NA","703288","LexicalDecision"
"No","777","1","3","LF","2","1","1","n","/Users/florinecramer/Desktop/CCS 1/Methods in CCS/Methods_in_CCS","406","legacy","xpyriment","0.9483204134366925","n","777","0.96","hard","sorbet","1","105683","0","538255","538179","NA","NA","0","553910","538254","685729","704501","704500","0","704934","0","538254","553907","NA","0","NA","0","0","553255","705712","57907","NA","704500","LexicalDecision"
"No","1156","1","3","Pseudo","3","1","1","m","/Users/florinecramer/Desktop/CCS 1/Methods in CCS/Methods_in_CCS","496","legacy","xpyriment","0.9484536082474226","m","1156","0.96","hard","poede","1","105683","0","538255","538179","NA","NA","0","553910","538254","685729","705794","705793","0","706319","0","538254","553907","NA","0","NA","0","0","553255","707476","57907","NA","705793","LexicalDecision"
"No","798","1","3","Pseudo","3","1","1","m","/Users/florinecramer/Desktop/CCS 1/Methods in CCS/Methods_in_CCS","415","legacy","xpyriment","0.9485861182519281","m","798","0.96","hard","roopt","1","105683","0","538255","538179","NA","NA","0","553910","538254","685729","707558","707557","0","708005","0","538254","553907","NA","0","NA","0","0","553255","708804","57907","NA","707557","LexicalDecision"
"No","674","1","3","LF","2","1","1","n","/Users/florinecramer/Desktop/CCS 1/Methods in CCS/Methods_in_CCS","478","legacy","xpyriment","0.9487179487179487","n","674","0.96","hard","steekjes","1","105683","0","538255","538179","NA","NA","0","553910","538254","685729","708886","708885","0","709391","0","538254","553907","NA","0","NA","0","0","553255","710066","57907","NA","708885","LexicalDecision"
"No","962","1","3","Pseudo","3","1","1","m","/Users/florinecramer/Desktop/CCS 1/Methods in CCS/Methods_in_CCS","553","legacy","xpyriment","0.948849104859335","m","962","0.96","hard","zooie","1","105683","0","538255","538179","NA","NA","0","553910","538254","685729","710149","710148","0","710740","0","538254","553907","NA","0","NA","0","0","553255","711703","57907","NA","710148","LexicalDecision"
"No","628","1","3","LF","2","1","1","n","/Users/florinecramer/Desktop/CCS 1/Methods in CCS/Methods_in_CCS","500","legacy","xpyriment","0.9489795918367347","n","628","0.96","hard","otters","1","105683","0","538255","538179","NA","NA","0","553910","538254","685729","711797","711796","0","712326","0","538254","553907","NA","0","NA","0","0","553255","712955","57907","NA","711796","LexicalDecision"
"No","605","1","3","LF","2","1","1","n","/Users/florinecramer/Desktop/CCS 1/Methods in CCS/Methods_in_CCS","417","legacy","xpyriment","0.9491094147582697","n","605","0.96","hard","najaars","1","105683","0","538255","538179","NA","NA","0","553910","538254","685729","713038","713037","0","713486","0","538254","553907","NA","0","NA","0","0","553255","714092","57907","NA","713036","LexicalDecision"
"No","757","1","3","Pseudo","3","1","1","m","/Users/florinecramer/Desktop/CCS 1/Methods in CCS/Methods_in_CCS","580","legacy","xpyriment","0.949238578680203","m","757","0.96","hard","lierap","1","105683","0","538255","538179","NA","NA","0","553910","538254","685729","714174","714173","0","714788","0","538254","553907","NA","0","NA","0","0","553255","715546","57907","NA","714173","LexicalDecision"
"No","816","1","3","LF","2","1","1","n","/Users/florinecramer/Desktop/CCS 1/Methods in CCS/Methods_in_CCS","518","legacy","xpyriment","0.9493670886075949","n","816","0.96","hard","trutten","1","105683","0","538255","538179","NA","NA","0","553910","538254","685729","715630","715629","0","716184","0","538254","553907","NA","0","NA","0","0","553255","717001","57907","NA","715629","LexicalDecision"
"No","1037","1","3","Pseudo","3","1","1","m","/Users/florinecramer/Desktop/CCS 1/Methods in CCS/Methods_in_CCS","518","legacy","xpyriment","0.9494949494949495","m","1037","0.96","hard","vanwels","1","105683","0","538255","538179","NA","NA","0","553910","538254","685729","717083","717082","0","717632","0","538254","553907","NA","0","NA","0","0","553255","718670","57907","NA","717082","LexicalDecision"
"No","635","1","3","Pseudo","3","1","1","m","/Users/florinecramer/Desktop/CCS 1/Methods in CCS/Methods_in_CCS","511","legacy","xpyriment","0.9496221662468514","m","635","0.96","hard","begook","1","105683","0","538255","538179","NA","NA","0","553910","538254","685729","718753","718752","0","719298","0","538254","553907","NA","0","NA","0","0","553255","719934","57907","NA","718751","LexicalDecision"
"No","710","1","3","Pseudo","3","1","1","m","/Users/florinecramer/Desktop/CCS 1/Methods in CCS/Methods_in_CCS","448","legacy","xpyriment","0.949748743718593","m","710","1.0","hard","greden","1","105683","0","538255","538179","NA","NA","0","553910","538254","685729","720017","720016","0","720496","0","538254","553907","NA","0","NA","0","0","553255","721207","57907","NA","720015","LexicalDecision"
"No","542","1","3","LF","2","1","1","n","/Users/florinecramer/Desktop/CCS 1/Methods in CCS/Methods_in_CCS","577","legacy","xpyriment","0.949874686716792","n","542","1.0","hard","rietjes","1","105683","0","538255","538179","NA","NA","0","553910","538254","685729","721289","721288","0","721902","0","538254","553907","NA","0","NA","0","0","553255","722445","57907","NA","721287","LexicalDecision"
"No","708","1","3","Pseudo","3","1","1","m","/Users/florinecramer/Desktop/CCS 1/Methods in CCS/Methods_in_CCS","485","legacy","xpyriment","0.95","m","708","1.0","hard","sliem","1","105683","0","538255","538179","NA","NA","0","553910","538254","685729","722528","722527","0","723049","0","538254","553907","NA","0","NA","0","0","553255","723758","57907","NA","722527","LexicalDecision"
"No","749","1","3","LF","2","1","1","n","/Users/florinecramer/Desktop/CCS 1/Methods in CCS/Methods_in_CCS","418","legacy","xpyriment","0.9501246882793017","n","749","1.0","hard","gidsje","1","105683","0","538255","538179","NA","NA","0","553910","538254","685729","723841","723840","0","724287","0","538254","553907","NA","0","NA","0","0","553255","725037","57907","NA","723839","LexicalDecision"
"No","818","1","3","Pseudo","3","1","1","m","/Users/florinecramer/Desktop/CCS 1/Methods in CCS/Methods_in_CCS","536","legacy","xpyriment","0.9502487562189055","m","818","1.0","hard","belocht","1","105683","0","538255","538179","NA","NA","0","553910","538254","685729","725120","725119","0","725686","0","538254","553907","NA","0","NA","0","0","553255","726505","57907","NA","725119","LexicalDecision"
"No","605","1","3","LF","2","1","1","n","/Users/florinecramer/Desktop/CCS 1/Methods in CCS/Methods_in_CCS","497","legacy","xpyriment","0.9503722084367245","n","605","1.0","hard","mondjes","1","105683","0","538255","538179","NA","NA","0","553910","538254","685729","726588","726587","0","727120","0","538254","553907","NA","0","NA","0","0","553255","727726","57907","NA","726586","LexicalDecision"
"No","666","1","3","Pseudo","3","1","1","m","/Users/florinecramer/Desktop/CCS 1/Methods in CCS/Methods_in_CCS","545","legacy","xpyriment","0.9504950495049505","m","666","1.0","hard","zwaal","1","105683","0","538255","538179","NA","NA","0","553910","538254","685729","727810","727809","0","728383","0","538254","553907","NA","0","NA","0","0","553255","729050","57907","NA","727808","LexicalDecision"
"No","550","1","3","LF","2","1","1","n","/Users/florinecramer/Desktop/CCS 1/Methods in CCS/Methods_in_CCS","593","legacy","xpyriment","0.9506172839506173","n","550","1.0","hard","meidje","1","105683","0","538255","538179","NA","NA","0","553910","538254","685729","729133","729132","0","729758","0","538254","553907","NA","0","NA","0","0","553255","730309","57907","NA","729132","LexicalDecision"
"No","459","1","4","HF","1","1","1","n","/Users/florinecramer/Desktop/CCS 1/Methods in CCS/Methods_in_CCS","562","legacy","xpyriment","0.9507389162561576","n","459","1.0","easy","spel","1","105683","0","730418","730342","NA","NA","0","736617","730417","685729","736669","736668","0","737266","0","730417","736614","NA","0","NA","0","0","735990","737726","57907","NA","736668","LexicalDecision"
"No","695","1","4","Pseudo","3","1","1","m","/Users/florinecramer/Desktop/CCS 1/Methods in CCS/Methods_in_CCS","562","legacy","xpyriment","0.9508599508599509","m","695","1.0","hard","prapdijk","1","105683","0","730418","730342","NA","NA","0","736617","730417","685729","737810","737809","0","738409","0","730417","736614","NA","0","NA","0","0","735990","739105","57907","NA","737808","LexicalDecision"
"No","759","1","4","Pseudo","3","1","1","m","/Users/florinecramer/Desktop/CCS 1/Methods in CCS/Methods_in_CCS","452","legacy","xpyriment","0.9509803921568627","m","759","1.0","hard","tevers","1","105683","0","730418","730342","NA","NA","0","736617","730417","685729","739192","739191","0","739683","0","730417","736614","NA","0","NA","0","0","735990","740443","57907","NA","739191","LexicalDecision"
"No","504","1","4","Pseudo","3","1","1","m","/Users/florinecramer/Desktop/CCS 1/Methods in CCS/Methods_in_CCS","537","legacy","xpyriment","0.9511002444987775","m","504","1.0","hard","zilde","1","105683","0","730418","730342","NA","NA","0","736617","730417","685729","740528","740527","0","741099","0","730417","736614","NA","0","NA","0","0","735990","741604","57907","NA","740526","LexicalDecision"
"No","860","1","4","Pseudo","3","1","1","m","/Users/florinecramer/Desktop/CCS 1/Methods in CCS/Methods_in_CCS","578","legacy","xpyriment","0.9512195121951219","m","860","1.0","hard","dalmbij","1","105683","0","730418","730342","NA","NA","0","736617","730417","685729","741687","741686","0","742302","0","730417","736614","NA","0","NA","0","0","735990","743163","57907","NA","741686","LexicalDecision"
"No","583","1","4","Pseudo","3","1","1","m","/Users/florinecramer/Desktop/CCS 1/Methods in CCS/Methods_in_CCS","455","legacy","xpyriment","0.9513381995133819","m","583","1.0","hard","aand","1","105683","0","730418","730342","NA","NA","0","736617","730417","685729","743246","743245","0","743731","0","730417","736614","NA","0","NA","0","0","735990","744315","57907","NA","743245","LexicalDecision"
"No","517","1","4","LF","2","1","1","n","/Users/florinecramer/Desktop/CCS 1/Methods in CCS/Methods_in_CCS","498","legacy","xpyriment","0.9514563106796117","n","517","1.0","hard","polo","1","105683","0","730418","730342","NA","NA","0","736617","730417","685729","744399","744397","0","744927","0","730417","736614","NA","0","NA","0","0","735990","745445","57907","NA","744397","LexicalDecision"
"No","556","1","4","HF","1","1","1","n","/Users/florinecramer/Desktop/CCS 1/Methods in CCS/Methods_in_CCS","588","legacy","xpyriment","0.9515738498789347","n","556","1.0","easy","diep","1","105683","0","730418","730342","NA","NA","0","736617","730417","685729","745527","745526","0","746154","0","730417","736614","NA","0","NA","0","0","735990","746711","57907","NA","745526","LexicalDecision"
"No","521","1","4","LF","2","1","1","n","/Users/florinecramer/Desktop/CCS 1/Methods in CCS/Methods_in_CCS","430","legacy","xpyriment","0.9516908212560387","n","521","1.0","hard","blaasje","1","105683","0","730418","730342","NA","NA","0","736617","730417","685729","746794","746793","0","747253","0","730417","736614","NA","0","NA","0","0","735990","747775","57907","NA","746793","LexicalDecision"
"No","677","1","4","LF","2","1","1","n","/Users/florinecramer/Desktop/CCS 1/Methods in CCS/Methods_in_CCS","483","legacy","xpyriment","0.9518072289156626","n","677","1.0","hard","rolluik","1","105683","0","730418","730342","NA","NA","0","736617","730417","685729","747858","747857","0","748376","0","730417","736614","NA","0","NA","0","0","735990","749054","57907","NA","747857","LexicalDecision"
"No","484","1","4","LF","2","1","1","n","/Users/florinecramer/Desktop/CCS 1/Methods in CCS/Methods_in_CCS","403","legacy","xpyriment","0.9519230769230769","n","484","1.0","hard","zeefje","1","105683","0","730418","730342","NA","NA","0","736617","730417","685729","749138","749137","0","749574","0","730417","736614","NA","0","NA","0","0","735990","750059","57907","NA","749136","LexicalDecision"
"No","876","1","4","Pseudo","3","1","1","m","/Users/florinecramer/Desktop/CCS 1/Methods in CCS/Methods_in_CCS","472","legacy","xpyriment","0.9520383693045563","m","876","1.0","hard","daakt","1","105683","0","730418","730342","NA","NA","0","736617","730417","685729","750141","750140","0","750647","0","730417","736614","NA","0","NA","0","0","735990","751524","57907","NA","750140","LexicalDecision"
"No","557","1","4","Pseudo","3","1","1","m","/Users/florinecramer/Desktop/CCS 1/Methods in CCS/Methods_in_CCS","584","legacy","xpyriment","0.9521531100478469","m","557","1.0","hard","sota","1","105683","0","730418","730342","NA","NA","0","736617","730417","685729","751607","751606","0","752221","0","730417","736614","NA","0","NA","0","0","735990","752779","57907","NA","751606","LexicalDecision"
"No","513","1","4","LF","2","1","1","n","/Users/florinecramer/Desktop/CCS 1/Methods in CCS/Methods_in_CCS","416","legacy","xpyriment","0.9522673031026253","n","513","1.0","hard","duo's","1","105683","0","730418","730342","NA","NA","0","736617","730417","685729","752862","752861","0","753313","0","730417","736614","NA","0","NA","0","0","735990","753827","57907","NA","752861","LexicalDecision"
"No","556","1","4","Pseudo","3","1","1","m","/Users/florinecramer/Desktop/CCS 1/Methods in CCS/Methods_in_CCS","471","legacy","xpyriment","0.9523809523809523","m","556","1.0","hard","deek","1","105683","0","730418","730342","NA","NA","0","736617","730417","685729","753910","753909","0","754417","0","730417","736614","NA","0","NA","0","0","735990","754974","57907","NA","753909","LexicalDecision"
"No","466","1","4","Pseudo","3","1","1","m","/Users/florinecramer/Desktop/CCS 1/Methods in CCS/Methods_in_CCS","442","legacy","xpyriment","0.9524940617577197","m","466","1.0","hard","eiden","1","105683","0","730418","730342","NA","NA","0","736617","730417","685729","755057","755056","0","755523","0","730417","736614","NA","0","NA","0","0","735990","755990","57907","NA","755056","LexicalDecision"
"No","506","1","4","LF","2","1","1","n","/Users/florinecramer/Desktop/CCS 1/Methods in CCS/Methods_in_CCS","405","legacy","xpyriment","0.95260663507109","n","506","1.0","hard","strikje","1","105683","0","730418","730342","NA","NA","0","736617","730417","685729","756074","756073","0","756510","0","730417","736614","NA","0","NA","0","0","735990","757017","57907","NA","756073","LexicalDecision"
"No","432","0","4","LF","2","0","0","n","/Users/florinecramer/Desktop/CCS 1/Methods in CCS/Methods_in_CCS","449","legacy","xpyriment","0.950354609929078","m","432","1.0","hard","soepbord","1","105683","0","730418","730342","NA","NA","0","736617","730417","758034","757100","757099","0","757581","0","730417","736614","NA","0","NA","0","0","735990","758014","57907","NA","757099","LexicalDecision"
"No","602","1","4","Pseudo","3","1","1","m","/Users/florinecramer/Desktop/CCS 1/Methods in CCS/Methods_in_CCS","471","legacy","xpyriment","0.9504716981132075","m","602","1.0","hard","begen","1","105683","0","730418","730342","NA","NA","0","736617","730417","758034","760143","760142","0","760648","0","730417","736614","NA","0","NA","0","0","735990","761251","57907","NA","760141","LexicalDecision"
"No","497","1","4","Pseudo","3","1","1","m","/Users/florinecramer/Desktop/CCS 1/Methods in CCS/Methods_in_CCS","536","legacy","xpyriment","0.9505882352941176","m","497","1.0","hard","boder","1","105683","0","730418","730342","NA","NA","0","736617","730417","758034","761334","761333","0","761902","0","730417","736614","NA","0","NA","0","0","735990","762400","57907","NA","761333","LexicalDecision"
"No","497","1","4","Pseudo","3","1","1","m","/Users/florinecramer/Desktop/CCS 1/Methods in CCS/Methods_in_CCS","460","legacy","xpyriment","0.9507042253521126","m","497","1.0","hard","kollens","1","105683","0","730418","730342","NA","NA","0","736617","730417","758034","762481","762480","0","762975","0","730417","736614","NA","0","NA","0","0","735990","763473","57907","NA","762480","LexicalDecision"
"No","517","1","4","LF","2","1","1","n","/Users/florinecramer/Desktop/CCS 1/Methods in CCS/Methods_in_CCS","515","legacy","xpyriment","0.9508196721311475","n","517","1.0","hard","factors","1","105683","0","730418","730342","NA","NA","0","736617","730417","758034","763556","763555","0","764101","0","730417","736614","NA","0","NA","0","0","735990","764619","57907","NA","763555","LexicalDecision"
"No","713","1","4","Pseudo","3","1","1","m","/Users/florinecramer/Desktop/CCS 1/Methods in CCS/Methods_in_CCS","436","legacy","xpyriment","0.9509345794392523","m","713","1.0","hard","steert","1","105683","0","730418","730342","NA","NA","0","736617","730417","758034","764703","764702","0","765170","0","730417","736614","NA","0","NA","0","0","735990","765884","57907","NA","764701","LexicalDecision"
"No","569","1","4","Pseudo","3","1","1","m","/Users/florinecramer/Desktop/CCS 1/Methods in CCS/Methods_in_CCS","419","legacy","xpyriment","0.951048951048951","m","569","1.0","hard","bermaal","1","105683","0","730418","730342","NA","NA","0","736617","730417","758034","765968","765967","0","766419","0","730417","736614","NA","0","NA","0","0","735990","766989","57907","NA","765966","LexicalDecision"
"No","501","1","4","LF","2","1","1","n","/Users/florinecramer/Desktop/CCS 1/Methods in CCS/Methods_in_CCS","404","legacy","xpyriment","0.9511627906976744","n","501","1.0","hard","kwaaltje","1","105683","0","730418","730342","NA","NA","0","736617","730417","758034","767072","767071","0","767503","0","730417","736614","NA","0","NA","0","0","735990","768005","57907","NA","767071","LexicalDecision"
"No","596","1","4","Pseudo","3","1","1","m","/Users/florinecramer/Desktop/CCS 1/Methods in CCS/Methods_in_CCS","580","legacy","xpyriment","0.951276102088167","m","596","1.0","hard","donden","1","105683","0","730418","730342","NA","NA","0","736617","730417","758034","768088","768087","0","768701","0","730417","736614","NA","0","NA","0","0","735990","769298","57907","NA","768086","LexicalDecision"
"No","508","1","4","Pseudo","3","1","1","m","/Users/florinecramer/Desktop/CCS 1/Methods in CCS/Methods_in_CCS","568","legacy","xpyriment","0.9513888888888888","m","508","1.0","hard","deek","1","105683","0","730418","730342","NA","NA","0","736617","730417","758034","769380","769379","0","769980","0","730417","736614","NA","0","NA","0","0","735990","770489","57907","NA","769379","LexicalDecision"
"No","854","1","4","Pseudo","3","1","1","m","/Users/florinecramer/Desktop/CCS 1/Methods in CCS/Methods_in_CCS","572","legacy","xpyriment","0.9515011547344111","m","854","1.0","hard","focht","1","105683","0","730418","730342","NA","NA","0","736617","730417","758034","770572","770571","0","771175","0","730417","736614","NA","0","NA","0","0","735990","772030","57907","NA","770571","LexicalDecision"
"No","728","1","4","Random","4","1","1","m","/Users/florinecramer/Desktop/CCS 1/Methods in CCS/Methods_in_CCS","462","legacy","xpyriment","0.9516129032258065","m","728","1.0","easy","uittejrs","1","105683","0","730418","730342","NA","NA","0","736617","730417","758034","772113","772112","0","772609","0","730417","736614","NA","0","NA","0","0","735990","773338","57907","NA","772112","LexicalDecision"
"No","684","1","4","HF","1","1","1","n","/Users/florinecramer/Desktop/CCS 1/Methods in CCS/Methods_in_CCS","481","legacy","xpyriment","0.9517241379310345","n","684","1.0","easy","haal","1","105683","0","730418","730342","NA","NA","0","736617","730417","758034","773420","773419","0","773943","0","730417","736614","NA","0","NA","0","0","735990","774628","57907","NA","773419","LexicalDecision"
"No","575","1","4","LF","2","1","1","n","/Users/florinecramer/Desktop/CCS 1/Methods in CCS/Methods_in_CCS","449","legacy","xpyriment","0.9518348623853211","n","575","1.0","hard","pilsjes","1","105683","0","730418","730342","NA","NA","0","736617","730417","758034","774712","774711","0","775187","0","730417","736614","NA","0","NA","0","0","735990","775763","57907","NA","774711","LexicalDecision"
"No","582","1","4","LF","2","1","1","n","/Users/florinecramer/Desktop/CCS 1/Methods in CCS/Methods_in_CCS","499","legacy","xpyriment","0.9519450800915332","n","582","1.0","hard","tango's","1","105683","0","730418","730342","NA","NA","0","736617","730417","758034","775847","775846","0","776385","0","730417","736614","NA","0","NA","0","0","735990","776968","57907","NA","775846","LexicalDecision"
"No","631","1","4","Pseudo","3","1","1","m","/Users/florinecramer/Desktop/CCS 1/Methods in CCS/Methods_in_CCS","561","legacy","xpyriment","0.952054794520548","m","631","1.0","hard","waarmie","1","105683","0","730418","730342","NA","NA","0","736617","730417","758034","777051","777050","0","777645","0","730417","736614","NA","0","NA","0","0","735990","778278","57907","NA","777050","LexicalDecision"
"No","455","1","4","LF","2","1","1","n","/Users/florinecramer/Desktop/CCS 1/Methods in CCS/Methods_in_CCS","564","legacy","xpyriment","0.9521640091116174","n","455","1.0","hard","frietjes","1","105683","0","730418","730342","NA","NA","0","736617","730417","758034","778361","778360","0","778957","0","730417","736614","NA","0","NA","0","0","735990","779413","57907","NA","778360","LexicalDecision"
"No","530","1","4","HF","1","1","1","n","/Users/florinecramer/Desktop/CCS 1/Methods in CCS/Methods_in_CCS","412","legacy","xpyriment","0.9522727272727273","n","530","1.0","easy","pistool","1","105683","0","730418","730342","NA","NA","0","736617","730417","758034","779497","779495","0","779938","0","730417","736614","NA","0","NA","0","0","735990","780469","57907","NA","779495","LexicalDecision"
"No","468","1","4","LF","2","1","1","n","/Users/florinecramer/Desktop/CCS 1/Methods in CCS/Methods_in_CCS","581","legacy","xpyriment","0.9523809523809523","n","468","1.0","hard","shirts","1","105683","0","730418","730342","NA","NA","0","736617","730417","758034","780554","780552","0","781171","0","730417","736614","NA","0","NA","0","0","735990","781640","57907","NA","780552","LexicalDecision"
"No","444","1","4","LF","2","1","1","n","/Users/florinecramer/Desktop/CCS 1/Methods in CCS/Methods_in_CCS","482","legacy","xpyriment","0.9524886877828054","n","444","1.0","hard","griepje","1","105683","0","730418","730342","NA","NA","0","736617","730417","758034","781723","781722","0","782242","0","730417","736614","NA","0","NA","0","0","735990","782687","57907","NA","781722","LexicalDecision"
"No","516","1","4","LF","2","1","1","n","/Users/florinecramer/Desktop/CCS 1/Methods in CCS/Methods_in_CCS","427","legacy","xpyriment","0.9525959367945824","n","516","1.0","hard","ijsbeer","1","105683","0","730418","730342","NA","NA","0","736617","730417","758034","782770","782769","0","783231","0","730417","736614","NA","0","NA","0","0","735990","783748","57907","NA","782769","LexicalDecision"
"No","449","1","4","LF","2","1","1","n","/Users/florinecramer/Desktop/CCS 1/Methods in CCS/Methods_in_CCS","434","legacy","xpyriment","0.9527027027027027","n","449","1.0","hard","hockey","1","105683","0","730418","730342","NA","NA","0","736617","730417","758034","783831","783830","0","784301","0","730417","736614","NA","0","NA","0","0","735990","784751","57907","NA","783830","LexicalDecision"
"No","640","1","4","Pseudo","3","1","1","m","/Users/florinecramer/Desktop/CCS 1/Methods in CCS/Methods_in_CCS","467","legacy","xpyriment","0.952808988764045","m","640","1.0","hard","dindbaar","1","105683","0","730418","730342","NA","NA","0","736617","730417","758034","784833","784832","0","785331","0","730417","736614","NA","0","NA","0","0","735990","785972","57907","NA","784832","LexicalDecision"
"No","448","1","4","Pseudo","3","1","1","m","/Users/florinecramer/Desktop/CCS 1/Methods in CCS/Methods_in_CCS","557","legacy","xpyriment","0.952914798206278","m","448","1.0","hard","kang","1","105683","0","730418","730342","NA","NA","0","736617","730417","758034","786054","786053","0","786640","0","730417","736614","NA","0","NA","0","0","735990","787089","57907","NA","786053","LexicalDecision"
"No","819","1","4","LF","2","1","1","n","/Users/florinecramer/Desktop/CCS 1/Methods in CCS/Methods_in_CCS","448","legacy","xpyriment","0.9530201342281879","n","819","1.0","hard","likjes","1","105683","0","730418","730342","NA","NA","0","736617","730417","758034","787172","787170","0","787651","0","730417","736614","NA","0","NA","0","0","735990","788471","57907","NA","787170","LexicalDecision"
"No","522","1","4","Pseudo","3","1","1","m","/Users/florinecramer/Desktop/CCS 1/Methods in CCS/Methods_in_CCS","557","legacy","xpyriment","0.953125","m","522","1.0","hard","hege","1","105683","0","730418","730342","NA","NA","0","736617","730417","758034","788555","788554","0","789148","0","730417","736614","NA","0","NA","0","0","735990","789671","57907","NA","788554","LexicalDecision"
"No","635","1","4","LF","2","1","1","n","/Users/florinecramer/Desktop/CCS 1/Methods in CCS/Methods_in_CCS","407","legacy","xpyriment","0.9532293986636972","n","635","1.0","hard","deals","1","105683","0","730418","730342","NA","NA","0","736617","730417","758034","789755","789754","0","790194","0","730417","736614","NA","0","NA","0","0","735990","790830","57907","NA","789753","LexicalDecision"
"No","516","1","4","Pseudo","3","1","1","m","/Users/florinecramer/Desktop/CCS 1/Methods in CCS/Methods_in_CCS","509","legacy","xpyriment","0.9533333333333334","m","516","1.0","hard","shap","1","105683","0","730418","730342","NA","NA","0","736617","730417","758034","790912","790910","0","791450","0","730417","736614","NA","0","NA","0","0","735990","791967","57907","NA","790910","LexicalDecision"
"No","745","1","4","LF","2","1","1","n","/Users/florinecramer/Desktop/CCS 1/Methods in CCS/Methods_in_CCS","445","legacy","xpyriment","0.9534368070953437","n","745","1.0","hard","look","1","105683","0","730418","730342","NA","NA","0","736617","730417","758034","792050","792049","0","792536","0","730417","736614","NA","0","NA","0","0","735990","793282","57907","NA","792048","LexicalDecision"
"No","565","1","4","Pseudo","3","1","1","m","/Users/florinecramer/Desktop/CCS 1/Methods in CCS/Methods_in_CCS","455","legacy","xpyriment","0.9535398230088495","m","565","1.0","hard","meken","1","105683","0","730418","730342","NA","NA","0","736617","730417","758034","793364","793363","0","793850","0","730417","736614","NA","0","NA","0","0","735990","794416","57907","NA","793363","LexicalDecision"
"No","567","1","4","Pseudo","3","1","1","m","/Users/florinecramer/Desktop/CCS 1/Methods in CCS/Methods_in_CCS","537","legacy","xpyriment","0.9536423841059603","m","567","1.0","hard","hoerzan","1","105683","0","730418","730342","NA","NA","0","736617","730417","758034","794499","794498","0","795069","0","730417","736614","NA","0","NA","0","0","735990","795637","57907","NA","794497","LexicalDecision"
"No","473","1","4","Pseudo","3","1","1","m","/Users/florinecramer/Desktop/CCS 1/Methods in CCS/Methods_in_CCS","402","legacy","xpyriment","0.9537444933920705","m","473","1.0","hard","joms","1","105683","0","730418","730342","NA","NA","0","736617","730417","758034","795720","795719","0","796157","0","730417","736614","NA","0","NA","0","0","735990","796631","57907","NA","795719","LexicalDecision"
"No","524","1","4","LF","2","1","1","n","/Users/florinecramer/Desktop/CCS 1/Methods in CCS/Methods_in_CCS","406","legacy","xpyriment","0.9538461538461539","n","524","1.0","hard","wratje","1","105683","0","730418","730342","NA","NA","0","736617","730417","758034","796714","796713","0","797153","0","730417","736614","NA","0","NA","0","0","735990","797678","57907","NA","796713","LexicalDecision"
"No","577","1","4","Random","4","1","1","m","/Users/florinecramer/Desktop/CCS 1/Methods in CCS/Methods_in_CCS","400","legacy","xpyriment","0.9539473684210527","m","577","1.0","easy","sfa'os","1","105683","0","730418","730342","NA","NA","0","736617","730417","758034","797760","797759","0","798190","0","730417","736614","NA","0","NA","0","0","735990","798768","57907","NA","797759","LexicalDecision"
"No","564","1","4","LF","2","1","1","n","/Users/florinecramer/Desktop/CCS 1/Methods in CCS/Methods_in_CCS","469","legacy","xpyriment","0.9540481400437637","n","564","1.0","hard","vaklui","1","105683","0","730418","730342","NA","NA","0","736617","730417","758034","798851","798850","0","799358","0","730417","736614","NA","0","NA","0","0","735990","799923","57907","NA","798850","LexicalDecision"
"No","606","1","4","Pseudo","3","1","1","m","/Users/florinecramer/Desktop/CCS 1/Methods in CCS/Methods_in_CCS","463","legacy","xpyriment","0.9541484716157205","m","606","1.0","hard","hergen","1","105683","0","730418","730342","NA","NA","0","736617","730417","758034","800007","800006","0","800499","0","730417","736614","NA","0","NA","0","0","735990","801106","57907","NA","800006","LexicalDecision"
"No","508","1","4","Random","4","1","1","m","/Users/florinecramer/Desktop/CCS 1/Methods in CCS/Methods_in_CCS","397","legacy","xpyriment","0.954248366013072","m","508","1.0","easy","rseart","1","105683","0","730418","730342","NA","NA","0","736617","730417","758034","801189","801188","0","801620","0","730417","736614","NA","0","NA","0","0","735990","802129","57907","NA","801188","LexicalDecision"
"No","650","1","4","Pseudo","3","1","1","m","/Users/florinecramer/Desktop/CCS 1/Methods in CCS/Methods_in_CCS","473","legacy","xpyriment","0.9543478260869566","m","650","1.0","hard","genaard","1","105683","0","730418","730342","NA","NA","0","736617","730417","758034","802213","802212","0","802714","0","730417","736614","NA","0","NA","0","0","735990","803365","57907","NA","802212","LexicalDecision"
"No","504","1","4","Random","4","1","1","m","/Users/florinecramer/Desktop/CCS 1/Methods in CCS/Methods_in_CCS","400","legacy","xpyriment","0.9544468546637744","m","504","1.0","easy","ivignsk","1","105683","0","730418","730342","NA","NA","0","736617","730417","758034","803449","803448","0","803879","0","730417","736614","NA","0","NA","0","0","735990","804384","57907","NA","803448","LexicalDecision"
"No","464","1","4","Random","4","1","1","m","/Users/florinecramer/Desktop/CCS 1/Methods in CCS/Methods_in_CCS","453","legacy","xpyriment","0.9545454545454546","m","464","1.0","easy","eirtnprs","1","105683","0","730418","730342","NA","NA","0","736617","730417","758034","804467","804466","0","804951","0","730417","736614","NA","0","NA","0","0","735990","805416","57907","NA","804466","LexicalDecision"
"No","501","1","4","Pseudo","3","1","1","m","/Users/florinecramer/Desktop/CCS 1/Methods in CCS/Methods_in_CCS","550","legacy","xpyriment","0.9546436285097192","m","501","1.0","hard","scherte","1","105683","0","730418","730342","NA","NA","0","736617","730417","758034","805498","805497","0","806081","0","730417","736614","NA","0","NA","0","0","735990","806583","57907","NA","805497","LexicalDecision"
"No","481","1","4","Pseudo","3","1","1","m","/Users/florinecramer/Desktop/CCS 1/Methods in CCS/Methods_in_CCS","459","legacy","xpyriment","0.9547413793103449","m","481","1.0","hard","sisie","1","105683","0","730418","730342","NA","NA","0","736617","730417","758034","806665","806664","0","807157","0","730417","736614","NA","0","NA","0","0","735990","807639","57907","NA","806664","LexicalDecision"
"No","538","1","4","LF","2","1","1","n","/Users/florinecramer/Desktop/CCS 1/Methods in CCS/Methods_in_CCS","584","legacy","xpyriment","0.9548387096774194","n","538","1.0","hard","pluimpje","1","105683","0","730418","730342","NA","NA","0","736617","730417","758034","807721","807720","0","808330","0","730417","736614","NA","0","NA","0","0","735990","808869","57907","NA","807720","LexicalDecision"
"No","521","1","4","Pseudo","3","1","1","m","/Users/florinecramer/Desktop/CCS 1/Methods in CCS/Methods_in_CCS","465","legacy","xpyriment","0.9549356223175965","m","521","1.0","hard","dangen","1","105683","0","730418","730342","NA","NA","0","736617","730417","758034","808952","808951","0","809444","0","730417","736614","NA","0","NA","0","0","735990","809966","57907","NA","808951","LexicalDecision"
"No","714","1","4","LF","2","1","1","n","/Users/florinecramer/Desktop/CCS 1/Methods in CCS/Methods_in_CCS","474","legacy","xpyriment","0.9550321199143469","n","714","1.0","hard","toga's","1","105683","0","730418","730342","NA","NA","0","736617","730417","758034","810047","810046","0","810556","0","730417","736614","NA","0","NA","0","0","735990","811271","57907","NA","810046","LexicalDecision"
"No","708","1","4","Pseudo","3","1","1","m","/Users/florinecramer/Desktop/CCS 1/Methods in CCS/Methods_in_CCS","514","legacy","xpyriment","0.9551282051282052","m","708","1.0","hard","hatte","1","105683","0","730418","730342","NA","NA","0","736617","730417","758034","811354","811352","0","811900","0","730417","736614","NA","0","NA","0","0","735990","812609","57907","NA","811352","LexicalDecision"
"No","742","1","4","LF","2","1","1","n","/Users/florinecramer/Desktop/CCS 1/Methods in CCS/Methods_in_CCS","518","legacy","xpyriment","0.9552238805970149","n","742","1.0","hard","goudstuk","1","105683","0","730418","730342","NA","NA","0","736617","730417","758034","812692","812691","0","813245","0","730417","736614","NA","0","NA","0","0","735990","813988","57907","NA","812691","LexicalDecision"
"No","711","1","4","Pseudo","3","1","1","m","/Users/florinecramer/Desktop/CCS 1/Methods in CCS/Methods_in_CCS","547","legacy","xpyriment","0.9553191489361702","m","711","1.0","hard","brongen","1","105683","0","730418","730342","NA","NA","0","736617","730417","758034","814071","814070","0","814653","0","730417","736614","NA","0","NA","0","0","735990","815365","57907","NA","814070","LexicalDecision"
"No","499","1","4","Random","4","1","1","m","/Users/florinecramer/Desktop/CCS 1/Methods in CCS/Methods_in_CCS","464","legacy","xpyriment","0.9554140127388535","m","499","1.0","easy","ienuml","1","105683","0","730418","730342","NA","NA","0","736617","730417","758034","815448","815447","0","815946","0","730417","736614","NA","0","NA","0","0","735990","816446","57907","NA","815447","LexicalDecision"
"No","564","1","4","Pseudo","3","1","1","m","/Users/florinecramer/Desktop/CCS 1/Methods in CCS/Methods_in_CCS","502","legacy","xpyriment","0.9555084745762712","m","564","1.0","hard","cillie","1","105683","0","730418","730342","NA","NA","0","736617","730417","758034","816528","816527","0","817062","0","730417","736614","NA","0","NA","0","0","735990","817627","57907","NA","816527","LexicalDecision"
"No","480","1","4","Random","4","1","1","m","/Users/florinecramer/Desktop/CCS 1/Methods in CCS/Methods_in_CCS","523","legacy","xpyriment","0.9556025369978859","m","480","1.0","easy","koospem","1","105683","0","730418","730342","NA","NA","0","736617","730417","758034","817710","817709","0","818267","0","730417","736614","NA","0","NA","0","0","735990","818748","57907","NA","817709","LexicalDecision"
"No","389","1","4","Pseudo","3","1","1","m","/Users/florinecramer/Desktop/CCS 1/Methods in CCS/Methods_in_CCS","451","legacy","xpyriment","0.9556962025316456","m","389","1.0","hard","hoeg","1","105683","0","730418","730342","NA","NA","0","736617","730417","758034","818830","818829","0","819307","0","730417","736614","NA","0","NA","0","0","735990","819697","57907","NA","818829","LexicalDecision"
"No","462","1","4","Pseudo","3","1","1","m","/Users/florinecramer/Desktop/CCS 1/Methods in CCS/Methods_in_CCS","565","legacy","xpyriment","0.9557894736842105","m","462","1.0","hard","bereekt","1","105683","0","730418","730342","NA","NA","0","736617","730417","758034","819779","819778","0","820383","0","730417","736614","NA","0","NA","0","0","735990","820847","57907","NA","819777","LexicalDecision"
"No","502","1","4","Pseudo","3","1","1","m","/Users/florinecramer/Desktop/CCS 1/Methods in CCS/Methods_in_CCS","544","legacy","xpyriment","0.9558823529411765","m","502","1.0","hard","schagde","1","105683","0","730418","730342","NA","NA","0","736617","730417","758034","820930","820929","0","821508","0","730417","736614","NA","0","NA","0","0","735990","822011","57907","NA","820928","LexicalDecision"
"No","739","1","4","Pseudo","3","1","1","m","/Users/florinecramer/Desktop/CCS 1/Methods in CCS/Methods_in_CCS","395","legacy","xpyriment","0.9559748427672956","m","739","1.0","hard","boezier","1","105683","0","730418","730342","NA","NA","0","736617","730417","758034","822093","822092","0","822517","0","730417","736614","NA","0","NA","0","0","735990","823258","57907","NA","822092","LexicalDecision"
"No","417","1","4","Pseudo","3","1","1","m","/Users/florinecramer/Desktop/CCS 1/Methods in CCS/Methods_in_CCS","468","legacy","xpyriment","0.9560669456066946","m","417","1.0","hard","steeven","1","105683","0","730418","730342","NA","NA","0","736617","730417","758034","823339","823338","0","823838","0","730417","736614","NA","0","NA","0","0","735990","824256","57907","NA","823338","LexicalDecision"
"No","460","1","4","Pseudo","3","1","1","m","/Users/florinecramer/Desktop/CCS 1/Methods in CCS/Methods_in_CCS","589","legacy","xpyriment","0.9561586638830898","m","460","1.0","hard","gine","1","105683","0","730418","730342","NA","NA","0","736617","730417","758034","824340","824338","0","824963","0","730417","736614","NA","0","NA","0","0","735990","825424","57907","NA","824338","LexicalDecision"
"No","478","1","4","Pseudo","3","1","1","m","/Users/florinecramer/Desktop/CCS 1/Methods in CCS/Methods_in_CCS","507","legacy","xpyriment","0.95625","m","478","1.0","hard","oten","1","105683","0","730418","730342","NA","NA","0","736617","730417","758034","825507","825506","0","826048","0","730417","736614","NA","0","NA","0","0","735990","826528","57907","NA","825506","LexicalDecision"
"No","810","1","4","HF","1","1","1","n","/Users/florinecramer/Desktop/CCS 1/Methods in CCS/Methods_in_CCS","536","legacy","xpyriment","0.9563409563409564","n","810","1.0","easy","minste","1","105683","0","730418","730342","NA","NA","0","736617","730417","758034","826610","826609","0","827175","0","730417","736614","NA","0","NA","0","0","735990","827986","57907","NA","826609","LexicalDecision"
"No","508","1","4","Pseudo","3","1","1","m","/Users/florinecramer/Desktop/CCS 1/Methods in CCS/Methods_in_CCS","507","legacy","xpyriment","0.9564315352697096","m","508","1.0","hard","bechte","1","105683","0","730418","730342","NA","NA","0","736617","730417","758034","828069","828068","0","828614","0","730417","736614","NA","0","NA","0","0","735990","829123","57907","NA","828068","LexicalDecision"
"No","662","1","4","LF","2","1","1","n","/Users/florinecramer/Desktop/CCS 1/Methods in CCS/Methods_in_CCS","513","legacy","xpyriment","0.9565217391304348","n","662","1.0","hard","buffers","1","105683","0","730418","730342","NA","NA","0","736617","730417","758034","829208","829207","0","829753","0","730417","736614","NA","0","NA","0","0","735990","830416","57907","NA","829207","LexicalDecision"
"No","624","1","4","LF","2","1","1","n","/Users/florinecramer/Desktop/CCS 1/Methods in CCS/Methods_in_CCS","545","legacy","xpyriment","0.9566115702479339","n","624","1.0","hard","zoutvat","1","105683","0","730418","730342","NA","NA","0","736617","730417","758034","830499","830498","0","831084","0","730417","736614","NA","0","NA","0","0","735990","831709","57907","NA","830498","LexicalDecision"
"No","515","1","4","Pseudo","3","1","1","m","/Users/florinecramer/Desktop/CCS 1/Methods in CCS/Methods_in_CCS","446","legacy","xpyriment","0.9567010309278351","m","515","1.0","hard","wirze","1","105683","0","730418","730342","NA","NA","0","736617","730417","758034","831799","831798","0","832280","0","730417","736614","NA","0","NA","0","0","735990","832796","57907","NA","831798","LexicalDecision"
"No","578","1","4","LF","2","1","1","n","/Users/florinecramer/Desktop/CCS 1/Methods in CCS/Methods_in_CCS","590","legacy","xpyriment","0.9567901234567902","n","578","1.0","hard","hartjes","1","105683","0","730418","730342","NA","NA","0","736617","730417","758034","832879","832877","0","833510","0","730417","736614","NA","0","NA","0","0","735990","834089","57907","NA","832877","LexicalDecision"
"No","502","1","4","Pseudo","3","1","1","m","/Users/florinecramer/Desktop/CCS 1/Methods in CCS/Methods_in_CCS","549","legacy","xpyriment","0.9568788501026694","m","502","1.0","hard","kijn","1","105683","0","730418","730342","NA","NA","0","736617","730417","758034","834171","834170","0","834751","0","730417","736614","NA","0","NA","0","0","735990","835254","57907","NA","834170","LexicalDecision"
"No","546","1","4","LF","2","1","1","n","/Users/florinecramer/Desktop/CCS 1/Methods in CCS/Methods_in_CCS","480","legacy","xpyriment","0.9569672131147541","n","546","1.0","hard","olijf","1","105683","0","730418","730342","NA","NA","0","736617","730417","758034","835337","835336","0","835857","0","730417","736614","NA","0","NA","0","0","735990","836404","57907","NA","835335","LexicalDecision"
"No","512","1","4","LF","2","1","1","n","/Users/florinecramer/Desktop/CCS 1/Methods in CCS/Methods_in_CCS","580","legacy","xpyriment","0.9570552147239264","n","512","1.0","hard","sofa's","1","105683","0","730418","730342","NA","NA","0","736617","730417","758034","836487","836486","0","837101","0","730417","736614","NA","0","NA","0","0","735990","837614","57907","NA","836486","LexicalDecision"
"No","545","1","4","Pseudo","3","1","1","m","/Users/florinecramer/Desktop/CCS 1/Methods in CCS/Methods_in_CCS","592","legacy","xpyriment","0.9571428571428572","m","545","1.0","hard","kang","1","105683","0","730418","730342","NA","NA","0","736617","730417","758034","837697","837696","0","838324","0","730417","736614","NA","0","NA","0","0","735990","838870","57907","NA","837696","LexicalDecision"
"No","538","1","4","LF","2","1","1","n","/Users/florinecramer/Desktop/CCS 1/Methods in CCS/Methods_in_CCS","480","legacy","xpyriment","0.9572301425661914","n","538","1.0","hard","kalfje","1","105683","0","730418","730342","NA","NA","0","736617","730417","758034","838955","838953","0","839469","0","730417","736614","NA","0","NA","0","0","735990","840008","57907","NA","838953","LexicalDecision"
"No","1099","0","4","LF","2","0","0","n","/Users/florinecramer/Desktop/CCS 1/Methods in CCS/Methods_in_CCS","419","legacy","xpyriment","0.9552845528455285","m","1099","1.0","hard","raciaal","1","105683","0","730418","730342","NA","NA","0","736617","730417","841663","840091","840090","0","840543","0","730417","736614","NA","0","NA","0","0","735990","841643","57907","NA","840090","LexicalDecision"
"No","672","1","4","LF","2","1","1","n","/Users/florinecramer/Desktop/CCS 1/Methods in CCS/Methods_in_CCS","537","legacy","xpyriment","0.9553752535496958","n","672","1.0","hard","prooien","1","105683","0","730418","730342","NA","NA","0","736617","730417","841663","843781","843780","0","844344","0","730417","736614","NA","0","NA","0","0","735990","845017","57907","NA","843780","LexicalDecision"
"No","563","1","4","LF","2","1","1","n","/Users/florinecramer/Desktop/CCS 1/Methods in CCS/Methods_in_CCS","434","legacy","xpyriment","0.9554655870445344","n","563","1.0","hard","geurtjes","1","105683","0","730418","730342","NA","NA","0","736617","730417","841663","845100","845099","0","845568","0","730417","736614","NA","0","NA","0","0","735990","846132","57907","NA","845098","LexicalDecision"
"No","605","1","4","LF","2","1","1","n","/Users/florinecramer/Desktop/CCS 1/Methods in CCS/Methods_in_CCS","574","legacy","xpyriment","0.9555555555555556","n","605","1.0","hard","vlokjes","1","105683","0","730418","730342","NA","NA","0","736617","730417","841663","846215","846214","0","846821","0","730417","736614","NA","0","NA","0","0","735990","847427","57907","NA","846214","LexicalDecision"
"No","454","1","4","LF","2","1","1","n","/Users/florinecramer/Desktop/CCS 1/Methods in CCS/Methods_in_CCS","502","legacy","xpyriment","0.9556451612903226","n","454","1.0","hard","borstje","1","105683","0","730418","730342","NA","NA","0","736617","730417","841663","847509","847508","0","848043","0","730417","736614","NA","0","NA","0","0","735990","848498","57907","NA","847508","LexicalDecision"
"No","572","1","4","Pseudo","3","1","1","m","/Users/florinecramer/Desktop/CCS 1/Methods in CCS/Methods_in_CCS","403","legacy","xpyriment","0.9557344064386318","m","572","1.0","hard","bilts","1","105683","0","730418","730342","NA","NA","0","736617","730417","841663","848581","848579","0","849016","0","730417","736614","NA","0","NA","0","0","735990","849589","57907","NA","848579","LexicalDecision"
"No","519","1","4","LF","2","1","1","n","/Users/florinecramer/Desktop/CCS 1/Methods in CCS/Methods_in_CCS","449","legacy","xpyriment","0.9558232931726908","n","519","1.0","hard","cruises","1","105683","0","730418","730342","NA","NA","0","736617","730417","841663","849672","849671","0","850156","0","730417","736614","NA","0","NA","0","0","735990","850676","57907","NA","849671","LexicalDecision"
"No","565","1","4","Pseudo","3","1","1","m","/Users/florinecramer/Desktop/CCS 1/Methods in CCS/Methods_in_CCS","398","legacy","xpyriment","0.9559118236472945","m","565","1.0","hard","otel","1","105683","0","730418","730342","NA","NA","0","736617","730417","841663","850759","850758","0","851187","0","730417","736614","NA","0","NA","0","0","735990","851753","57907","NA","850758","LexicalDecision"
"No","678","1","4","LF","2","1","1","n","/Users/florinecramer/Desktop/CCS 1/Methods in CCS/Methods_in_CCS","454","legacy","xpyriment","0.956","n","678","1.0","hard","autist","1","105683","0","730418","730342","NA","NA","0","736617","730417","841663","851836","851835","0","852320","0","730417","736614","NA","0","NA","0","0","735990","852999","57907","NA","851834","LexicalDecision"
"No","509","1","4","HF","1","1","1","n","/Users/florinecramer/Desktop/CCS 1/Methods in CCS/Methods_in_CCS","580","legacy","xpyriment","0.9560878243512974","n","509","1.0","easy","veel","1","105683","0","730418","730342","NA","NA","0","736617","730417","841663","853081","853080","0","853692","0","730417","736614","NA","0","NA","0","0","735990","854202","57907","NA","853079","LexicalDecision"
"No","645","1","4","Pseudo","3","1","1","m","/Users/florinecramer/Desktop/CCS 1/Methods in CCS/Methods_in_CCS","481","legacy","xpyriment","0.9561752988047809","m","645","1.0","hard","gelocht","1","105683","0","730418","730342","NA","NA","0","736617","730417","841663","854285","854284","0","854803","0","730417","736614","NA","0","NA","0","0","735990","855449","57907","NA","854284","LexicalDecision"
"No","522","1","4","LF","2","1","1","n","/Users/florinecramer/Desktop/CCS 1/Methods in CCS/Methods_in_CCS","523","legacy","xpyriment","0.9562624254473161","n","522","1.0","hard","wiegjes","1","105683","0","730418","730342","NA","NA","0","736617","730417","841663","855533","855532","0","856090","0","730417","736614","NA","0","NA","0","0","735990","856613","57907","NA","855531","LexicalDecision"
"No","573","1","4","Pseudo","3","1","1","m","/Users/florinecramer/Desktop/CCS 1/Methods in CCS/Methods_in_CCS","442","legacy","xpyriment","0.9563492063492064","m","573","1.0","hard","facht","1","105683","0","730418","730342","NA","NA","0","736617","730417","841663","856694","856694","0","857166","0","730417","736614","NA","0","NA","0","0","735990","857740","57907","NA","856693","LexicalDecision"
"No","507","1","4","LF","2","1","1","n","/Users/florinecramer/Desktop/CCS 1/Methods in CCS/Methods_in_CCS","595","legacy","xpyriment","0.9564356435643564","n","507","1.0","hard","badjes","1","105683","0","730418","730342","NA","NA","0","736617","730417","841663","857822","857821","0","858448","0","730417","736614","NA","0","NA","0","0","735990","858956","57907","NA","857821","LexicalDecision"
"No","553","0","4","LF","2","0","0","n","/Users/florinecramer/Desktop/CCS 1/Methods in CCS/Methods_in_CCS","488","legacy","xpyriment","0.9545454545454546","m","553","1.0","hard","koer","1","105683","0","730418","730342","NA","NA","0","736617","730417","860134","859039","859038","0","859561","0","730417","736614","NA","0","NA","0","0","735990","860115","57907","NA","859037","LexicalDecision"
"No","436","1","4","LF","2","1","1","n","/Users/florinecramer/Desktop/CCS 1/Methods in CCS/Methods_in_CCS","398","legacy","xpyriment","0.9546351084812623","n","436","1.0","hard","praters","1","105683","0","730418","730342","NA","NA","0","736617","730417","860134","862241","862240","0","862674","0","730417","736614","NA","0","NA","0","0","735990","863111","57907","NA","862240","LexicalDecision"
"No","615","1","4","LF","2","1","1","n","/Users/florinecramer/Desktop/CCS 1/Methods in CCS/Methods_in_CCS","543","legacy","xpyriment","0.9547244094488189","n","615","1.0","hard","boezems","1","105683","0","730418","730342","NA","NA","0","736617","730417","860134","863193","863192","0","863773","0","730417","736614","NA","0","NA","0","0","735990","864389","57907","NA","863191","LexicalDecision"
"No","459","1","4","LF","2","1","1","n","/Users/florinecramer/Desktop/CCS 1/Methods in CCS/Methods_in_CCS","489","legacy","xpyriment","0.9548133595284872","n","459","1.0","hard","pasta's","1","105683","0","730418","730342","NA","NA","0","736617","730417","860134","864471","864470","0","864987","0","730417","736614","NA","0","NA","0","0","735990","865447","57907","NA","864470","LexicalDecision"
"No","655","1","4","Pseudo","3","1","1","m","/Users/florinecramer/Desktop/CCS 1/Methods in CCS/Methods_in_CCS","473","legacy","xpyriment","0.9549019607843138","m","655","1.0","hard","saken","1","105683","0","730418","730342","NA","NA","0","736617","730417","860134","865529","865528","0","866031","0","730417","736614","NA","0","NA","0","0","735990","866688","57907","NA","865528","LexicalDecision"
"No","829","1","4","Pseudo","3","1","1","m","/Users/florinecramer/Desktop/CCS 1/Methods in CCS/Methods_in_CCS","534","legacy","xpyriment","0.9549902152641878","m","829","1.0","hard","dieken","1","105683","0","730418","730342","NA","NA","0","736617","730417","860134","866770","866769","0","867335","0","730417","736614","NA","0","NA","0","0","735990","868165","57907","NA","866769","LexicalDecision"
"No","503","1","4","Pseudo","3","1","1","m","/Users/florinecramer/Desktop/CCS 1/Methods in CCS/Methods_in_CCS","454","legacy","xpyriment","0.955078125","m","503","1.0","hard","tatel","1","105683","0","730418","730342","NA","NA","0","736617","730417","860134","868248","868247","0","868735","0","730417","736614","NA","0","NA","0","0","735990","869239","57907","NA","868246","LexicalDecision"
"No","454","1","4","Pseudo","3","1","1","m","/Users/florinecramer/Desktop/CCS 1/Methods in CCS/Methods_in_CCS","525","legacy","xpyriment","0.9551656920077972","m","454","1.0","hard","indands","1","105683","0","730418","730342","NA","NA","0","736617","730417","860134","869323","869322","0","869881","0","730417","736614","NA","0","NA","0","0","735990","870336","57907","NA","869322","LexicalDecision"
"No","588","1","4","LF","2","1","1","n","/Users/florinecramer/Desktop/CCS 1/Methods in CCS/Methods_in_CCS","409","legacy","xpyriment","0.9552529182879378","n","588","1.0","hard","acts","1","105683","0","730418","730342","NA","NA","0","736617","730417","860134","870419","870418","0","870864","0","730417","736614","NA","0","NA","0","0","735990","871453","57907","NA","870417","LexicalDecision"
"No","756","1","4","LF","2","1","1","n","/Users/florinecramer/Desktop/CCS 1/Methods in CCS/Methods_in_CCS","418","legacy","xpyriment","0.9553398058252427","n","756","1.0","hard","larve","1","105683","0","730418","730342","NA","NA","0","736617","730417","860134","871537","871536","0","871989","0","730417","736614","NA","0","NA","0","0","735990","872746","57907","NA","871535","LexicalDecision"
"No","566","1","4","LF","2","1","1","n","/Users/florinecramer/Desktop/CCS 1/Methods in CCS/Methods_in_CCS","551","legacy","xpyriment","0.9554263565891473","n","566","1.0","hard","deuntjes","1","105683","0","730418","730342","NA","NA","0","736617","730417","860134","872830","872829","0","873410","0","730417","736614","NA","0","NA","0","0","735990","873977","57907","NA","872828","LexicalDecision"
"No","646","1","4","LF","2","1","1","n","/Users/florinecramer/Desktop/CCS 1/Methods in CCS/Methods_in_CCS","407","legacy","xpyriment","0.9555125725338491","n","646","1.0","hard","peddel","1","105683","0","730418","730342","NA","NA","0","736617","730417","860134","874061","874060","0","874493","0","730417","736614","NA","0","NA","0","0","735990","875140","57907","NA","874059","LexicalDecision"
"No","581","1","4","LF","2","1","1","n","/Users/florinecramer/Desktop/CCS 1/Methods in CCS/Methods_in_CCS","411","legacy","xpyriment","0.9555984555984556","n","581","1.0","hard","marker","1","105683","0","730418","730342","NA","NA","0","736617","730417","860134","875223","875222","0","875672","0","730417","736614","NA","0","NA","0","0","735990","876254","57907","NA","875221","LexicalDecision"
"No","926","1","4","LF","2","1","1","n","/Users/florinecramer/Desktop/CCS 1/Methods in CCS/Methods_in_CCS","440","legacy","xpyriment","0.9556840077071291","n","926","1.0","hard","twijgje","1","105683","0","730418","730342","NA","NA","0","736617","730417","860134","876338","876337","0","876804","0","730417","736614","NA","0","NA","0","0","735990","877731","57907","NA","876337","LexicalDecision"
"No","597","1","4","LF","2","1","1","n","/Users/florinecramer/Desktop/CCS 1/Methods in CCS/Methods_in_CCS","418","legacy","xpyriment","0.9557692307692308","n","597","1.0","hard","truitjes","1","105683","0","730418","730342","NA","NA","0","736617","730417","860134","877815","877814","0","878261","0","730417","736614","NA","0","NA","0","0","735990","878859","57907","NA","877814","LexicalDecision"
"No","538","1","4","LF","2","1","1","n","/Users/florinecramer/Desktop/CCS 1/Methods in CCS/Methods_in_CCS","571","legacy","xpyriment","0.9558541266794626","n","538","1.0","hard","walnoot","1","105683","0","730418","730342","NA","NA","0","736617","730417","860134","878942","878941","0","879546","0","730417","736614","NA","0","NA","0","0","735990","880085","57907","NA","878941","LexicalDecision"
"No","514","1","4","HF","1","1","1","n","/Users/florinecramer/Desktop/CCS 1/Methods in CCS/Methods_in_CCS","527","legacy","xpyriment","0.9559386973180076","n","514","1.0","easy","zijn","1","105683","0","730418","730342","NA","NA","0","736617","730417","860134","880168","880167","0","880728","0","730417","736614","NA","0","NA","0","0","735990","881243","57907","NA","880167","LexicalDecision"
"No","1069","0","4","Pseudo","3","0","0","m","/Users/florinecramer/Desktop/CCS 1/Methods in CCS/Methods_in_CCS","469","legacy","xpyriment","0.9541108986615678","n","1069","1.0","hard","brechtig","1","105683","0","730418","730342","NA","NA","0","736617","730417","882926","881326","881325","0","881835","0","730417","736614","NA","0","NA","0","0","735990","882905","57907","NA","881325","LexicalDecision"
"No","658","1","4","Pseudo","3","1","1","m","/Users/florinecramer/Desktop/CCS 1/Methods in CCS/Methods_in_CCS","484","legacy","xpyriment","0.9541984732824428","m","658","1.0","hard","braag","1","105683","0","730418","730342","NA","NA","0","736617","730417","882926","885046","885044","0","885568","0","730417","736614","NA","0","NA","0","0","735990","886227","57907","NA","885044","LexicalDecision"
"No","787","1","4","LF","2","1","1","n","/Users/florinecramer/Desktop/CCS 1/Methods in CCS/Methods_in_CCS","423","legacy","xpyriment","0.9542857142857143","n","787","1.0","hard","vliegjes","1","105683","0","730418","730342","NA","NA","0","736617","730417","882926","886310","886309","0","886764","0","730417","736614","NA","0","NA","0","0","735990","887552","57907","NA","886308","LexicalDecision"
"No","812","1","4","Pseudo","3","1","1","m","/Users/florinecramer/Desktop/CCS 1/Methods in CCS/Methods_in_CCS","522","legacy","xpyriment","0.9543726235741445","m","812","1.0","hard","bezoel","1","105683","0","730418","730342","NA","NA","0","736617","730417","882926","887635","887634","0","888186","0","730417","736614","NA","0","NA","0","0","735990","888999","57907","NA","887634","LexicalDecision"
"No","654","1","4","LF","2","1","1","n","/Users/florinecramer/Desktop/CCS 1/Methods in CCS/Methods_in_CCS","450","legacy","xpyriment","0.9544592030360531","n","654","1.0","hard","zombies","1","105683","0","730418","730342","NA","NA","0","736617","730417","882926","889082","889081","0","889568","0","730417","736614","NA","0","NA","0","0","735990","890223","57907","NA","889081","LexicalDecision"
"No","530","1","4","HF","1","1","1","n","/Users/florinecramer/Desktop/CCS 1/Methods in CCS/Methods_in_CCS","547","legacy","xpyriment","0.9545454545454546","n","530","1.0","easy","indruk","1","105683","0","730418","730342","NA","NA","0","736617","730417","882926","890306","890305","0","890887","0","730417","736614","NA","0","NA","0","0","735990","891418","57907","NA","890304","LexicalDecision"
"No","690","1","4","LF","2","1","1","n","/Users/florinecramer/Desktop/CCS 1/Methods in CCS/Methods_in_CCS","407","legacy","xpyriment","0.9546313799621928","n","690","1.0","hard","sultans","1","105683","0","730418","730342","NA","NA","0","736617","730417","882926","891501","891500","0","891938","0","730417","736614","NA","0","NA","0","0","735990","892629","57907","NA","891500","LexicalDecision"
"No","667","1","4","Pseudo","3","1","1","m","/Users/florinecramer/Desktop/CCS 1/Methods in CCS/Methods_in_CCS","478","legacy","xpyriment","0.9547169811320755","m","667","1.0","hard","roorts","1","105683","0","730418","730342","NA","NA","0","736617","730417","882926","892711","892710","0","893223","0","730417","736614","NA","0","NA","0","0","735990","893891","57907","NA","892710","LexicalDecision"
"No","609","1","4","Pseudo","3","1","1","m","/Users/florinecramer/Desktop/CCS 1/Methods in CCS/Methods_in_CCS","502","legacy","xpyriment","0.9548022598870056","m","609","1.0","hard","gitpen","1","105683","0","730418","730342","NA","NA","0","736617","730417","882926","893974","893973","0","894508","0","730417","736614","NA","0","NA","0","0","735990","895118","57907","NA","893972","LexicalDecision"
"No","600","1","4","LF","2","1","1","n","/Users/florinecramer/Desktop/CCS 1/Methods in CCS/Methods_in_CCS","445","legacy","xpyriment","0.9548872180451128","n","600","1.0","hard","rijder","1","105683","0","730418","730342","NA","NA","0","736617","730417","882926","895201","895200","0","895682","0","730417","736614","NA","0","NA","0","0","735990","896283","57907","NA","895199","LexicalDecision"
"No","612","1","4","LF","2","1","1","n","/Users/florinecramer/Desktop/CCS 1/Methods in CCS/Methods_in_CCS","442","legacy","xpyriment","0.9549718574108818","n","612","1.0","hard","racist","1","105683","0","730418","730342","NA","NA","0","736617","730417","882926","896366","896365","0","896839","0","730417","736614","NA","0","NA","0","0","735990","897452","57907","NA","896365","LexicalDecision"
"No","613","0","4","LF","2","0","0","n","/Users/florinecramer/Desktop/CCS 1/Methods in CCS/Methods_in_CCS","455","legacy","xpyriment","0.9531835205992509","m","613","1.0","hard","beitels","1","105683","0","730418","730342","NA","NA","0","736617","730417","898656","897535","897534","0","898022","0","730417","736614","NA","0","NA","0","0","735990","898636","57907","NA","897534","LexicalDecision"
"No","406","1","4","LF","2","1","1","n","/Users/florinecramer/Desktop/CCS 1/Methods in CCS/Methods_in_CCS","583","legacy","xpyriment","0.9532710280373832","n","406","1.0","hard","schatjes","1","105683","0","730418","730342","NA","NA","0","736617","730417","898656","900776","900775","0","901391","0","730417","736614","NA","0","NA","0","0","735990","901798","57907","NA","900774","LexicalDecision"
"No","523","1","4","HF","1","1","1","n","/Users/florinecramer/Desktop/CCS 1/Methods in CCS/Methods_in_CCS","595","legacy","xpyriment","0.9533582089552238","n","523","1.0","easy","vrienden","1","105683","0","730418","730342","NA","NA","0","736617","730417","898656","901881","901880","0","902506","0","730417","736614","NA","0","NA","0","0","735990","903030","57907","NA","901879","LexicalDecision"
"No","1103","1","4","LF","2","1","1","n","/Users/florinecramer/Desktop/CCS 1/Methods in CCS/Methods_in_CCS","583","legacy","xpyriment","0.9534450651769087","n","1103","1.0","hard","chalets","1","105683","0","730418","730342","NA","NA","0","736617","730417","898656","903113","903112","0","903733","0","730417","736614","NA","0","NA","0","0","735990","904837","57907","NA","903112","LexicalDecision"
"No","546","1","4","Pseudo","3","1","1","m","/Users/florinecramer/Desktop/CCS 1/Methods in CCS/Methods_in_CCS","401","legacy","xpyriment","0.9535315985130112","m","546","1.0","hard","egnect","1","105683","0","730418","730342","NA","NA","0","736617","730417","898656","904921","904919","0","905357","0","730417","736614","NA","0","NA","0","0","735990","905904","57907","NA","904919","LexicalDecision"
"No","491","1","4","Pseudo","3","1","1","m","/Users/florinecramer/Desktop/CCS 1/Methods in CCS/Methods_in_CCS","416","legacy","xpyriment","0.9536178107606679","m","491","1.0","hard","valers","1","105683","0","730418","730342","NA","NA","0","736617","730417","898656","905986","905985","0","906435","0","730417","736614","NA","0","NA","0","0","735990","906927","57907","NA","905985","LexicalDecision"
"No","571","1","4","Pseudo","3","1","1","m","/Users/florinecramer/Desktop/CCS 1/Methods in CCS/Methods_in_CCS","533","legacy","xpyriment","0.9537037037037037","m","571","1.0","hard","birden","1","105683","0","730418","730342","NA","NA","0","736617","730417","898656","907009","907008","0","907579","0","730417","736614","NA","0","NA","0","0","735990","908151","57907","NA","907008","LexicalDecision"
