"Practice","RT","accuracy","block","cond","condition","correct","correct_keyboard_response","correct_response","experiment_path","fixation_dur","keyboard_backend","mouse_backend","overall_accuracy","response_keyboard_response","response_time_keyboard_response","running_accuracy","stim_type","stimulus","subject_nr","time_Experimental","time_Practice","time_block_start","time_end_of_block_trigger","time_end_of_experiment","time_end_of_practice_block_trigger","time_experiment","time_experimental_block","time_experimental_sequence","time_feedback","time_fixation","time_fixation_duration","time_generalpreps","time_keyboard_response","time_main_instructions","time_new_block","time_new_block_trigger","time_new_sketchpad","time_practice_block","time_practice_block_trigger","time_practice_sequence_1","time_practice_start","time_presstostart","time_response_trigger","time_stimulus","time_stimulus_trigger","time_trial_sequence","title"
"Yes","482","1","0","Random","4","1","1","m","/Users/patrick/Documents/CCS/Methods for CCS/Methods_in_CCS","504","legacy","xpyriment","0.5","m","482","NA","NA","upnoocs","6","NA","16909","NA","NA","NA","NA","2737","NA","NA","NA","20207","20204","2757","20714","2759","NA","NA","NA","20102","NA","17005","17008","18815","21196","20714","NA","20204","LexicalDecision"
"Yes","513","1","0","LF","2","1","1","n","/Users/patrick/Documents/CCS/Methods for CCS/Methods_in_CCS","410","legacy","xpyriment","0.5","n","513","NA","NA","balkjes","6","NA","16909","NA","NA","NA","NA","2737","NA","NA","NA","21379","21376","2757","21792","2759","NA","NA","NA","20102","NA","17005","17008","18815","22306","21792","NA","21376","LexicalDecision"
"Yes","640","1","0","Random","4","1","1","m","/Users/patrick/Documents/CCS/Methods for CCS/Methods_in_CCS","404","legacy","xpyriment","0.5","m","640","NA","NA","paslejs","6","NA","16909","NA","NA","NA","NA","2737","NA","NA","NA","22461","22460","2757","22868","2759","NA","NA","NA","20102","NA","17005","17008","18815","23508","22868","NA","22459","LexicalDecision"
"Yes","529","1","0","HF","1","1","1","n","/Users/patrick/Documents/CCS/Methods for CCS/Methods_in_CCS","507","legacy","xpyriment","0.5","n","529","NA","NA","kale","6","NA","16909","NA","NA","NA","NA","2737","NA","NA","NA","23664","23663","2757","24173","2759","NA","NA","NA","20102","NA","17005","17008","18815","24703","24173","NA","23662","LexicalDecision"
"Yes","685","1","0","Pseudo","3","1","1","m","/Users/patrick/Documents/CCS/Methods for CCS/Methods_in_CCS","559","legacy","xpyriment","0.5","m","685","NA","NA","schotes","6","NA","16909","NA","NA","NA","NA","2737","NA","NA","NA","24860","24859","2757","25422","2759","NA","NA","NA","20102","NA","17005","17008","18815","26108","25422","NA","24858","LexicalDecision"
"Yes","674","1","0","Pseudo","3","1","1","m","/Users/patrick/Documents/CCS/Methods for CCS/Methods_in_CCS","412","legacy","xpyriment","0.5","m","674","NA","NA","bans","6","NA","16909","NA","NA","NA","NA","2737","NA","NA","NA","26262","26260","2757","26676","2759","NA","NA","NA","20102","NA","17005","17008","18815","27351","26676","NA","26260","LexicalDecision"
"Yes","534","1","0","LF","2","1","1","n","/Users/patrick/Documents/CCS/Methods for CCS/Methods_in_CCS","576","legacy","xpyriment","0.5","n","534","NA","NA","zuchtjes","6","NA","16909","NA","NA","NA","NA","2737","NA","NA","NA","27506","27505","2757","28085","2759","NA","NA","NA","20102","NA","17005","17008","18815","28619","28084","NA","27504","LexicalDecision"
"Yes","551","1","0","HF","1","1","1","n","/Users/patrick/Documents/CCS/Methods for CCS/Methods_in_CCS","424","legacy","xpyriment","0.5","n","551","NA","NA","kreeg","6","NA","16909","NA","NA","NA","NA","2737","NA","NA","NA","28786","28784","2757","29212","2759","NA","NA","NA","20102","NA","17005","17008","18815","29764","29212","NA","28784","LexicalDecision"
"No","443","1","1","Random","4","1","1","m","/Users/patrick/Documents/CCS/Methods for CCS/Methods_in_CCS","589","legacy","xpyriment","1.0","m","443","1.0","easy","vkeojns","6","30828","16909","30934","NA","NA","NA","2737","32478","30932","NA","32580","32578","2757","33208","2759","30932","32476","NA","20102","NA","17005","17008","31708","33652","29212","NA","32578","LexicalDecision"
"No","497","1","1","LF","2","1","1","n","/Users/patrick/Documents/CCS/Methods for CCS/Methods_in_CCS","405","legacy","xpyriment","1.0","n","497","1.0","hard","mesjes","6","30828","16909","30934","NA","NA","NA","2737","32478","30932","NA","33825","33824","2757","34272","2759","30932","32476","NA","20102","NA","17005","17008","31708","34770","29212","NA","33823","LexicalDecision"
"No","527","1","1","LF","2","1","1","n","/Users/patrick/Documents/CCS/Methods for CCS/Methods_in_CCS","523","legacy","xpyriment","1.0","n","527","1.0","hard","zeemeeuw","6","30828","16909","30934","NA","NA","NA","2737","32478","30932","NA","34944","34942","2757","35513","2759","30932","32476","NA","20102","NA","17005","17008","31708","36040","29212","NA","34942","LexicalDecision"
"No","479","1","1","LF","2","1","1","n","/Users/patrick/Documents/CCS/Methods for CCS/Methods_in_CCS","573","legacy","xpyriment","1.0","n","479","1.0","hard","prinsjes","6","30828","16909","30934","NA","NA","NA","2737","32478","30932","NA","36197","36195","2757","36812","2759","30932","32476","NA","20102","NA","17005","17008","31708","37292","29212","NA","36195","LexicalDecision"
"No","570","1","1","LF","2","1","1","n","/Users/patrick/Documents/CCS/Methods for CCS/Methods_in_CCS","467","legacy","xpyriment","1.0","n","570","1.0","hard","zeefje","6","30828","16909","30934","NA","NA","NA","2737","32478","30932","NA","37450","37449","2757","37958","2759","30932","32476","NA","20102","NA","17005","17008","31708","38529","29212","NA","37448","LexicalDecision"
"No","506","0","1","LF","2","0","0","n","/Users/patrick/Documents/CCS/Methods for CCS/Methods_in_CCS","424","legacy","xpyriment","0.8333333333333334","m","506","0.8333333333333334","hard","aktes","6","30828","16909","30934","NA","NA","NA","2737","32478","30932","39699","38685","38683","2757","39153","2759","30932","32476","NA","20102","NA","17005","17008","31708","39660","29212","NA","38683","LexicalDecision"
"No","483","1","1","LF","2","1","1","n","/Users/patrick/Documents/CCS/Methods for CCS/Methods_in_CCS","466","legacy","xpyriment","0.8571428571428571","n","483","0.8571428571428571","hard","mossels","6","30828","16909","30934","NA","NA","NA","2737","32478","30932","39699","41864","41862","2757","42373","2759","30932","32476","NA","20102","NA","17005","17008","31708","42857","29212","NA","41862","LexicalDecision"
"No","628","1","1","Pseudo","3","1","1","m","/Users/patrick/Documents/CCS/Methods for CCS/Methods_in_CCS","580","legacy","xpyriment","0.875","m","628","0.875","hard","treen","6","30828","16909","30934","NA","NA","NA","2737","32478","30932","39699","43014","43012","2757","43638","2759","30932","32476","NA","20102","NA","17005","17008","31708","44267","29212","NA","43012","LexicalDecision"
"No","738","1","1","Pseudo","3","1","1","m","/Users/patrick/Documents/CCS/Methods for CCS/Methods_in_CCS","466","legacy","xpyriment","0.8888888888888888","m","738","0.8888888888888888","hard","kemen","6","30828","16909","30934","NA","NA","NA","2737","32478","30932","39699","44425","44423","2757","44932","2759","30932","32476","NA","20102","NA","17005","17008","31708","45671","29212","NA","44423","LexicalDecision"
"No","1013","1","1","Pseudo","3","1","1","m","/Users/patrick/Documents/CCS/Methods for CCS/Methods_in_CCS","595","legacy","xpyriment","0.9","m","1013","0.9","hard","tonaar","6","30828","16909","30934","NA","NA","NA","2737","32478","30932","39699","45830","45829","2757","46468","2759","30932","32476","NA","20102","NA","17005","17008","31708","47482","29212","NA","45828","LexicalDecision"
"No","592","1","1","LF","2","1","1","n","/Users/patrick/Documents/CCS/Methods for CCS/Methods_in_CCS","414","legacy","xpyriment","0.9090909090909091","n","592","0.9090909090909091","hard","printers","6","30828","16909","30934","NA","NA","NA","2737","32478","30932","39699","47640","47638","2757","48097","2759","30932","32476","NA","20102","NA","17005","17008","31708","48690","29212","NA","47638","LexicalDecision"
"No","1041","1","1","Pseudo","3","1","1","m","/Users/patrick/Documents/CCS/Methods for CCS/Methods_in_CCS","591","legacy","xpyriment","0.9166666666666666","m","1041","0.9166666666666666","hard","strag","6","30828","16909","30934","NA","NA","NA","2737","32478","30932","39699","48848","48846","2757","49485","2759","30932","32476","NA","20102","NA","17005","17008","31708","50527","29212","NA","48846","LexicalDecision"
"No","828","1","1","LF","2","1","1","n","/Users/patrick/Documents/CCS/Methods for CCS/Methods_in_CCS","542","legacy","xpyriment","0.9230769230769231","n","828","0.9230769230769231","hard","fraudes","6","30828","16909","30934","NA","NA","NA","2737","32478","30932","39699","50684","50682","2757","51272","2759","30932","32476","NA","20102","NA","17005","17008","31708","52101","29212","NA","50682","LexicalDecision"
"No","659","1","1","LF","2","1","1","n","/Users/patrick/Documents/CCS/Methods for CCS/Methods_in_CCS","555","legacy","xpyriment","0.9285714285714286","n","659","0.9285714285714286","hard","flora's","6","30828","16909","30934","NA","NA","NA","2737","32478","30932","39699","52259","52257","2757","52860","2759","30932","32476","NA","20102","NA","17005","17008","31708","53520","29212","NA","52256","LexicalDecision"
"No","835","1","1","Pseudo","3","1","1","m","/Users/patrick/Documents/CCS/Methods for CCS/Methods_in_CCS","590","legacy","xpyriment","0.9333333333333333","m","835","0.9333333333333333","hard","heutel","6","30828","16909","30934","NA","NA","NA","2737","32478","30932","39699","53684","53682","2757","54320","2759","30932","32476","NA","20102","NA","17005","17008","31708","55156","29212","NA","53682","LexicalDecision"
"No","739","1","1","LF","2","1","1","n","/Users/patrick/Documents/CCS/Methods for CCS/Methods_in_CCS","510","legacy","xpyriment","0.9375","n","739","0.9375","hard","buffers","6","30828","16909","30934","NA","NA","NA","2737","32478","30932","39699","55312","55310","2757","55864","2759","30932","32476","NA","20102","NA","17005","17008","31708","56603","29212","NA","55310","LexicalDecision"
"No","591","1","1","HF","1","1","1","n","/Users/patrick/Documents/CCS/Methods for CCS/Methods_in_CCS","595","legacy","xpyriment","0.9411764705882353","n","591","0.9411764705882353","easy","hoger","6","30828","16909","30934","NA","NA","NA","2737","32478","30932","39699","56762","56760","2757","57404","2759","30932","32476","NA","20102","NA","17005","17008","31708","57996","29212","NA","56759","LexicalDecision"
"No","1277","0","1","Pseudo","3","0","0","m","/Users/patrick/Documents/CCS/Methods for CCS/Methods_in_CCS","518","legacy","xpyriment","0.8888888888888888","n","1277","0.8888888888888888","hard","bezoofd","6","30828","16909","30934","NA","NA","NA","2737","32478","30932","60038","58155","58154","2757","58721","2759","30932","32476","NA","20102","NA","17005","17008","31708","60000","29212","NA","58153","LexicalDecision"
"No","788","1","1","Pseudo","3","1","1","m","/Users/patrick/Documents/CCS/Methods for CCS/Methods_in_CCS","531","legacy","xpyriment","0.8947368421052632","m","788","0.8947368421052632","hard","deven","6","30828","16909","30934","NA","NA","NA","2737","32478","30932","60038","62199","62197","2757","62776","2759","30932","32476","NA","20102","NA","17005","17008","31708","63564","29212","NA","62197","LexicalDecision"
"No","535","1","1","LF","2","1","1","n","/Users/patrick/Documents/CCS/Methods for CCS/Methods_in_CCS","552","legacy","xpyriment","0.9","n","535","0.9","hard","shirts","6","30828","16909","30934","NA","NA","NA","2737","32478","30932","60038","63719","63717","2757","64317","2759","30932","32476","NA","20102","NA","17005","17008","31708","64853","29212","NA","63716","LexicalDecision"
"No","676","1","1","LF","2","1","1","n","/Users/patrick/Documents/CCS/Methods for CCS/Methods_in_CCS","546","legacy","xpyriment","0.9047619047619048","n","676","0.9047619047619048","hard","item","6","30828","16909","30934","NA","NA","NA","2737","32478","30932","60038","65013","65012","2757","65604","2759","30932","32476","NA","20102","NA","17005","17008","31708","66281","29212","NA","65011","LexicalDecision"
"No","1161","1","1","Pseudo","3","1","1","m","/Users/patrick/Documents/CCS/Methods for CCS/Methods_in_CCS","578","legacy","xpyriment","0.9090909090909091","m","1161","0.9090909090909091","hard","buiven","6","30828","16909","30934","NA","NA","NA","2737","32478","30932","60038","66439","66438","2757","67065","2759","30932","32476","NA","20102","NA","17005","17008","31708","68227","29212","NA","66437","LexicalDecision"
"No","609","1","1","LF","2","1","1","n","/Users/patrick/Documents/CCS/Methods for CCS/Methods_in_CCS","417","legacy","xpyriment","0.9130434782608695","n","609","0.9130434782608695","hard","gympjes","6","30828","16909","30934","NA","NA","NA","2737","32478","30932","60038","68386","68384","2757","68846","2759","30932","32476","NA","20102","NA","17005","17008","31708","69456","29212","NA","68384","LexicalDecision"
"No","653","1","1","Random","4","1","1","m","/Users/patrick/Documents/CCS/Methods for CCS/Methods_in_CCS","592","legacy","xpyriment","0.9166666666666666","m","653","0.9166666666666666","easy","nelpze","6","30828","16909","30934","NA","NA","NA","2737","32478","30932","60038","69614","69612","2757","70251","2759","30932","32476","NA","20102","NA","17005","17008","31708","70905","29212","NA","69611","LexicalDecision"
"No","669","0","1","Pseudo","3","0","0","m","/Users/patrick/Documents/CCS/Methods for CCS/Methods_in_CCS","558","legacy","xpyriment","0.88","n","669","0.88","hard","stelzen","6","30828","16909","30934","NA","NA","NA","2737","32478","30932","72374","71068","71066","2757","71670","2759","30932","32476","NA","20102","NA","17005","17008","31708","72340","29212","NA","71066","LexicalDecision"
"No","629","1","1","Pseudo","3","1","1","m","/Users/patrick/Documents/CCS/Methods for CCS/Methods_in_CCS","521","legacy","xpyriment","0.8846153846153846","m","629","0.88","hard","stolm","6","30828","16909","30934","NA","NA","NA","2737","32478","30932","72374","74540","74538","2757","75104","2759","30932","32476","NA","20102","NA","17005","17008","31708","75734","29212","NA","74537","LexicalDecision"
"No","507","1","1","LF","2","1","1","n","/Users/patrick/Documents/CCS/Methods for CCS/Methods_in_CCS","491","legacy","xpyriment","0.8888888888888888","n","507","0.88","hard","frietjes","6","30828","16909","30934","NA","NA","NA","2737","32478","30932","72374","75890","75889","2757","76423","2759","30932","32476","NA","20102","NA","17005","17008","31708","76931","29212","NA","75888","LexicalDecision"
"No","1034","1","1","Pseudo","3","1","1","m","/Users/patrick/Documents/CCS/Methods for CCS/Methods_in_CCS","547","legacy","xpyriment","0.8928571428571429","m","1034","0.88","hard","gedecht","6","30828","16909","30934","NA","NA","NA","2737","32478","30932","72374","77091","77089","2757","77682","2759","30932","32476","NA","20102","NA","17005","17008","31708","78717","29212","NA","77088","LexicalDecision"
"No","1421","0","1","Pseudo","3","0","0","m","/Users/patrick/Documents/CCS/Methods for CCS/Methods_in_CCS","447","legacy","xpyriment","0.8620689655172413","n","1421","0.84","hard","fave","6","30828","16909","30934","NA","NA","NA","2737","32478","30932","80819","78874","78872","2757","79366","2759","30932","32476","NA","20102","NA","17005","17008","31708","80788","29212","NA","78872","LexicalDecision"
"No","565","1","1","LF","2","1","1","n","/Users/patrick/Documents/CCS/Methods for CCS/Methods_in_CCS","426","legacy","xpyriment","0.8666666666666667","n","565","0.84","hard","look","6","30828","16909","30934","NA","NA","NA","2737","32478","30932","80819","82982","82980","2757","83451","2759","30932","32476","NA","20102","NA","17005","17008","31708","84017","29212","NA","82980","LexicalDecision"
"No","548","1","1","Pseudo","3","1","1","m","/Users/patrick/Documents/CCS/Methods for CCS/Methods_in_CCS","482","legacy","xpyriment","0.8709677419354839","m","548","0.88","hard","brots","6","30828","16909","30934","NA","NA","NA","2737","32478","30932","80819","84177","84175","2757","84705","2759","30932","32476","NA","20102","NA","17005","17008","31708","85254","29212","NA","84174","LexicalDecision"
"No","1103","1","1","Pseudo","3","1","1","m","/Users/patrick/Documents/CCS/Methods for CCS/Methods_in_CCS","414","legacy","xpyriment","0.875","m","1103","0.88","hard","nassen","6","30828","16909","30934","NA","NA","NA","2737","32478","30932","80819","85414","85412","2757","85872","2759","30932","32476","NA","20102","NA","17005","17008","31708","86975","29212","NA","85411","LexicalDecision"
"No","915","1","1","Random","4","1","1","m","/Users/patrick/Documents/CCS/Methods for CCS/Methods_in_CCS","470","legacy","xpyriment","0.8787878787878788","m","915","0.88","easy","seorbt","6","30828","16909","30934","NA","NA","NA","2737","32478","30932","80819","87131","87129","2757","87646","2759","30932","32476","NA","20102","NA","17005","17008","31708","88562","29212","NA","87129","LexicalDecision"
"No","715","1","1","Random","4","1","1","m","/Users/patrick/Documents/CCS/Methods for CCS/Methods_in_CCS","442","legacy","xpyriment","0.8823529411764706","m","715","0.88","easy","velatks","6","30828","16909","30934","NA","NA","NA","2737","32478","30932","80819","88722","88720","2757","89205","2759","30932","32476","NA","20102","NA","17005","17008","31708","89920","29212","NA","88719","LexicalDecision"
"No","678","1","1","LF","2","1","1","n","/Users/patrick/Documents/CCS/Methods for CCS/Methods_in_CCS","496","legacy","xpyriment","0.8857142857142857","n","678","0.88","hard","gieters","6","30828","16909","30934","NA","NA","NA","2737","32478","30932","80819","90080","90078","2757","90622","2759","30932","32476","NA","20102","NA","17005","17008","31708","91301","29212","NA","90078","LexicalDecision"
"No","638","1","1","LF","2","1","1","n","/Users/patrick/Documents/CCS/Methods for CCS/Methods_in_CCS","548","legacy","xpyriment","0.8888888888888888","n","638","0.88","hard","shirtje","6","30828","16909","30934","NA","NA","NA","2737","32478","30932","80819","91460","91458","2757","92049","2759","30932","32476","NA","20102","NA","17005","17008","31708","92688","29212","NA","91457","LexicalDecision"
"No","652","1","1","LF","2","1","1","n","/Users/patrick/Documents/CCS/Methods for CCS/Methods_in_CCS","464","legacy","xpyriment","0.8918918918918919","n","652","0.88","hard","sauna's","6","30828","16909","30934","NA","NA","NA","2737","32478","30932","80819","92846","92844","2757","93352","2759","30932","32476","NA","20102","NA","17005","17008","31708","94005","29212","NA","92843","LexicalDecision"
"No","1225","1","1","LF","2","1","1","n","/Users/patrick/Documents/CCS/Methods for CCS/Methods_in_CCS","454","legacy","xpyriment","0.8947368421052632","n","1225","0.88","hard","trutten","6","30828","16909","30934","NA","NA","NA","2737","32478","30932","80819","94169","94167","2757","94666","2759","30932","32476","NA","20102","NA","17005","17008","31708","95892","29212","NA","94166","LexicalDecision"
"No","877","1","1","Pseudo","3","1","1","m","/Users/patrick/Documents/CCS/Methods for CCS/Methods_in_CCS","450","legacy","xpyriment","0.8974358974358975","m","877","0.88","hard","icht","6","30828","16909","30934","NA","NA","NA","2737","32478","30932","80819","96049","96047","2757","96542","2759","30932","32476","NA","20102","NA","17005","17008","31708","97420","29212","NA","96047","LexicalDecision"
"No","1091","1","1","Pseudo","3","1","1","m","/Users/patrick/Documents/CCS/Methods for CCS/Methods_in_CCS","567","legacy","xpyriment","0.9","m","1091","0.88","hard","getten","6","30828","16909","30934","NA","NA","NA","2737","32478","30932","80819","97576","97574","2757","98189","2759","30932","32476","NA","20102","NA","17005","17008","31708","99281","29212","NA","97574","LexicalDecision"
"No","726","1","1","LF","2","1","1","n","/Users/patrick/Documents/CCS/Methods for CCS/Methods_in_CCS","434","legacy","xpyriment","0.9024390243902439","n","726","0.88","hard","stekkers","6","30828","16909","30934","NA","NA","NA","2737","32478","30932","80819","99436","99435","2757","99917","2759","30932","32476","NA","20102","NA","17005","17008","31708","100644","29212","NA","99434","LexicalDecision"
"No","1131","0","1","LF","2","0","0","n","/Users/patrick/Documents/CCS/Methods for CCS/Methods_in_CCS","485","legacy","xpyriment","0.8809523809523809","m","1131","0.84","hard","wimper","6","30828","16909","30934","NA","NA","NA","2737","32478","30932","102494","100800","100799","2757","101329","2759","30932","32476","NA","20102","NA","17005","17008","31708","102461","29212","NA","100798","LexicalDecision"
"No","495","1","1","HF","1","1","1","n","/Users/patrick/Documents/CCS/Methods for CCS/Methods_in_CCS","419","legacy","xpyriment","0.8837209302325582","n","495","0.88","easy","vaker","6","30828","16909","30934","NA","NA","NA","2737","32478","30932","102494","104655","104654","2757","105116","2759","30932","32476","NA","20102","NA","17005","17008","31708","105612","29212","NA","104654","LexicalDecision"
"No","589","1","1","Random","4","1","1","m","/Users/patrick/Documents/CCS/Methods for CCS/Methods_in_CCS","465","legacy","xpyriment","0.8863636363636364","m","589","0.88","easy","olpshee","6","30828","16909","30934","NA","NA","NA","2737","32478","30932","102494","105768","105766","2757","106275","2759","30932","32476","NA","20102","NA","17005","17008","31708","106865","29212","NA","105765","LexicalDecision"
"No","735","1","1","Pseudo","3","1","1","m","/Users/patrick/Documents/CCS/Methods for CCS/Methods_in_CCS","462","legacy","xpyriment","0.8888888888888888","m","735","0.88","hard","vekte","6","30828","16909","30934","NA","NA","NA","2737","32478","30932","102494","107018","107017","2757","107525","2759","30932","32476","NA","20102","NA","17005","17008","31708","108261","29212","NA","107016","LexicalDecision"
"No","847","1","1","Pseudo","3","1","1","m","/Users/patrick/Documents/CCS/Methods for CCS/Methods_in_CCS","539","legacy","xpyriment","0.8913043478260869","m","847","0.88","hard","kolgt","6","30828","16909","30934","NA","NA","NA","2737","32478","30932","102494","108417","108415","2757","108997","2759","30932","32476","NA","20102","NA","17005","17008","31708","109845","29212","NA","108414","LexicalDecision"
"No","712","1","1","Pseudo","3","1","1","m","/Users/patrick/Documents/CCS/Methods for CCS/Methods_in_CCS","499","legacy","xpyriment","0.8936170212765957","m","712","0.88","hard","laal","6","30828","16909","30934","NA","NA","NA","2737","32478","30932","102494","109998","109996","2757","110541","2759","30932","32476","NA","20102","NA","17005","17008","31708","111254","29212","NA","109995","LexicalDecision"
"No","579","1","1","LF","2","1","1","n","/Users/patrick/Documents/CCS/Methods for CCS/Methods_in_CCS","423","legacy","xpyriment","0.8958333333333334","n","579","0.88","hard","vliegje","6","30828","16909","30934","NA","NA","NA","2737","32478","30932","102494","111413","111412","2757","111881","2759","30932","32476","NA","20102","NA","17005","17008","31708","112461","29212","NA","111411","LexicalDecision"
"No","612","1","1","LF","2","1","1","n","/Users/patrick/Documents/CCS/Methods for CCS/Methods_in_CCS","537","legacy","xpyriment","0.8979591836734694","n","612","0.88","hard","scanners","6","30828","16909","30934","NA","NA","NA","2737","32478","30932","102494","112617","112615","2757","113197","2759","30932","32476","NA","20102","NA","17005","17008","31708","113810","29212","NA","112614","LexicalDecision"
"No","914","1","1","Pseudo","3","1","1","m","/Users/patrick/Documents/CCS/Methods for CCS/Methods_in_CCS","398","legacy","xpyriment","0.9","m","914","0.92","hard","stenker","6","30828","16909","30934","NA","NA","NA","2737","32478","30932","102494","113975","113974","2757","114422","2759","30932","32476","NA","20102","NA","17005","17008","31708","115337","29212","NA","113973","LexicalDecision"
"No","1014","1","1","LF","2","1","1","n","/Users/patrick/Documents/CCS/Methods for CCS/Methods_in_CCS","538","legacy","xpyriment","0.9019607843137255","n","1014","0.92","hard","cartoons","6","30828","16909","30934","NA","NA","NA","2737","32478","30932","102494","115494","115493","2757","116075","2759","30932","32476","NA","20102","NA","17005","17008","31708","117090","29212","NA","115492","LexicalDecision"
"No","596","1","1","LF","2","1","1","n","/Users/patrick/Documents/CCS/Methods for CCS/Methods_in_CCS","545","legacy","xpyriment","0.9038461538461539","n","596","0.92","hard","racebaan","6","30828","16909","30934","NA","NA","NA","2737","32478","30932","102494","117250","117248","2757","117839","2759","30932","32476","NA","20102","NA","17005","17008","31708","118436","29212","NA","117247","LexicalDecision"
"No","816","1","1","LF","2","1","1","n","/Users/patrick/Documents/CCS/Methods for CCS/Methods_in_CCS","422","legacy","xpyriment","0.9056603773584906","n","816","0.92","hard","gleufje","6","30828","16909","30934","NA","NA","NA","2737","32478","30932","102494","118595","118594","2757","119063","2759","30932","32476","NA","20102","NA","17005","17008","31708","119880","29212","NA","118592","LexicalDecision"
"No","696","1","1","LF","2","1","1","n","/Users/patrick/Documents/CCS/Methods for CCS/Methods_in_CCS","456","legacy","xpyriment","0.9074074074074074","n","696","0.96","hard","mutsjes","6","30828","16909","30934","NA","NA","NA","2737","32478","30932","102494","120036","120034","2757","120539","2759","30932","32476","NA","20102","NA","17005","17008","31708","121236","29212","NA","120034","LexicalDecision"
"No","570","1","1","LF","2","1","1","n","/Users/patrick/Documents/CCS/Methods for CCS/Methods_in_CCS","530","legacy","xpyriment","0.9090909090909091","n","570","0.96","hard","flipper","6","30828","16909","30934","NA","NA","NA","2737","32478","30932","102494","121393","121392","2757","121969","2759","30932","32476","NA","20102","NA","17005","17008","31708","122541","29212","NA","121391","LexicalDecision"
"No","645","1","1","LF","2","1","1","n","/Users/patrick/Documents/CCS/Methods for CCS/Methods_in_CCS","481","legacy","xpyriment","0.9107142857142857","n","645","0.96","hard","pilsjes","6","30828","16909","30934","NA","NA","NA","2737","32478","30932","102494","122699","122697","2757","123227","2759","30932","32476","NA","20102","NA","17005","17008","31708","123873","29212","NA","122696","LexicalDecision"
"No","663","1","1","Pseudo","3","1","1","m","/Users/patrick/Documents/CCS/Methods for CCS/Methods_in_CCS","563","legacy","xpyriment","0.9122807017543859","m","663","0.96","hard","tonaar","6","30828","16909","30934","NA","NA","NA","2737","32478","30932","102494","124029","124027","2757","124634","2759","30932","32476","NA","20102","NA","17005","17008","31708","125298","29212","NA","124026","LexicalDecision"
"No","626","1","1","LF","2","1","1","n","/Users/patrick/Documents/CCS/Methods for CCS/Methods_in_CCS","573","legacy","xpyriment","0.9137931034482759","n","626","0.96","hard","olijf","6","30828","16909","30934","NA","NA","NA","2737","32478","30932","102494","125457","125456","2757","126069","2759","30932","32476","NA","20102","NA","17005","17008","31708","126696","29212","NA","125455","LexicalDecision"
"No","604","0","1","LF","2","0","0","n","/Users/patrick/Documents/CCS/Methods for CCS/Methods_in_CCS","556","legacy","xpyriment","0.8983050847457628","m","604","0.92","hard","koordjes","6","30828","16909","30934","NA","NA","NA","2737","32478","30932","128090","126852","126850","2757","127452","2759","30932","32476","NA","20102","NA","17005","17008","31708","128057","29212","NA","126850","LexicalDecision"
"No","553","1","1","Pseudo","3","1","1","m","/Users/patrick/Documents/CCS/Methods for CCS/Methods_in_CCS","503","legacy","xpyriment","0.9","m","553","0.92","hard","cest","6","30828","16909","30934","NA","NA","NA","2737","32478","30932","128090","130258","130257","2757","130803","2759","30932","32476","NA","20102","NA","17005","17008","31708","131357","29212","NA","130257","LexicalDecision"
"No","500","1","1","LF","2","1","1","n","/Users/patrick/Documents/CCS/Methods for CCS/Methods_in_CCS","578","legacy","xpyriment","0.9016393442622951","n","500","0.92","hard","strippen","6","30828","16909","30934","NA","NA","NA","2737","32478","30932","128090","131514","131512","2757","132138","2759","30932","32476","NA","20102","NA","17005","17008","31708","132639","29212","NA","131512","LexicalDecision"
"No","632","1","1","LF","2","1","1","n","/Users/patrick/Documents/CCS/Methods for CCS/Methods_in_CCS","552","legacy","xpyriment","0.9032258064516129","n","632","0.92","hard","tumors","6","30828","16909","30934","NA","NA","NA","2737","32478","30932","128090","132801","132799","2757","133387","2759","30932","32476","NA","20102","NA","17005","17008","31708","134020","29212","NA","132798","LexicalDecision"
"No","632","1","1","Pseudo","3","1","1","m","/Users/patrick/Documents/CCS/Methods for CCS/Methods_in_CCS","472","legacy","xpyriment","0.9047619047619048","m","632","0.92","hard","aand","6","30828","16909","30934","NA","NA","NA","2737","32478","30932","128090","134189","134182","2757","134707","2759","30932","32476","NA","20102","NA","17005","17008","31708","135340","29212","NA","134181","LexicalDecision"
"No","687","1","1","Pseudo","3","1","1","m","/Users/patrick/Documents/CCS/Methods for CCS/Methods_in_CCS","538","legacy","xpyriment","0.90625","m","687","0.92","hard","vonen","6","30828","16909","30934","NA","NA","NA","2737","32478","30932","128090","135501","135499","2757","136073","2759","30932","32476","NA","20102","NA","17005","17008","31708","136761","29212","NA","135499","LexicalDecision"
"No","596","1","1","LF","2","1","1","n","/Users/patrick/Documents/CCS/Methods for CCS/Methods_in_CCS","579","legacy","xpyriment","0.9076923076923077","n","596","0.92","hard","krommen","6","30828","16909","30934","NA","NA","NA","2737","32478","30932","128090","136923","136922","2757","137547","2759","30932","32476","NA","20102","NA","17005","17008","31708","138144","29212","NA","136921","LexicalDecision"
"No","594","1","1","Random","4","1","1","m","/Users/patrick/Documents/CCS/Methods for CCS/Methods_in_CCS","555","legacy","xpyriment","0.9090909090909091","m","594","0.92","easy","lryla","6","30828","16909","30934","NA","NA","NA","2737","32478","30932","128090","138304","138303","2757","138904","2759","30932","32476","NA","20102","NA","17005","17008","31708","139499","29212","NA","138301","LexicalDecision"
"No","1323","0","1","Pseudo","3","0","0","m","/Users/patrick/Documents/CCS/Methods for CCS/Methods_in_CCS","512","legacy","xpyriment","0.8955223880597015","n","1323","0.92","hard","bewoeld","6","30828","16909","30934","NA","NA","NA","2737","32478","30932","141564","139655","139654","2757","140209","2759","30932","32476","NA","20102","NA","17005","17008","31708","141533","29212","NA","139653","LexicalDecision"
"No","795","1","1","LF","2","1","1","n","/Users/patrick/Documents/CCS/Methods for CCS/Methods_in_CCS","559","legacy","xpyriment","0.8970588235294118","n","795","0.92","hard","reebok","6","30828","16909","30934","NA","NA","NA","2737","32478","30932","141564","143728","143727","2757","144330","2759","30932","32476","NA","20102","NA","17005","17008","31708","145126","29212","NA","143726","LexicalDecision"
"No","714","1","1","Pseudo","3","1","1","m","/Users/patrick/Documents/CCS/Methods for CCS/Methods_in_CCS","461","legacy","xpyriment","0.8985507246376812","m","714","0.92","hard","dielen","6","30828","16909","30934","NA","NA","NA","2737","32478","30932","141564","145283","145281","2757","145787","2759","30932","32476","NA","20102","NA","17005","17008","31708","146502","29212","NA","145280","LexicalDecision"
"No","602","1","1","Pseudo","3","1","1","m","/Users/patrick/Documents/CCS/Methods for CCS/Methods_in_CCS","527","legacy","xpyriment","0.9","m","602","0.92","hard","kied","6","30828","16909","30934","NA","NA","NA","2737","32478","30932","141564","146659","146657","2757","147228","2759","30932","32476","NA","20102","NA","17005","17008","31708","147831","29212","NA","146657","LexicalDecision"
"No","751","1","1","Pseudo","3","1","1","m","/Users/patrick/Documents/CCS/Methods for CCS/Methods_in_CCS","540","legacy","xpyriment","0.9014084507042254","m","751","0.92","hard","borkers","6","30828","16909","30934","NA","NA","NA","2737","32478","30932","141564","147987","147985","2757","148588","2759","30932","32476","NA","20102","NA","17005","17008","31708","149340","29212","NA","147985","LexicalDecision"
"No","625","1","1","Pseudo","3","1","1","m","/Users/patrick/Documents/CCS/Methods for CCS/Methods_in_CCS","582","legacy","xpyriment","0.9027777777777778","m","625","0.92","hard","thuil","6","30828","16909","30934","NA","NA","NA","2737","32478","30932","141564","149500","149498","2757","150124","2759","30932","32476","NA","20102","NA","17005","17008","31708","150750","29212","NA","149497","LexicalDecision"
"No","579","1","1","LF","2","1","1","n","/Users/patrick/Documents/CCS/Methods for CCS/Methods_in_CCS","528","legacy","xpyriment","0.9041095890410958","n","579","0.92","hard","diefje","6","30828","16909","30934","NA","NA","NA","2737","32478","30932","141564","150910","150909","2757","151486","2759","30932","32476","NA","20102","NA","17005","17008","31708","152066","29212","NA","150908","LexicalDecision"
"No","695","1","1","Pseudo","3","1","1","m","/Users/patrick/Documents/CCS/Methods for CCS/Methods_in_CCS","480","legacy","xpyriment","0.9054054054054054","m","695","0.92","hard","geklees","6","30828","16909","30934","NA","NA","NA","2737","32478","30932","141564","152223","152222","2757","152752","2759","30932","32476","NA","20102","NA","17005","17008","31708","153448","29212","NA","152221","LexicalDecision"
"No","806","1","1","Pseudo","3","1","1","m","/Users/patrick/Documents/CCS/Methods for CCS/Methods_in_CCS","434","legacy","xpyriment","0.9066666666666666","m","806","0.92","hard","focht","6","30828","16909","30934","NA","NA","NA","2737","32478","30932","141564","153604","153602","2757","154085","2759","30932","32476","NA","20102","NA","17005","17008","31708","154892","29212","NA","153601","LexicalDecision"
"No","657","1","1","LF","2","1","1","n","/Users/patrick/Documents/CCS/Methods for CCS/Methods_in_CCS","489","legacy","xpyriment","0.9078947368421053","n","657","0.92","hard","blaasje","6","30828","16909","30934","NA","NA","NA","2737","32478","30932","141564","155050","155049","2757","155584","2759","30932","32476","NA","20102","NA","17005","17008","31708","156242","29212","NA","155047","LexicalDecision"
"No","848","1","1","Pseudo","3","1","1","m","/Users/patrick/Documents/CCS/Methods for CCS/Methods_in_CCS","428","legacy","xpyriment","0.9090909090909091","m","848","0.92","hard","steren","6","30828","16909","30934","NA","NA","NA","2737","32478","30932","141564","156398","156396","2757","156868","2759","30932","32476","NA","20102","NA","17005","17008","31708","157717","29212","NA","156396","LexicalDecision"
"No","788","1","1","Pseudo","3","1","1","m","/Users/patrick/Documents/CCS/Methods for CCS/Methods_in_CCS","415","legacy","xpyriment","0.9102564102564102","m","788","0.92","hard","drij","6","30828","16909","30934","NA","NA","NA","2737","32478","30932","141564","157874","157873","2757","158332","2759","30932","32476","NA","20102","NA","17005","17008","31708","159121","29212","NA","157872","LexicalDecision"
"No","743","1","1","Pseudo","3","1","1","m","/Users/patrick/Documents/CCS/Methods for CCS/Methods_in_CCS","466","legacy","xpyriment","0.9113924050632911","m","743","0.92","hard","blelen","6","30828","16909","30934","NA","NA","NA","2737","32478","30932","141564","159277","159276","2757","159776","2759","30932","32476","NA","20102","NA","17005","17008","31708","160520","29212","NA","159275","LexicalDecision"
"No","811","1","1","Pseudo","3","1","1","m","/Users/patrick/Documents/CCS/Methods for CCS/Methods_in_CCS","507","legacy","xpyriment","0.9125","m","811","0.92","hard","meeld","6","30828","16909","30934","NA","NA","NA","2737","32478","30932","141564","160676","160675","2757","161229","2759","30932","32476","NA","20102","NA","17005","17008","31708","162041","29212","NA","160674","LexicalDecision"
"No","572","0","1","LF","2","0","0","n","/Users/patrick/Documents/CCS/Methods for CCS/Methods_in_CCS","593","legacy","xpyriment","0.9012345679012346","m","572","0.88","hard","etters","6","30828","16909","30934","NA","NA","NA","2737","32478","30932","163441","162198","162196","2757","162835","2759","30932","32476","NA","20102","NA","17005","17008","31708","163408","29212","NA","162195","LexicalDecision"
"No","575","1","1","Pseudo","3","1","1","m","/Users/patrick/Documents/CCS/Methods for CCS/Methods_in_CCS","493","legacy","xpyriment","0.9024390243902439","m","575","0.88","hard","aand","6","30828","16909","30934","NA","NA","NA","2737","32478","30932","163441","165613","165612","2757","166152","2759","30932","32476","NA","20102","NA","17005","17008","31708","166728","29212","NA","165611","LexicalDecision"
"No","994","1","1","Pseudo","3","1","1","m","/Users/patrick/Documents/CCS/Methods for CCS/Methods_in_CCS","527","legacy","xpyriment","0.9036144578313253","m","994","0.88","hard","kraagt","6","30828","16909","30934","NA","NA","NA","2737","32478","30932","163441","166885","166883","2757","167454","2759","30932","32476","NA","20102","NA","17005","17008","31708","168449","29212","NA","166882","LexicalDecision"
"No","760","1","1","Pseudo","3","1","1","m","/Users/patrick/Documents/CCS/Methods for CCS/Methods_in_CCS","429","legacy","xpyriment","0.9047619047619048","m","760","0.92","hard","mitting","6","30828","16909","30934","NA","NA","NA","2737","32478","30932","163441","168606","168604","2757","169076","2759","30932","32476","NA","20102","NA","17005","17008","31708","169837","29212","NA","168604","LexicalDecision"
"No","820","1","1","LF","2","1","1","n","/Users/patrick/Documents/CCS/Methods for CCS/Methods_in_CCS","527","legacy","xpyriment","0.9058823529411765","n","820","0.92","hard","mail","6","30828","16909","30934","NA","NA","NA","2737","32478","30932","163441","169998","169997","2757","170565","2759","30932","32476","NA","20102","NA","17005","17008","31708","171386","29212","NA","169996","LexicalDecision"
"No","607","1","1","LF","2","1","1","n","/Users/patrick/Documents/CCS/Methods for CCS/Methods_in_CCS","427","legacy","xpyriment","0.9069767441860465","n","607","0.92","hard","clowntje","6","30828","16909","30934","NA","NA","NA","2737","32478","30932","163441","171543","171541","2757","172014","2759","30932","32476","NA","20102","NA","17005","17008","31708","172622","29212","NA","171540","LexicalDecision"
"No","616","1","1","LF","2","1","1","n","/Users/patrick/Documents/CCS/Methods for CCS/Methods_in_CCS","443","legacy","xpyriment","0.9080459770114943","n","616","0.92","hard","bever","6","30828","16909","30934","NA","NA","NA","2737","32478","30932","163441","172782","172780","2757","173266","2759","30932","32476","NA","20102","NA","17005","17008","31708","173883","29212","NA","172779","LexicalDecision"
"No","689","1","1","LF","2","1","1","n","/Users/patrick/Documents/CCS/Methods for CCS/Methods_in_CCS","451","legacy","xpyriment","0.9090909090909091","n","689","0.92","hard","hulpjes","6","30828","16909","30934","NA","NA","NA","2737","32478","30932","163441","174040","174038","2757","174534","2759","30932","32476","NA","20102","NA","17005","17008","31708","175224","29212","NA","174037","LexicalDecision"
"No","785","1","1","Pseudo","3","1","1","m","/Users/patrick/Documents/CCS/Methods for CCS/Methods_in_CCS","569","legacy","xpyriment","0.9101123595505618","m","785","0.92","hard","kaastig","6","30828","16909","30934","NA","NA","NA","2737","32478","30932","163441","175390","175388","2757","176002","2759","30932","32476","NA","20102","NA","17005","17008","31708","176788","29212","NA","175387","LexicalDecision"
"No","750","1","1","Pseudo","3","1","1","m","/Users/patrick/Documents/CCS/Methods for CCS/Methods_in_CCS","561","legacy","xpyriment","0.9111111111111111","m","750","0.92","hard","merf","6","30828","16909","30934","NA","NA","NA","2737","32478","30932","163441","176945","176943","2757","177547","2759","30932","32476","NA","20102","NA","17005","17008","31708","178298","29212","NA","176942","LexicalDecision"
"No","842","1","1","Pseudo","3","1","1","m","/Users/patrick/Documents/CCS/Methods for CCS/Methods_in_CCS","401","legacy","xpyriment","0.9120879120879121","m","842","0.92","hard","vlijven","6","30828","16909","30934","NA","NA","NA","2737","32478","30932","163441","178452","178450","2757","178897","2759","30932","32476","NA","20102","NA","17005","17008","31708","179740","29212","NA","178450","LexicalDecision"
"No","771","1","1","LF","2","1","1","n","/Users/patrick/Documents/CCS/Methods for CCS/Methods_in_CCS","487","legacy","xpyriment","0.9130434782608695","n","771","0.96","hard","stunts","6","30828","16909","30934","NA","NA","NA","2737","32478","30932","163441","179898","179897","2757","180427","2759","30932","32476","NA","20102","NA","17005","17008","31708","181199","29212","NA","179896","LexicalDecision"
"No","840","1","1","Pseudo","3","1","1","m","/Users/patrick/Documents/CCS/Methods for CCS/Methods_in_CCS","413","legacy","xpyriment","0.9139784946236559","m","840","0.96","hard","sonds","6","30828","16909","30934","NA","NA","NA","2737","32478","30932","163441","181354","181352","2757","181813","2759","30932","32476","NA","20102","NA","17005","17008","31708","182654","29212","NA","181351","LexicalDecision"
"No","791","1","1","LF","2","1","1","n","/Users/patrick/Documents/CCS/Methods for CCS/Methods_in_CCS","406","legacy","xpyriment","0.9148936170212766","n","791","0.96","hard","tellers","6","30828","16909","30934","NA","NA","NA","2737","32478","30932","163441","182810","182809","2757","183258","2759","30932","32476","NA","20102","NA","17005","17008","31708","184050","29212","NA","182807","LexicalDecision"
"No","501","1","1","LF","2","1","1","n","/Users/patrick/Documents/CCS/Methods for CCS/Methods_in_CCS","595","legacy","xpyriment","0.9157894736842105","n","501","0.96","hard","koopjes","6","30828","16909","30934","NA","NA","NA","2737","32478","30932","163441","184207","184205","2757","184845","2759","30932","32476","NA","20102","NA","17005","17008","31708","185347","29212","NA","184204","LexicalDecision"
"No","749","1","1","Pseudo","3","1","1","m","/Users/patrick/Documents/CCS/Methods for CCS/Methods_in_CCS","532","legacy","xpyriment","0.9166666666666666","m","749","0.96","hard","snopte","6","30828","16909","30934","NA","NA","NA","2737","32478","30932","163441","185503","185502","2757","186081","2759","30932","32476","NA","20102","NA","17005","17008","31708","186831","29212","NA","185501","LexicalDecision"
"No","751","1","1","Pseudo","3","1","1","m","/Users/patrick/Documents/CCS/Methods for CCS/Methods_in_CCS","398","legacy","xpyriment","0.9175257731958762","m","751","0.96","hard","slaren","6","30828","16909","30934","NA","NA","NA","2737","32478","30932","163441","186990","186989","2757","187436","2759","30932","32476","NA","20102","NA","17005","17008","31708","188189","29212","NA","186988","LexicalDecision"
"No","604","1","1","Pseudo","3","1","1","m","/Users/patrick/Documents/CCS/Methods for CCS/Methods_in_CCS","521","legacy","xpyriment","0.9183673469387755","m","604","0.96","hard","eiden","6","30828","16909","30934","NA","NA","NA","2737","32478","30932","163441","188344","188343","2757","188910","2759","30932","32476","NA","20102","NA","17005","17008","31708","189515","29212","NA","188342","LexicalDecision"
"No","699","1","1","HF","1","1","1","n","/Users/patrick/Documents/CCS/Methods for CCS/Methods_in_CCS","444","legacy","xpyriment","0.9191919191919192","n","699","0.96","easy","pastoor","6","30828","16909","30934","NA","NA","NA","2737","32478","30932","163441","189675","189673","2757","190166","2759","30932","32476","NA","20102","NA","17005","17008","31708","190866","29212","NA","189673","LexicalDecision"
"No","726","1","1","Pseudo","3","1","1","m","/Users/patrick/Documents/CCS/Methods for CCS/Methods_in_CCS","450","legacy","xpyriment","0.92","m","726","0.96","hard","lieuws","6","30828","16909","30934","NA","NA","NA","2737","32478","30932","163441","191023","191022","2757","191517","2759","30932","32476","NA","20102","NA","17005","17008","31708","192244","29212","NA","191020","LexicalDecision"
"No","664","1","1","LF","2","1","1","n","/Users/patrick/Documents/CCS/Methods for CCS/Methods_in_CCS","462","legacy","xpyriment","0.9207920792079208","n","664","0.96","hard","drumstel","6","30828","16909","30934","NA","NA","NA","2737","32478","30932","163441","192405","192404","2757","192902","2759","30932","32476","NA","20102","NA","17005","17008","31708","193568","29212","NA","192403","LexicalDecision"
"No","565","1","1","Pseudo","3","1","1","m","/Users/patrick/Documents/CCS/Methods for CCS/Methods_in_CCS","520","legacy","xpyriment","0.9215686274509803","m","565","0.96","hard","gied","6","30828","16909","30934","NA","NA","NA","2737","32478","30932","163441","193724","193723","2757","194290","2759","30932","32476","NA","20102","NA","17005","17008","31708","194856","29212","NA","193722","LexicalDecision"
"No","803","1","1","HF","1","1","1","n","/Users/patrick/Documents/CCS/Methods for CCS/Methods_in_CCS","474","legacy","xpyriment","0.9223300970873787","n","803","0.96","easy","schrik","6","30828","16909","30934","NA","NA","NA","2737","32478","30932","163441","195016","195015","2757","195532","2759","30932","32476","NA","20102","NA","17005","17008","31708","196336","29212","NA","195014","LexicalDecision"
"No","671","1","1","Pseudo","3","1","1","m","/Users/patrick/Documents/CCS/Methods for CCS/Methods_in_CCS","400","legacy","xpyriment","0.9230769230769231","m","671","0.96","hard","nisten","6","30828","16909","30934","NA","NA","NA","2737","32478","30932","163441","196494","196492","2757","196940","2759","30932","32476","NA","20102","NA","17005","17008","31708","197612","29212","NA","196491","LexicalDecision"
"No","655","1","1","Pseudo","3","1","1","m","/Users/patrick/Documents/CCS/Methods for CCS/Methods_in_CCS","516","legacy","xpyriment","0.9238095238095239","m","655","0.96","hard","jergeus","6","30828","16909","30934","NA","NA","NA","2737","32478","30932","163441","197769","197767","2757","198333","2759","30932","32476","NA","20102","NA","17005","17008","31708","198989","29212","NA","197766","LexicalDecision"
"No","571","1","1","Random","4","1","1","m","/Users/patrick/Documents/CCS/Methods for CCS/Methods_in_CCS","578","legacy","xpyriment","0.9245283018867925","m","571","1.0","easy","kstwadan","6","30828","16909","30934","NA","NA","NA","2737","32478","30932","163441","199147","199145","2757","199772","2759","30932","32476","NA","20102","NA","17005","17008","31708","200344","29212","NA","199145","LexicalDecision"
"No","667","1","1","LF","2","1","1","n","/Users/patrick/Documents/CCS/Methods for CCS/Methods_in_CCS","455","legacy","xpyriment","0.9252336448598131","n","667","1.0","hard","truitjes","6","30828","16909","30934","NA","NA","NA","2737","32478","30932","163441","200502","200501","2757","200999","2759","30932","32476","NA","20102","NA","17005","17008","31708","201667","29212","NA","200500","LexicalDecision"
"No","685","1","1","Pseudo","3","1","1","m","/Users/patrick/Documents/CCS/Methods for CCS/Methods_in_CCS","478","legacy","xpyriment","0.9259259259259259","m","685","1.0","hard","liek","6","30828","16909","30934","NA","NA","NA","2737","32478","30932","163441","201826","201824","2757","202345","2759","30932","32476","NA","20102","NA","17005","17008","31708","203031","29212","NA","201823","LexicalDecision"
"No","621","1","1","Pseudo","3","1","1","m","/Users/patrick/Documents/CCS/Methods for CCS/Methods_in_CCS","560","legacy","xpyriment","0.926605504587156","m","621","1.0","hard","baag","6","30828","16909","30934","NA","NA","NA","2737","32478","30932","163441","203187","203185","2757","203789","2759","30932","32476","NA","20102","NA","17005","17008","31708","204411","29212","NA","203184","LexicalDecision"
"No","797","1","1","Pseudo","3","1","1","m","/Users/patrick/Documents/CCS/Methods for CCS/Methods_in_CCS","403","legacy","xpyriment","0.9272727272727272","m","797","1.0","hard","kalp","6","30828","16909","30934","NA","NA","NA","2737","32478","30932","163441","204568","204566","2757","205013","2759","30932","32476","NA","20102","NA","17005","17008","31708","205811","29212","NA","204566","LexicalDecision"
"No","739","1","1","Pseudo","3","1","1","m","/Users/patrick/Documents/CCS/Methods for CCS/Methods_in_CCS","436","legacy","xpyriment","0.9279279279279279","m","739","1.0","hard","tiepstip","6","30828","16909","30934","NA","NA","NA","2737","32478","30932","163441","205972","205971","2757","206451","2759","30932","32476","NA","20102","NA","17005","17008","31708","207191","29212","NA","205970","LexicalDecision"
"No","646","1","1","LF","2","1","1","n","/Users/patrick/Documents/CCS/Methods for CCS/Methods_in_CCS","571","legacy","xpyriment","0.9285714285714286","n","646","1.0","hard","soepbord","6","30828","16909","30934","NA","NA","NA","2737","32478","30932","163441","0","0","2757","207959","2759","30932","32476","NA","20102","NA","17005","17008","31708","208606","29212","NA","0","LexicalDecision"
"No","714","1","1","LF","2","1","1","n","/Users/patrick/Documents/CCS/Methods for CCS/Methods_in_CCS","457","legacy","xpyriment","0.9292035398230089","n","714","1.0","hard","rolkraag","6","30828","16909","30934","NA","NA","NA","2737","32478","30932","163441","208764","208762","2757","209268","2759","30932","32476","NA","20102","NA","17005","17008","31708","209983","29212","NA","208762","LexicalDecision"
"No","1709","1","1","LF","2","1","1","n","/Users/patrick/Documents/CCS/Methods for CCS/Methods_in_CCS","440","legacy","xpyriment","0.9298245614035088","n","1709","1.0","hard","badjes","6","30828","16909","30934","NA","NA","NA","2737","32478","30932","163441","210140","210138","2757","210622","2759","30932","32476","NA","20102","NA","17005","17008","31708","212333","29212","NA","210137","LexicalDecision"
"No","634","1","1","Random","4","1","1","m","/Users/patrick/Documents/CCS/Methods for CCS/Methods_in_CCS","509","legacy","xpyriment","0.9304347826086956","m","634","1.0","easy","esttkren","6","30828","16909","30934","NA","NA","NA","2737","32478","30932","163441","212495","212493","2757","213051","2759","30932","32476","NA","20102","NA","17005","17008","31708","213686","29212","NA","212492","LexicalDecision"
"No","756","1","1","Pseudo","3","1","1","m","/Users/patrick/Documents/CCS/Methods for CCS/Methods_in_CCS","584","legacy","xpyriment","0.9310344827586207","m","756","1.0","hard","hooden","6","30828","16909","30934","NA","NA","NA","2737","32478","30932","163441","213843","213842","2757","214466","2759","30932","32476","NA","20102","NA","17005","17008","31708","215224","29212","NA","213841","LexicalDecision"
"No","678","1","1","HF","1","1","1","n","/Users/patrick/Documents/CCS/Methods for CCS/Methods_in_CCS","536","legacy","xpyriment","0.9316239316239316","n","678","1.0","easy","band","6","30828","16909","30934","NA","NA","NA","2737","32478","30932","163441","215380","215378","2757","215961","2759","30932","32476","NA","20102","NA","17005","17008","31708","216640","29212","NA","215378","LexicalDecision"
"No","825","1","1","Pseudo","3","1","1","m","/Users/patrick/Documents/CCS/Methods for CCS/Methods_in_CCS","405","legacy","xpyriment","0.9322033898305084","m","825","1.0","hard","rorde","6","30828","16909","30934","NA","NA","NA","2737","32478","30932","163441","216796","216794","2757","217242","2759","30932","32476","NA","20102","NA","17005","17008","31708","218068","29212","NA","216793","LexicalDecision"
"No","754","1","1","LF","2","1","1","n","/Users/patrick/Documents/CCS/Methods for CCS/Methods_in_CCS","565","legacy","xpyriment","0.9327731092436975","n","754","1.0","hard","trippen","6","30828","16909","30934","NA","NA","NA","2737","32478","30932","163441","218226","218224","2757","218834","2759","30932","32476","NA","20102","NA","17005","17008","31708","219589","29212","NA","218223","LexicalDecision"
"No","718","1","1","LF","2","1","1","n","/Users/patrick/Documents/CCS/Methods for CCS/Methods_in_CCS","569","legacy","xpyriment","0.9333333333333333","n","718","1.0","hard","buikjes","6","30828","16909","30934","NA","NA","NA","2737","32478","30932","163441","219778","219776","2757","220394","2759","30932","32476","NA","20102","NA","17005","17008","31708","221114","29212","NA","219775","LexicalDecision"
"No","623","1","1","LF","2","1","1","n","/Users/patrick/Documents/CCS/Methods for CCS/Methods_in_CCS","576","legacy","xpyriment","0.9338842975206612","n","623","1.0","hard","zebra's","6","30828","16909","30934","NA","NA","NA","2737","32478","30932","163441","221273","221272","2757","221898","2759","30932","32476","NA","20102","NA","17005","17008","31708","222522","29212","NA","221271","LexicalDecision"
"No","822","1","1","LF","2","1","1","n","/Users/patrick/Documents/CCS/Methods for CCS/Methods_in_CCS","479","legacy","xpyriment","0.9344262295081968","n","822","1.0","hard","strikje","6","30828","16909","30934","NA","NA","NA","2737","32478","30932","163441","222677","222676","2757","223197","2759","30932","32476","NA","20102","NA","17005","17008","31708","224020","29212","NA","222675","LexicalDecision"
"No","657","1","1","Pseudo","3","1","1","m","/Users/patrick/Documents/CCS/Methods for CCS/Methods_in_CCS","527","legacy","xpyriment","0.9349593495934959","m","657","1.0","hard","hege","6","30828","16909","30934","NA","NA","NA","2737","32478","30932","163441","224176","224174","2757","224744","2759","30932","32476","NA","20102","NA","17005","17008","31708","225402","29212","NA","224173","LexicalDecision"
"No","685","1","1","Pseudo","3","1","1","m","/Users/patrick/Documents/CCS/Methods for CCS/Methods_in_CCS","579","legacy","xpyriment","0.9354838709677419","m","685","1.0","hard","adzie","6","30828","16909","30934","NA","NA","NA","2737","32478","30932","163441","225562","225560","2757","226186","2759","30932","32476","NA","20102","NA","17005","17008","31708","226872","29212","NA","225559","LexicalDecision"
"No","714","1","1","HF","1","1","1","n","/Users/patrick/Documents/CCS/Methods for CCS/Methods_in_CCS","507","legacy","xpyriment","0.936","n","714","1.0","easy","hart","6","30828","16909","30934","NA","NA","NA","2737","32478","30932","163441","227032","227030","2757","227585","2759","30932","32476","NA","20102","NA","17005","17008","31708","228300","29212","NA","227030","LexicalDecision"
"No","717","1","1","LF","2","1","1","n","/Users/patrick/Documents/CCS/Methods for CCS/Methods_in_CCS","567","legacy","xpyriment","0.9365079365079365","n","717","1.0","hard","snoetjes","6","30828","16909","30934","NA","NA","NA","2737","32478","30932","163441","228457","228456","2757","229066","2759","30932","32476","NA","20102","NA","17005","17008","31708","229784","29212","NA","228455","LexicalDecision"
"No","603","1","1","Pseudo","3","1","1","m","/Users/patrick/Documents/CCS/Methods for CCS/Methods_in_CCS","519","legacy","xpyriment","0.937007874015748","m","603","1.0","hard","mour","6","30828","16909","30934","NA","NA","NA","2737","32478","30932","163441","229940","229938","2757","230505","2759","30932","32476","NA","20102","NA","17005","17008","31708","231110","29212","NA","229937","LexicalDecision"
"No","621","1","1","LF","2","1","1","n","/Users/patrick/Documents/CCS/Methods for CCS/Methods_in_CCS","563","legacy","xpyriment","0.9375","n","621","1.0","hard","schaapje","6","30828","16909","30934","NA","NA","NA","2737","32478","30932","163441","231266","231265","2757","231870","2759","30932","32476","NA","20102","NA","17005","17008","31708","232492","29212","NA","231264","LexicalDecision"
"No","1288","0","1","LF","2","0","0","n","/Users/patrick/Documents/CCS/Methods for CCS/Methods_in_CCS","420","legacy","xpyriment","0.9302325581395349","m","1288","0.96","hard","leegten","6","30828","16909","30934","NA","NA","NA","2737","32478","30932","234441","232652","232651","2757","233119","2759","30932","32476","NA","20102","NA","17005","17008","31708","234408","29212","NA","232650","LexicalDecision"
"No","492","1","1","Random","4","1","1","m","/Users/patrick/Documents/CCS/Methods for CCS/Methods_in_CCS","566","legacy","xpyriment","0.9307692307692308","m","492","0.96","easy","ugrteje","6","30828","16909","30934","NA","NA","NA","2737","32478","30932","234441","236604","236602","2757","237217","2759","30932","32476","NA","20102","NA","17005","17008","31708","237710","29212","NA","236602","LexicalDecision"
"No","764","1","1","Pseudo","3","1","1","m","/Users/patrick/Documents/CCS/Methods for CCS/Methods_in_CCS","559","legacy","xpyriment","0.9312977099236641","m","764","0.96","hard","donden","6","30828","16909","30934","NA","NA","NA","2737","32478","30932","234441","237865","237864","2757","238467","2759","30932","32476","NA","20102","NA","17005","17008","31708","239232","29212","NA","237863","LexicalDecision"
"No","687","1","1","LF","2","1","1","n","/Users/patrick/Documents/CCS/Methods for CCS/Methods_in_CCS","590","legacy","xpyriment","0.9318181818181818","n","687","0.96","hard","trol","6","30828","16909","30934","NA","NA","NA","2737","32478","30932","234441","239410","239407","2757","240046","2759","30932","32476","NA","20102","NA","17005","17008","31708","240734","29212","NA","239406","LexicalDecision"
"No","679","1","1","Pseudo","3","1","1","m","/Users/patrick/Documents/CCS/Methods for CCS/Methods_in_CCS","468","legacy","xpyriment","0.9323308270676691","m","679","0.96","hard","cout","6","30828","16909","30934","NA","NA","NA","2737","32478","30932","234441","240895","240894","2757","241411","2759","30932","32476","NA","20102","NA","17005","17008","31708","242091","29212","NA","240893","LexicalDecision"
"No","713","1","1","LF","2","1","1","n","/Users/patrick/Documents/CCS/Methods for CCS/Methods_in_CCS","531","legacy","xpyriment","0.9328358208955224","n","713","0.96","hard","dakpan","6","30828","16909","30934","NA","NA","NA","2737","32478","30932","234441","242249","242247","2757","242826","2759","30932","32476","NA","20102","NA","17005","17008","31708","243540","29212","NA","242247","LexicalDecision"
"No","653","1","1","LF","2","1","1","n","/Users/patrick/Documents/CCS/Methods for CCS/Methods_in_CCS","563","legacy","xpyriment","0.9333333333333333","n","653","0.96","hard","tractors","6","30828","16909","30934","NA","NA","NA","2737","32478","30932","234441","243697","243696","2757","244301","2759","30932","32476","NA","20102","NA","17005","17008","31708","244955","29212","NA","243695","LexicalDecision"
"No","532","1","2","Random","4","1","1","m","/Users/patrick/Documents/CCS/Methods for CCS/Methods_in_CCS","595","legacy","xpyriment","0.9338235294117647","m","532","0.96","easy","sa'ammg","6","30828","16909","245189","245023","NA","NA","2737","250616","245186","234441","250707","250706","2757","251352","2759","245187","250614","NA","20102","NA","17005","17008","249722","251885","29212","NA","250705","LexicalDecision"
"No","564","1","2","LF","2","1","1","n","/Users/patrick/Documents/CCS/Methods for CCS/Methods_in_CCS","585","legacy","xpyriment","0.9343065693430657","n","564","0.96","hard","designs","6","30828","16909","245189","245023","NA","NA","2737","250616","245186","234441","252044","252042","2757","252671","2759","245187","250614","NA","20102","NA","17005","17008","249722","253236","29212","NA","252040","LexicalDecision"
"No","661","1","2","LF","2","1","1","n","/Users/patrick/Documents/CCS/Methods for CCS/Methods_in_CCS","471","legacy","xpyriment","0.9347826086956522","n","661","0.96","hard","vaasjes","6","30828","16909","245189","245023","NA","NA","2737","250616","245186","234441","253394","253393","2757","253932","2759","245187","250614","NA","20102","NA","17005","17008","249722","254594","29212","NA","253392","LexicalDecision"
"No","557","1","2","Pseudo","3","1","1","m","/Users/patrick/Documents/CCS/Methods for CCS/Methods_in_CCS","515","legacy","xpyriment","0.935251798561151","m","557","0.96","hard","coho's","6","30828","16909","245189","245023","NA","NA","2737","250616","245186","234441","254749","254748","2757","255306","2759","245187","250614","NA","20102","NA","17005","17008","249722","255864","29212","NA","254747","LexicalDecision"
"No","544","1","2","HF","1","1","1","n","/Users/patrick/Documents/CCS/Methods for CCS/Methods_in_CCS","543","legacy","xpyriment","0.9357142857142857","n","544","0.96","easy","tijd","6","30828","16909","245189","245023","NA","NA","2737","250616","245186","234441","256020","256018","2757","256609","2759","245187","250614","NA","20102","NA","17005","17008","249722","257154","29212","NA","256018","LexicalDecision"
"No","591","1","2","Pseudo","3","1","1","m","/Users/patrick/Documents/CCS/Methods for CCS/Methods_in_CCS","512","legacy","xpyriment","0.9361702127659575","m","591","0.96","hard","mader","6","30828","16909","245189","245023","NA","NA","2737","250616","245186","234441","257310","257308","2757","257864","2759","245187","250614","NA","20102","NA","17005","17008","249722","258456","29212","NA","257308","LexicalDecision"
"No","639","1","2","Pseudo","3","1","1","m","/Users/patrick/Documents/CCS/Methods for CCS/Methods_in_CCS","493","legacy","xpyriment","0.9366197183098591","m","639","0.96","hard","diedt","6","30828","16909","245189","245023","NA","NA","2737","250616","245186","234441","258612","258610","2757","259151","2759","245187","250614","NA","20102","NA","17005","17008","249722","259791","29212","NA","258610","LexicalDecision"
"No","589","1","2","HF","1","1","1","n","/Users/patrick/Documents/CCS/Methods for CCS/Methods_in_CCS","539","legacy","xpyriment","0.9370629370629371","n","589","0.96","easy","zoete","6","30828","16909","245189","245023","NA","NA","2737","250616","245186","234441","259948","259947","2757","260525","2759","245187","250614","NA","20102","NA","17005","17008","249722","261115","29212","NA","259946","LexicalDecision"
"No","755","1","2","Pseudo","3","1","1","m","/Users/patrick/Documents/CCS/Methods for CCS/Methods_in_CCS","539","legacy","xpyriment","0.9375","m","755","0.96","hard","greffen","6","30828","16909","245189","245023","NA","NA","2737","250616","245186","234441","261272","261270","2757","261854","2759","245187","250614","NA","20102","NA","17005","17008","249722","262610","29212","NA","261269","LexicalDecision"
"No","778","1","2","Pseudo","3","1","1","m","/Users/patrick/Documents/CCS/Methods for CCS/Methods_in_CCS","594","legacy","xpyriment","0.9379310344827586","m","778","0.96","hard","zwijden","6","30828","16909","245189","245023","NA","NA","2737","250616","245186","234441","262764","262762","2757","263402","2759","245187","250614","NA","20102","NA","17005","17008","249722","264181","29212","NA","262761","LexicalDecision"
"No","775","1","2","LF","2","1","1","n","/Users/patrick/Documents/CCS/Methods for CCS/Methods_in_CCS","493","legacy","xpyriment","0.9383561643835616","n","775","0.96","hard","smokings","6","30828","16909","245189","245023","NA","NA","2737","250616","245186","234441","264339","264337","2757","264881","2759","245187","250614","NA","20102","NA","17005","17008","249722","265658","29212","NA","264336","LexicalDecision"
"No","675","1","2","Pseudo","3","1","1","m","/Users/patrick/Documents/CCS/Methods for CCS/Methods_in_CCS","505","legacy","xpyriment","0.9387755102040817","m","675","0.96","hard","dubriek","6","30828","16909","245189","245023","NA","NA","2737","250616","245186","234441","265814","265812","2757","266366","2759","245187","250614","NA","20102","NA","17005","17008","249722","267042","29212","NA","265812","LexicalDecision"
"No","798","1","2","LF","2","1","1","n","/Users/patrick/Documents/CCS/Methods for CCS/Methods_in_CCS","411","legacy","xpyriment","0.9391891891891891","n","798","0.96","hard","haantjes","6","30828","16909","245189","245023","NA","NA","2737","250616","245186","234441","267196","267195","2757","267652","2759","245187","250614","NA","20102","NA","17005","17008","249722","268451","29212","NA","267194","LexicalDecision"
"No","570","1","2","Pseudo","3","1","1","m","/Users/patrick/Documents/CCS/Methods for CCS/Methods_in_CCS","520","legacy","xpyriment","0.9395973154362416","m","570","0.96","hard","zebben","6","30828","16909","245189","245023","NA","NA","2737","250616","245186","234441","268609","268607","2757","269172","2759","245187","250614","NA","20102","NA","17005","17008","249722","269744","29212","NA","268606","LexicalDecision"
"No","734","1","2","LF","2","1","1","n","/Users/patrick/Documents/CCS/Methods for CCS/Methods_in_CCS","421","legacy","xpyriment","0.94","n","734","0.96","hard","honkbal","6","30828","16909","245189","245023","NA","NA","2737","250616","245186","234441","269901","269900","2757","270369","2759","245187","250614","NA","20102","NA","17005","17008","249722","271104","29212","NA","269899","LexicalDecision"
"No","685","1","2","LF","2","1","1","n","/Users/patrick/Documents/CCS/Methods for CCS/Methods_in_CCS","595","legacy","xpyriment","0.9403973509933775","n","685","0.96","hard","kliekjes","6","30828","16909","245189","245023","NA","NA","2737","250616","245186","234441","271260","271259","2757","271898","2759","245187","250614","NA","20102","NA","17005","17008","249722","272584","29212","NA","271258","LexicalDecision"
"No","785","1","2","LF","2","1","1","n","/Users/patrick/Documents/CCS/Methods for CCS/Methods_in_CCS","436","legacy","xpyriment","0.9407894736842105","n","785","0.96","hard","vlokje","6","30828","16909","245189","245023","NA","NA","2737","250616","245186","234441","272741","272739","2757","273222","2759","245187","250614","NA","20102","NA","17005","17008","249722","274008","29212","NA","272738","LexicalDecision"
"No","661","1","2","Random","4","1","1","m","/Users/patrick/Documents/CCS/Methods for CCS/Methods_in_CCS","448","legacy","xpyriment","0.9411764705882353","m","661","0.96","easy","izobsn","6","30828","16909","245189","245023","NA","NA","2737","250616","245186","234441","274165","274164","2757","274660","2759","245187","250614","NA","20102","NA","17005","17008","249722","275322","29212","NA","274163","LexicalDecision"
"No","1347","1","2","Pseudo","3","1","1","m","/Users/patrick/Documents/CCS/Methods for CCS/Methods_in_CCS","569","legacy","xpyriment","0.9415584415584416","m","1347","1.0","hard","ruilte","6","30828","16909","245189","245023","NA","NA","2737","250616","245186","234441","275479","275477","2757","276092","2759","245187","250614","NA","20102","NA","17005","17008","249722","277440","29212","NA","275476","LexicalDecision"
"No","1228","0","2","HF","1","0","0","n","/Users/patrick/Documents/CCS/Methods for CCS/Methods_in_CCS","465","legacy","xpyriment","0.9354838709677419","m","1228","0.96","easy","varen","6","30828","16909","245189","245023","NA","NA","2737","250616","245186","279368","277599","277597","2757","278105","2759","245187","250614","NA","20102","NA","17005","17008","249722","279334","29212","NA","277597","LexicalDecision"
"No","544","1","2","LF","2","1","1","n","/Users/patrick/Documents/CCS/Methods for CCS/Methods_in_CCS","442","legacy","xpyriment","0.9358974358974359","n","544","0.96","hard","eenhoorn","6","30828","16909","245189","245023","NA","NA","2737","250616","245186","279368","281530","281528","2757","282013","2759","245187","250614","NA","20102","NA","17005","17008","249722","282558","29212","NA","281528","LexicalDecision"
"No","551","1","2","Pseudo","3","1","1","m","/Users/patrick/Documents/CCS/Methods for CCS/Methods_in_CCS","448","legacy","xpyriment","0.9363057324840764","m","551","0.96","hard","sisie","6","30828","16909","245189","245023","NA","NA","2737","250616","245186","279368","282715","282713","2757","283208","2759","245187","250614","NA","20102","NA","17005","17008","249722","283760","29212","NA","282712","LexicalDecision"
"No","581","1","2","Pseudo","3","1","1","m","/Users/patrick/Documents/CCS/Methods for CCS/Methods_in_CCS","405","legacy","xpyriment","0.9367088607594937","m","581","0.96","hard","belied","6","30828","16909","245189","245023","NA","NA","2737","250616","245186","279368","283916","283915","2757","284361","2759","245187","250614","NA","20102","NA","17005","17008","249722","284943","29212","NA","283914","LexicalDecision"
"No","699","1","2","Pseudo","3","1","1","m","/Users/patrick/Documents/CCS/Methods for CCS/Methods_in_CCS","546","legacy","xpyriment","0.9371069182389937","m","699","0.96","hard","stezen","6","30828","16909","245189","245023","NA","NA","2737","250616","245186","279368","285104","285103","2757","285695","2759","245187","250614","NA","20102","NA","17005","17008","249722","286395","29212","NA","285102","LexicalDecision"
"No","735","1","2","LF","2","1","1","n","/Users/patrick/Documents/CCS/Methods for CCS/Methods_in_CCS","454","legacy","xpyriment","0.9375","n","735","0.96","hard","spatels","6","30828","16909","245189","245023","NA","NA","2737","250616","245186","279368","286554","286552","2757","287050","2759","245187","250614","NA","20102","NA","17005","17008","249722","287786","29212","NA","286552","LexicalDecision"
"No","883","1","2","LF","2","1","1","n","/Users/patrick/Documents/CCS/Methods for CCS/Methods_in_CCS","434","legacy","xpyriment","0.937888198757764","n","883","0.96","hard","cobra's","6","30828","16909","245189","245023","NA","NA","2737","250616","245186","279368","287945","287943","2757","288425","2759","245187","250614","NA","20102","NA","17005","17008","249722","289309","29212","NA","287942","LexicalDecision"
"No","1300","1","2","Pseudo","3","1","1","m","/Users/patrick/Documents/CCS/Methods for CCS/Methods_in_CCS","446","legacy","xpyriment","0.9382716049382716","m","1300","0.96","hard","kesten","6","30828","16909","245189","245023","NA","NA","2737","250616","245186","279368","289466","289464","2757","289959","2759","245187","250614","NA","20102","NA","17005","17008","249722","291260","29212","NA","289463","LexicalDecision"
"No","836","1","2","LF","2","1","1","n","/Users/patrick/Documents/CCS/Methods for CCS/Methods_in_CCS","418","legacy","xpyriment","0.9386503067484663","n","836","0.96","hard","bosbes","6","30828","16909","245189","245023","NA","NA","2737","250616","245186","279368","291416","291414","2757","291876","2759","245187","250614","NA","20102","NA","17005","17008","249722","292713","29212","NA","291413","LexicalDecision"
"No","1082","1","2","LF","2","1","1","n","/Users/patrick/Documents/CCS/Methods for CCS/Methods_in_CCS","476","legacy","xpyriment","0.9390243902439024","n","1082","0.96","hard","barons","6","30828","16909","245189","245023","NA","NA","2737","250616","245186","279368","292873","292871","2757","293391","2759","245187","250614","NA","20102","NA","17005","17008","249722","294474","29212","NA","292870","LexicalDecision"
"No","669","1","2","LF","2","1","1","n","/Users/patrick/Documents/CCS/Methods for CCS/Methods_in_CCS","548","legacy","xpyriment","0.9393939393939394","n","669","0.96","hard","mormels","6","30828","16909","245189","245023","NA","NA","2737","250616","245186","279368","294631","294630","2757","295221","2759","245187","250614","NA","20102","NA","17005","17008","249722","295891","29212","NA","294629","LexicalDecision"
"No","904","1","2","Pseudo","3","1","1","m","/Users/patrick/Documents/CCS/Methods for CCS/Methods_in_CCS","559","legacy","xpyriment","0.9397590361445783","m","904","0.96","hard","aartol","6","30828","16909","245189","245023","NA","NA","2737","250616","245186","279368","296050","296048","2757","296653","2759","245187","250614","NA","20102","NA","17005","17008","249722","297558","29212","NA","296048","LexicalDecision"
"No","628","1","2","LF","2","1","1","n","/Users/patrick/Documents/CCS/Methods for CCS/Methods_in_CCS","576","legacy","xpyriment","0.9401197604790419","n","628","0.96","hard","strikjes","6","30828","16909","245189","245023","NA","NA","2737","250616","245186","279368","297714","297712","2757","298337","2759","245187","250614","NA","20102","NA","17005","17008","249722","298966","29212","NA","297712","LexicalDecision"
"No","693","1","2","Pseudo","3","1","1","m","/Users/patrick/Documents/CCS/Methods for CCS/Methods_in_CCS","547","legacy","xpyriment","0.9404761904761905","m","693","0.96","hard","broeg","6","30828","16909","245189","245023","NA","NA","2737","250616","245186","279368","299124","299122","2757","299715","2759","245187","250614","NA","20102","NA","17005","17008","249722","300409","29212","NA","299121","LexicalDecision"
"No","640","1","2","HF","1","1","1","n","/Users/patrick/Documents/CCS/Methods for CCS/Methods_in_CCS","512","legacy","xpyriment","0.9408284023668639","n","640","0.96","easy","maar","6","30828","16909","245189","245023","NA","NA","2737","250616","245186","279368","300573","300571","2757","301127","2759","245187","250614","NA","20102","NA","17005","17008","249722","301768","29212","NA","300570","LexicalDecision"
"No","1169","1","2","LF","2","1","1","n","/Users/patrick/Documents/CCS/Methods for CCS/Methods_in_CCS","401","legacy","xpyriment","0.9411764705882353","n","1169","0.96","hard","bedjes","6","30828","16909","245189","245023","NA","NA","2737","250616","245186","279368","301925","301923","2757","302368","2759","245187","250614","NA","20102","NA","17005","17008","249722","303538","29212","NA","301922","LexicalDecision"
"No","724","1","2","Pseudo","3","1","1","m","/Users/patrick/Documents/CCS/Methods for CCS/Methods_in_CCS","406","legacy","xpyriment","0.9415204678362573","m","724","0.96","hard","wirze","6","30828","16909","245189","245023","NA","NA","2737","250616","245186","279368","303696","303695","2757","304144","2759","245187","250614","NA","20102","NA","17005","17008","249722","304870","29212","NA","303694","LexicalDecision"
"No","666","1","2","Random","4","1","1","m","/Users/patrick/Documents/CCS/Methods for CCS/Methods_in_CCS","539","legacy","xpyriment","0.9418604651162791","m","666","0.96","easy","uetisjn","6","30828","16909","245189","245023","NA","NA","2737","250616","245186","279368","305029","305027","2757","305609","2759","245187","250614","NA","20102","NA","17005","17008","249722","306276","29212","NA","305027","LexicalDecision"
"No","1383","1","2","LF","2","1","1","n","/Users/patrick/Documents/CCS/Methods for CCS/Methods_in_CCS","435","legacy","xpyriment","0.9421965317919075","n","1383","0.96","hard","merries","6","30828","16909","245189","245023","NA","NA","2737","250616","245186","279368","306432","306430","2757","306911","2759","245187","250614","NA","20102","NA","17005","17008","249722","308295","29212","NA","306429","LexicalDecision"
"No","1155","1","2","LF","2","1","1","n","/Users/patrick/Documents/CCS/Methods for CCS/Methods_in_CCS","574","legacy","xpyriment","0.9425287356321839","n","1155","0.96","hard","dutjes","6","30828","16909","245189","245023","NA","NA","2737","250616","245186","279368","308454","308452","2757","309068","2759","245187","250614","NA","20102","NA","17005","17008","249722","310224","29212","NA","308451","LexicalDecision"
"No","782","1","2","Pseudo","3","1","1","m","/Users/patrick/Documents/CCS/Methods for CCS/Methods_in_CCS","408","legacy","xpyriment","0.9428571428571428","m","782","0.96","hard","heut","6","30828","16909","245189","245023","NA","NA","2737","250616","245186","279368","310381","310379","2757","310837","2759","245187","250614","NA","20102","NA","17005","17008","249722","311620","29212","NA","310378","LexicalDecision"
"No","780","1","2","LF","2","1","1","n","/Users/patrick/Documents/CCS/Methods for CCS/Methods_in_CCS","396","legacy","xpyriment","0.9431818181818182","n","780","0.96","hard","dwergjes","6","30828","16909","245189","245023","NA","NA","2737","250616","245186","279368","311776","311774","2757","312219","2759","245187","250614","NA","20102","NA","17005","17008","249722","313000","29212","NA","311773","LexicalDecision"
"No","650","1","2","HF","1","1","1","n","/Users/patrick/Documents/CCS/Methods for CCS/Methods_in_CCS","546","legacy","xpyriment","0.943502824858757","n","650","0.96","easy","praatte","6","30828","16909","245189","245023","NA","NA","2737","250616","245186","279368","313160","313159","2757","313750","2759","245187","250614","NA","20102","NA","17005","17008","249722","314401","29212","NA","313158","LexicalDecision"
"No","691","1","2","Pseudo","3","1","1","m","/Users/patrick/Documents/CCS/Methods for CCS/Methods_in_CCS","526","legacy","xpyriment","0.9438202247191011","m","691","0.96","hard","cabt","6","30828","16909","245189","245023","NA","NA","2737","250616","245186","279368","314559","314557","2757","315127","2759","245187","250614","NA","20102","NA","17005","17008","249722","315819","29212","NA","314556","LexicalDecision"
"No","701","1","2","LF","2","1","1","n","/Users/patrick/Documents/CCS/Methods for CCS/Methods_in_CCS","544","legacy","xpyriment","0.9441340782122905","n","701","0.96","hard","coupons","6","30828","16909","245189","245023","NA","NA","2737","250616","245186","279368","315976","315975","2757","316565","2759","245187","250614","NA","20102","NA","17005","17008","249722","317267","29212","NA","315974","LexicalDecision"
"No","784","1","2","Pseudo","3","1","1","m","/Users/patrick/Documents/CCS/Methods for CCS/Methods_in_CCS","405","legacy","xpyriment","0.9444444444444444","m","784","1.0","hard","precekt","6","30828","16909","245189","245023","NA","NA","2737","250616","245186","279368","317424","317422","2757","317870","2759","245187","250614","NA","20102","NA","17005","17008","249722","318655","29212","NA","317421","LexicalDecision"
"No","724","1","2","LF","2","1","1","n","/Users/patrick/Documents/CCS/Methods for CCS/Methods_in_CCS","402","legacy","xpyriment","0.9447513812154696","n","724","1.0","hard","dansjes","6","30828","16909","245189","245023","NA","NA","2737","250616","245186","279368","318811","318810","2757","319256","2759","245187","250614","NA","20102","NA","17005","17008","249722","319981","29212","NA","318809","LexicalDecision"
"No","819","1","2","Pseudo","3","1","1","m","/Users/patrick/Documents/CCS/Methods for CCS/Methods_in_CCS","458","legacy","xpyriment","0.945054945054945","m","819","1.0","hard","beloep","6","30828","16909","245189","245023","NA","NA","2737","250616","245186","279368","320137","320135","2757","320639","2759","245187","250614","NA","20102","NA","17005","17008","249722","321459","29212","NA","320135","LexicalDecision"
"No","647","1","2","HF","1","1","1","n","/Users/patrick/Documents/CCS/Methods for CCS/Methods_in_CCS","491","legacy","xpyriment","0.9453551912568307","n","647","1.0","easy","deur","6","30828","16909","245189","245023","NA","NA","2737","250616","245186","279368","321616","321614","2757","322146","2759","245187","250614","NA","20102","NA","17005","17008","249722","322794","29212","NA","321614","LexicalDecision"
"No","1385","1","2","Pseudo","3","1","1","m","/Users/patrick/Documents/CCS/Methods for CCS/Methods_in_CCS","492","legacy","xpyriment","0.9456521739130435","m","1385","1.0","hard","schoud","6","30828","16909","245189","245023","NA","NA","2737","250616","245186","279368","322952","322950","2757","323491","2759","245187","250614","NA","20102","NA","17005","17008","249722","324877","29212","NA","322949","LexicalDecision"
"No","695","1","2","LF","2","1","1","n","/Users/patrick/Documents/CCS/Methods for CCS/Methods_in_CCS","483","legacy","xpyriment","0.9459459459459459","n","695","1.0","hard","besjes","6","30828","16909","245189","245023","NA","NA","2737","250616","245186","279368","325032","325030","2757","325560","2759","245187","250614","NA","20102","NA","17005","17008","249722","326256","29212","NA","325030","LexicalDecision"
"No","609","1","2","LF","2","1","1","n","/Users/patrick/Documents/CCS/Methods for CCS/Methods_in_CCS","555","legacy","xpyriment","0.946236559139785","n","609","1.0","hard","sausjes","6","30828","16909","245189","245023","NA","NA","2737","250616","245186","279368","326415","326414","2757","327017","2759","245187","250614","NA","20102","NA","17005","17008","249722","327627","29212","NA","326413","LexicalDecision"
"No","750","1","2","LF","2","1","1","n","/Users/patrick/Documents/CCS/Methods for CCS/Methods_in_CCS","523","legacy","xpyriment","0.946524064171123","n","750","1.0","hard","snobs","6","30828","16909","245189","245023","NA","NA","2737","250616","245186","279368","327785","327783","2757","328351","2759","245187","250614","NA","20102","NA","17005","17008","249722","329102","29212","NA","327782","LexicalDecision"
"No","951","1","2","Pseudo","3","1","1","m","/Users/patrick/Documents/CCS/Methods for CCS/Methods_in_CCS","580","legacy","xpyriment","0.9468085106382979","m","951","1.0","hard","ergels","6","30828","16909","245189","245023","NA","NA","2737","250616","245186","279368","329260","329258","2757","329883","2759","245187","250614","NA","20102","NA","17005","17008","249722","330835","29212","NA","329257","LexicalDecision"
"No","835","1","2","Pseudo","3","1","1","m","/Users/patrick/Documents/CCS/Methods for CCS/Methods_in_CCS","557","legacy","xpyriment","0.9470899470899471","m","835","1.0","hard","fonheid","6","30828","16909","245189","245023","NA","NA","2737","250616","245186","279368","330991","330989","2757","331592","2759","245187","250614","NA","20102","NA","17005","17008","249722","332428","29212","NA","330989","LexicalDecision"
"No","803","1","2","LF","2","1","1","n","/Users/patrick/Documents/CCS/Methods for CCS/Methods_in_CCS","438","legacy","xpyriment","0.9473684210526315","n","803","1.0","hard","sorbet","6","30828","16909","245189","245023","NA","NA","2737","250616","245186","279368","332586","332584","2757","333069","2759","245187","250614","NA","20102","NA","17005","17008","249722","333873","29212","NA","332584","LexicalDecision"
"No","885","1","2","LF","2","1","1","n","/Users/patrick/Documents/CCS/Methods for CCS/Methods_in_CCS","520","legacy","xpyriment","0.9476439790575916","n","885","1.0","hard","giraf","6","30828","16909","245189","245023","NA","NA","2737","250616","245186","279368","334031","334030","2757","334596","2759","245187","250614","NA","20102","NA","17005","17008","249722","335482","29212","NA","334029","LexicalDecision"
"No","758","1","2","LF","2","1","1","n","/Users/patrick/Documents/CCS/Methods for CCS/Methods_in_CCS","526","legacy","xpyriment","0.9479166666666666","n","758","1.0","hard","cartoon","6","30828","16909","245189","245023","NA","NA","2737","250616","245186","279368","335641","335640","2757","336208","2759","245187","250614","NA","20102","NA","17005","17008","249722","336967","29212","NA","335639","LexicalDecision"
"No","824","1","2","LF","2","1","1","n","/Users/patrick/Documents/CCS/Methods for CCS/Methods_in_CCS","432","legacy","xpyriment","0.9481865284974094","n","824","1.0","hard","butlers","6","30828","16909","245189","245023","NA","NA","2737","250616","245186","279368","337126","337124","2757","337605","2759","245187","250614","NA","20102","NA","17005","17008","249722","338430","29212","NA","337123","LexicalDecision"
"No","719","1","2","LF","2","1","1","n","/Users/patrick/Documents/CCS/Methods for CCS/Methods_in_CCS","452","legacy","xpyriment","0.9484536082474226","n","719","1.0","hard","sterktes","6","30828","16909","245189","245023","NA","NA","2737","250616","245186","279368","338590","338588","2757","339083","2759","245187","250614","NA","20102","NA","17005","17008","249722","339803","29212","NA","338587","LexicalDecision"
"No","610","1","2","LF","2","1","1","n","/Users/patrick/Documents/CCS/Methods for CCS/Methods_in_CCS","560","legacy","xpyriment","0.9487179487179487","n","610","1.0","hard","kroegjes","6","30828","16909","245189","245023","NA","NA","2737","250616","245186","279368","339959","339958","2757","340561","2759","245187","250614","NA","20102","NA","17005","17008","249722","341172","29212","NA","339957","LexicalDecision"
"No","828","1","2","LF","2","1","1","n","/Users/patrick/Documents/CCS/Methods for CCS/Methods_in_CCS","485","legacy","xpyriment","0.9489795918367347","n","828","1.0","hard","vliesjes","6","30828","16909","245189","245023","NA","NA","2737","250616","245186","279368","341331","341330","2757","341861","2759","245187","250614","NA","20102","NA","17005","17008","249722","342690","29212","NA","341329","LexicalDecision"
"No","950","1","2","Pseudo","3","1","1","m","/Users/patrick/Documents/CCS/Methods for CCS/Methods_in_CCS","475","legacy","xpyriment","0.949238578680203","m","950","1.0","hard","sliem","6","30828","16909","245189","245023","NA","NA","2737","250616","245186","279368","342849","342847","2757","343366","2759","245187","250614","NA","20102","NA","17005","17008","249722","344317","29212","NA","342846","LexicalDecision"
"No","616","1","2","LF","2","1","1","n","/Users/patrick/Documents/CCS/Methods for CCS/Methods_in_CCS","400","legacy","xpyriment","0.9494949494949495","n","616","1.0","hard","wormpjes","6","30828","16909","245189","245023","NA","NA","2737","250616","245186","279368","344475","344474","2757","344919","2759","245187","250614","NA","20102","NA","17005","17008","249722","345536","29212","NA","344473","LexicalDecision"
"No","823","1","2","Pseudo","3","1","1","m","/Users/patrick/Documents/CCS/Methods for CCS/Methods_in_CCS","456","legacy","xpyriment","0.949748743718593","m","823","1.0","hard","aftijn","6","30828","16909","245189","245023","NA","NA","2737","250616","245186","279368","345695","345693","2757","346198","2759","245187","250614","NA","20102","NA","17005","17008","249722","347023","29212","NA","345692","LexicalDecision"
"No","703","1","2","Pseudo","3","1","1","m","/Users/patrick/Documents/CCS/Methods for CCS/Methods_in_CCS","553","legacy","xpyriment","0.95","m","703","1.0","hard","heefde","6","30828","16909","245189","245023","NA","NA","2737","250616","245186","279368","347179","347178","2757","347779","2759","245187","250614","NA","20102","NA","17005","17008","249722","348483","29212","NA","347177","LexicalDecision"
"No","936","1","2","Pseudo","3","1","1","m","/Users/patrick/Documents/CCS/Methods for CCS/Methods_in_CCS","548","legacy","xpyriment","0.9502487562189055","m","936","1.0","hard","twistie","6","30828","16909","245189","245023","NA","NA","2737","250616","245186","279368","348639","348637","2757","349231","2759","245187","250614","NA","20102","NA","17005","17008","249722","350168","29212","NA","348637","LexicalDecision"
"No","648","1","2","Pseudo","3","1","1","m","/Users/patrick/Documents/CCS/Methods for CCS/Methods_in_CCS","528","legacy","xpyriment","0.9504950495049505","m","648","1.0","hard","vukt","6","30828","16909","245189","245023","NA","NA","2737","250616","245186","279368","350324","350323","2757","350901","2759","245187","250614","NA","20102","NA","17005","17008","249722","351550","29212","NA","350322","LexicalDecision"
"No","774","1","2","Pseudo","3","1","1","m","/Users/patrick/Documents/CCS/Methods for CCS/Methods_in_CCS","466","legacy","xpyriment","0.9507389162561576","m","774","1.0","hard","kront","6","30828","16909","245189","245023","NA","NA","2737","250616","245186","279368","351708","351707","2757","352216","2759","245187","250614","NA","20102","NA","17005","17008","249722","352991","29212","NA","351706","LexicalDecision"
"No","644","1","2","LF","2","1","1","n","/Users/patrick/Documents/CCS/Methods for CCS/Methods_in_CCS","583","legacy","xpyriment","0.9509803921568627","n","644","1.0","hard","lotjes","6","30828","16909","245189","245023","NA","NA","2737","250616","245186","279368","353148","353146","2757","353773","2759","245187","250614","NA","20102","NA","17005","17008","249722","354418","29212","NA","353146","LexicalDecision"
"No","1808","1","2","Pseudo","3","1","1","m","/Users/patrick/Documents/CCS/Methods for CCS/Methods_in_CCS","435","legacy","xpyriment","0.9512195121951219","m","1808","1.0","hard","proester","6","30828","16909","245189","245023","NA","NA","2737","250616","245186","279368","354576","354574","2757","355057","2759","245187","250614","NA","20102","NA","17005","17008","249722","356866","29212","NA","354573","LexicalDecision"
"No","687","1","2","Random","4","1","1","m","/Users/patrick/Documents/CCS/Methods for CCS/Methods_in_CCS","413","legacy","xpyriment","0.9514563106796117","m","687","1.0","easy","t'aasps","6","30828","16909","245189","245023","NA","NA","2737","250616","245186","279368","357022","357020","2757","357477","2759","245187","250614","NA","20102","NA","17005","17008","249722","358165","29212","NA","357019","LexicalDecision"
"No","805","1","2","Pseudo","3","1","1","m","/Users/patrick/Documents/CCS/Methods for CCS/Methods_in_CCS","426","legacy","xpyriment","0.9516908212560387","m","805","1.0","hard","belpt","6","30828","16909","245189","245023","NA","NA","2737","250616","245186","279368","358322","358321","2757","358789","2759","245187","250614","NA","20102","NA","17005","17008","249722","359596","29212","NA","358320","LexicalDecision"
"No","667","1","2","LF","2","1","1","n","/Users/patrick/Documents/CCS/Methods for CCS/Methods_in_CCS","520","legacy","xpyriment","0.9519230769230769","n","667","1.0","hard","sheriffs","6","30828","16909","245189","245023","NA","NA","2737","250616","245186","279368","359752","359751","2757","360316","2759","245187","250614","NA","20102","NA","17005","17008","249722","360984","29212","NA","359750","LexicalDecision"
"No","737","1","2","Pseudo","3","1","1","m","/Users/patrick/Documents/CCS/Methods for CCS/Methods_in_CCS","406","legacy","xpyriment","0.9521531100478469","m","737","1.0","hard","spont","6","30828","16909","245189","245023","NA","NA","2737","250616","245186","279368","361143","361142","2757","361591","2759","245187","250614","NA","20102","NA","17005","17008","249722","362330","29212","NA","361141","LexicalDecision"
"No","644","1","2","LF","2","1","1","n","/Users/patrick/Documents/CCS/Methods for CCS/Methods_in_CCS","559","legacy","xpyriment","0.9523809523809523","n","644","1.0","hard","vijltje","6","30828","16909","245189","245023","NA","NA","2737","250616","245186","279368","362485","362483","2757","363087","2759","245187","250614","NA","20102","NA","17005","17008","249722","363732","29212","NA","362482","LexicalDecision"
"No","779","1","2","Pseudo","3","1","1","m","/Users/patrick/Documents/CCS/Methods for CCS/Methods_in_CCS","453","legacy","xpyriment","0.95260663507109","m","779","1.0","hard","lannen","6","30828","16909","245189","245023","NA","NA","2737","250616","245186","279368","363887","363886","2757","364382","2759","245187","250614","NA","20102","NA","17005","17008","249722","365162","29212","NA","363885","LexicalDecision"
"No","683","1","2","LF","2","1","1","n","/Users/patrick/Documents/CCS/Methods for CCS/Methods_in_CCS","405","legacy","xpyriment","0.9528301886792453","n","683","1.0","hard","feitjes","6","30828","16909","245189","245023","NA","NA","2737","250616","245186","279368","365320","365319","2757","365768","2759","245187","250614","NA","20102","NA","17005","17008","249722","366452","29212","NA","365318","LexicalDecision"
"No","709","1","2","LF","2","1","1","n","/Users/patrick/Documents/CCS/Methods for CCS/Methods_in_CCS","409","legacy","xpyriment","0.9530516431924883","n","709","1.0","hard","polo","6","30828","16909","245189","245023","NA","NA","2737","250616","245186","279368","366610","366609","2757","367066","2759","245187","250614","NA","20102","NA","17005","17008","249722","367777","29212","NA","366608","LexicalDecision"
"No","603","1","2","Pseudo","3","1","1","m","/Users/patrick/Documents/CCS/Methods for CCS/Methods_in_CCS","528","legacy","xpyriment","0.9532710280373832","m","603","1.0","hard","vant","6","30828","16909","245189","245023","NA","NA","2737","250616","245186","279368","367933","367931","2757","368508","2759","245187","250614","NA","20102","NA","17005","17008","249722","369112","29212","NA","367930","LexicalDecision"
"No","672","1","2","Pseudo","3","1","1","m","/Users/patrick/Documents/CCS/Methods for CCS/Methods_in_CCS","504","legacy","xpyriment","0.9534883720930233","m","672","1.0","hard","dond","6","30828","16909","245189","245023","NA","NA","2737","250616","245186","279368","369269","369267","2757","369827","2759","245187","250614","NA","20102","NA","17005","17008","249722","370501","29212","NA","369267","LexicalDecision"
"No","1676","1","2","LF","2","1","1","n","/Users/patrick/Documents/CCS/Methods for CCS/Methods_in_CCS","516","legacy","xpyriment","0.9537037037037037","n","1676","1.0","hard","zotten","6","30828","16909","245189","245023","NA","NA","2737","250616","245186","279368","370655","370653","2757","371219","2759","245187","250614","NA","20102","NA","17005","17008","249722","372897","29212","NA","370653","LexicalDecision"
"No","677","1","2","Pseudo","3","1","1","m","/Users/patrick/Documents/CCS/Methods for CCS/Methods_in_CCS","593","legacy","xpyriment","0.9539170506912442","m","677","1.0","hard","nale","6","30828","16909","245189","245023","NA","NA","2737","250616","245186","279368","373057","373056","2757","373695","2759","245187","250614","NA","20102","NA","17005","17008","249722","374373","29212","NA","373054","LexicalDecision"
"No","566","1","2","LF","2","1","1","n","/Users/patrick/Documents/CCS/Methods for CCS/Methods_in_CCS","554","legacy","xpyriment","0.9541284403669725","n","566","1.0","hard","vonkjes","6","30828","16909","245189","245023","NA","NA","2737","250616","245186","279368","374531","374530","2757","375132","2759","245187","250614","NA","20102","NA","17005","17008","249722","375699","29212","NA","374529","LexicalDecision"
"No","614","1","2","LF","2","1","1","n","/Users/patrick/Documents/CCS/Methods for CCS/Methods_in_CCS","491","legacy","xpyriment","0.954337899543379","n","614","1.0","hard","trutje","6","30828","16909","245189","245023","NA","NA","2737","250616","245186","279368","375858","375857","2757","376389","2759","245187","250614","NA","20102","NA","17005","17008","249722","377005","29212","NA","375856","LexicalDecision"
"No","589","0","2","Pseudo","3","0","0","m","/Users/patrick/Documents/CCS/Methods for CCS/Methods_in_CCS","584","legacy","xpyriment","0.95","n","589","0.96","hard","inbrok","6","30828","16909","245189","245023","NA","NA","2737","250616","245186","378410","377161","377160","2757","377788","2759","245187","250614","NA","20102","NA","17005","17008","249722","378379","29212","NA","377159","LexicalDecision"
"No","746","1","2","LF","2","1","1","n","/Users/patrick/Documents/CCS/Methods for CCS/Methods_in_CCS","504","legacy","xpyriment","0.9502262443438914","n","746","0.96","hard","slijper","6","30828","16909","245189","245023","NA","NA","2737","250616","245186","378410","380572","380571","2757","381122","2759","245187","250614","NA","20102","NA","17005","17008","249722","381869","29212","NA","380571","LexicalDecision"
"No","647","0","2","LF","2","0","0","n","/Users/patrick/Documents/CCS/Methods for CCS/Methods_in_CCS","593","legacy","xpyriment","0.9459459459459459","m","647","0.92","hard","sultans","6","30828","16909","245189","245023","NA","NA","2737","250616","245186","383341","382025","382023","2757","382661","2759","245187","250614","NA","20102","NA","17005","17008","249722","383309","29212","NA","382022","LexicalDecision"
"No","588","1","2","Pseudo","3","1","1","m","/Users/patrick/Documents/CCS/Methods for CCS/Methods_in_CCS","570","legacy","xpyriment","0.9461883408071748","m","588","0.92","hard","keinen","6","30828","16909","245189","245023","NA","NA","2737","250616","245186","383341","385505","385503","2757","386118","2759","245187","250614","NA","20102","NA","17005","17008","249722","386707","29212","NA","385503","LexicalDecision"
"No","623","0","2","LF","2","0","0","n","/Users/patrick/Documents/CCS/Methods for CCS/Methods_in_CCS","557","legacy","xpyriment","0.9419642857142857","m","623","0.88","hard","vergiet","6","30828","16909","245189","245023","NA","NA","2737","250616","245186","388124","386868","386866","2757","387468","2759","245187","250614","NA","20102","NA","17005","17008","249722","388092","29212","NA","386865","LexicalDecision"
"No","486","1","2","LF","2","1","1","n","/Users/patrick/Documents/CCS/Methods for CCS/Methods_in_CCS","498","legacy","xpyriment","0.9422222222222222","n","486","0.88","hard","sproet","6","30828","16909","245189","245023","NA","NA","2737","250616","245186","388124","390287","390285","2757","390831","2759","245187","250614","NA","20102","NA","17005","17008","249722","391318","29212","NA","390285","LexicalDecision"
"No","686","1","2","LF","2","1","1","n","/Users/patrick/Documents/CCS/Methods for CCS/Methods_in_CCS","592","legacy","xpyriment","0.9424778761061947","n","686","0.88","hard","keeltje","6","30828","16909","245189","245023","NA","NA","2737","250616","245186","388124","391475","391473","2757","392112","2759","245187","250614","NA","20102","NA","17005","17008","249722","392799","29212","NA","391472","LexicalDecision"
"No","810","1","2","LF","2","1","1","n","/Users/patrick/Documents/CCS/Methods for CCS/Methods_in_CCS","419","legacy","xpyriment","0.9427312775330396","n","810","0.88","hard","balsems","6","30828","16909","245189","245023","NA","NA","2737","250616","245186","388124","392958","392956","2757","393419","2759","245187","250614","NA","20102","NA","17005","17008","249722","394230","29212","NA","392955","LexicalDecision"
"No","756","1","2","Pseudo","3","1","1","m","/Users/patrick/Documents/CCS/Methods for CCS/Methods_in_CCS","400","legacy","xpyriment","0.9429824561403509","m","756","0.88","hard","moelden","6","30828","16909","245189","245023","NA","NA","2737","250616","245186","388124","394387","394385","2757","394832","2759","245187","250614","NA","20102","NA","17005","17008","249722","395589","29212","NA","394384","LexicalDecision"
"No","738","1","2","LF","2","1","1","n","/Users/patrick/Documents/CCS/Methods for CCS/Methods_in_CCS","529","legacy","xpyriment","0.9432314410480349","n","738","0.88","hard","steekjes","6","30828","16909","245189","245023","NA","NA","2737","250616","245186","388124","395743","395741","2757","396320","2759","245187","250614","NA","20102","NA","17005","17008","249722","397059","29212","NA","395741","LexicalDecision"
"No","1302","1","2","Pseudo","3","1","1","m","/Users/patrick/Documents/CCS/Methods for CCS/Methods_in_CCS","429","legacy","xpyriment","0.9434782608695652","m","1302","0.88","hard","geteel","6","30828","16909","245189","245023","NA","NA","2737","250616","245186","388124","397215","397213","2757","397686","2759","245187","250614","NA","20102","NA","17005","17008","249722","398989","29212","NA","397212","LexicalDecision"
"No","839","1","2","Pseudo","3","1","1","m","/Users/patrick/Documents/CCS/Methods for CCS/Methods_in_CCS","572","legacy","xpyriment","0.9437229437229437","m","839","0.88","hard","cotaal","6","30828","16909","245189","245023","NA","NA","2737","250616","245186","388124","399146","399144","2757","399761","2759","245187","250614","NA","20102","NA","17005","17008","249722","400602","29212","NA","399144","LexicalDecision"
"No","853","1","2","Pseudo","3","1","1","m","/Users/patrick/Documents/CCS/Methods for CCS/Methods_in_CCS","493","legacy","xpyriment","0.9439655172413793","m","853","0.88","hard","ookten","6","30828","16909","245189","245023","NA","NA","2737","250616","245186","388124","400759","400757","2757","401299","2759","245187","250614","NA","20102","NA","17005","17008","249722","402153","29212","NA","400757","LexicalDecision"
"No","791","1","2","LF","2","1","1","n","/Users/patrick/Documents/CCS/Methods for CCS/Methods_in_CCS","423","legacy","xpyriment","0.944206008583691","n","791","0.88","hard","cash","6","30828","16909","245189","245023","NA","NA","2737","250616","245186","388124","402312","402310","2757","402778","2759","245187","250614","NA","20102","NA","17005","17008","249722","403570","29212","NA","402309","LexicalDecision"
"No","787","1","2","HF","1","1","1","n","/Users/patrick/Documents/CCS/Methods for CCS/Methods_in_CCS","502","legacy","xpyriment","0.9444444444444444","n","787","0.88","easy","bieden","6","30828","16909","245189","245023","NA","NA","2737","250616","245186","388124","403725","403724","2757","404270","2759","245187","250614","NA","20102","NA","17005","17008","249722","405058","29212","NA","403723","LexicalDecision"
"No","747","1","2","LF","2","1","1","n","/Users/patrick/Documents/CCS/Methods for CCS/Methods_in_CCS","508","legacy","xpyriment","0.9446808510638298","n","747","0.88","hard","pluimpje","6","30828","16909","245189","245023","NA","NA","2737","250616","245186","388124","405218","405216","2757","405771","2759","245187","250614","NA","20102","NA","17005","17008","249722","406520","29212","NA","405215","LexicalDecision"
"No","821","1","2","LF","2","1","1","n","/Users/patrick/Documents/CCS/Methods for CCS/Methods_in_CCS","428","legacy","xpyriment","0.9449152542372882","n","821","0.88","hard","kuisen","6","30828","16909","245189","245023","NA","NA","2737","250616","245186","388124","406679","406678","2757","407149","2759","245187","250614","NA","20102","NA","17005","17008","249722","407972","29212","NA","406677","LexicalDecision"
"No","666","1","2","LF","2","1","1","n","/Users/patrick/Documents/CCS/Methods for CCS/Methods_in_CCS","595","legacy","xpyriment","0.9451476793248945","n","666","0.88","hard","jojo","6","30828","16909","245189","245023","NA","NA","2737","250616","245186","388124","0","0","2757","408765","2759","245187","250614","NA","20102","NA","17005","17008","249722","409432","29212","NA","0","LexicalDecision"
"No","770","1","2","Pseudo","3","1","1","m","/Users/patrick/Documents/CCS/Methods for CCS/Methods_in_CCS","573","legacy","xpyriment","0.9453781512605042","m","770","0.88","hard","hoeten","6","30828","16909","245189","245023","NA","NA","2737","250616","245186","388124","409586","409585","2757","410201","2759","245187","250614","NA","20102","NA","17005","17008","249722","410972","29212","NA","409584","LexicalDecision"
"No","618","1","2","Pseudo","3","1","1","m","/Users/patrick/Documents/CCS/Methods for CCS/Methods_in_CCS","569","legacy","xpyriment","0.9456066945606695","m","618","0.88","hard","ceggen","6","30828","16909","245189","245023","NA","NA","2737","250616","245186","388124","411129","411127","2757","411735","2759","245187","250614","NA","20102","NA","17005","17008","249722","412354","29212","NA","411127","LexicalDecision"
"No","759","1","2","LF","2","1","1","n","/Users/patrick/Documents/CCS/Methods for CCS/Methods_in_CCS","473","legacy","xpyriment","0.9458333333333333","n","759","0.88","hard","peukjes","6","30828","16909","245189","245023","NA","NA","2737","250616","245186","388124","412511","412510","2757","413029","2759","245187","250614","NA","20102","NA","17005","17008","249722","413789","29212","NA","412509","LexicalDecision"
"No","1065","1","2","Pseudo","3","1","1","m","/Users/patrick/Documents/CCS/Methods for CCS/Methods_in_CCS","523","legacy","xpyriment","0.946058091286307","m","1065","0.88","hard","gelzen","6","30828","16909","245189","245023","NA","NA","2737","250616","245186","388124","413946","413944","2757","414512","2759","245187","250614","NA","20102","NA","17005","17008","249722","415578","29212","NA","413943","LexicalDecision"
"No","682","1","2","HF","1","1","1","n","/Users/patrick/Documents/CCS/Methods for CCS/Methods_in_CCS","556","legacy","xpyriment","0.9462809917355371","n","682","0.88","easy","veertig","6","30828","16909","245189","245023","NA","NA","2737","250616","245186","388124","415736","415734","2757","416335","2759","245187","250614","NA","20102","NA","17005","17008","249722","417018","29212","NA","415733","LexicalDecision"
"No","756","1","2","Pseudo","3","1","1","m","/Users/patrick/Documents/CCS/Methods for CCS/Methods_in_CCS","414","legacy","xpyriment","0.9465020576131687","m","756","0.88","hard","pavroot","6","30828","16909","245189","245023","NA","NA","2737","250616","245186","388124","417176","417174","2757","417633","2759","245187","250614","NA","20102","NA","17005","17008","249722","418390","29212","NA","417174","LexicalDecision"
"No","789","1","2","Pseudo","3","1","1","m","/Users/patrick/Documents/CCS/Methods for CCS/Methods_in_CCS","522","legacy","xpyriment","0.9467213114754098","m","789","0.88","hard","genorgd","6","30828","16909","245189","245023","NA","NA","2737","250616","245186","388124","418546","418545","2757","419111","2759","245187","250614","NA","20102","NA","17005","17008","249722","419901","29212","NA","418544","LexicalDecision"
"No","754","1","2","HF","1","1","1","n","/Users/patrick/Documents/CCS/Methods for CCS/Methods_in_CCS","473","legacy","xpyriment","0.9469387755102041","n","754","0.92","easy","inzicht","6","30828","16909","245189","245023","NA","NA","2737","250616","245186","388124","420058","420056","2757","420574","2759","245187","250614","NA","20102","NA","17005","17008","249722","421329","29212","NA","420055","LexicalDecision"
"No","742","1","2","Pseudo","3","1","1","m","/Users/patrick/Documents/CCS/Methods for CCS/Methods_in_CCS","490","legacy","xpyriment","0.9471544715447154","m","742","0.92","hard","fousen","6","30828","16909","245189","245023","NA","NA","2737","250616","245186","388124","421486","421484","2757","422016","2759","245187","250614","NA","20102","NA","17005","17008","249722","422759","29212","NA","421483","LexicalDecision"
"No","766","1","2","Pseudo","3","1","1","m","/Users/patrick/Documents/CCS/Methods for CCS/Methods_in_CCS","590","legacy","xpyriment","0.9473684210526315","m","766","0.96","hard","prijgen","6","30828","16909","245189","245023","NA","NA","2737","250616","245186","388124","422915","422913","2757","423552","2759","245187","250614","NA","20102","NA","17005","17008","249722","424320","29212","NA","422913","LexicalDecision"
"No","745","1","2","Pseudo","3","1","1","m","/Users/patrick/Documents/CCS/Methods for CCS/Methods_in_CCS","573","legacy","xpyriment","0.9475806451612904","m","745","0.96","hard","broubens","6","30828","16909","245189","245023","NA","NA","2737","250616","245186","388124","424477","424475","2757","425090","2759","245187","250614","NA","20102","NA","17005","17008","249722","425836","29212","NA","424475","LexicalDecision"
"No","1710","0","2","Pseudo","3","0","0","m","/Users/patrick/Documents/CCS/Methods for CCS/Methods_in_CCS","413","legacy","xpyriment","0.9437751004016064","n","1710","0.96","hard","hust","6","30828","16909","245189","245023","NA","NA","2737","250616","245186","428199","425997","425996","2757","426455","2759","245187","250614","NA","20102","NA","17005","17008","249722","428166","29212","NA","425995","LexicalDecision"
"No","822","1","2","Pseudo","3","1","1","m","/Users/patrick/Documents/CCS/Methods for CCS/Methods_in_CCS","416","legacy","xpyriment","0.944","m","822","0.96","hard","ontreit","6","30828","16909","245189","245023","NA","NA","2737","250616","245186","428199","430366","430364","2757","430823","2759","245187","250614","NA","20102","NA","17005","17008","249722","431646","29212","NA","430364","LexicalDecision"
"No","737","0","2","Pseudo","3","0","0","m","/Users/patrick/Documents/CCS/Methods for CCS/Methods_in_CCS","471","legacy","xpyriment","0.9402390438247012","n","737","0.92","hard","schein","6","30828","16909","245189","245023","NA","NA","2737","250616","245186","433091","431804","431803","2757","432321","2759","245187","250614","NA","20102","NA","17005","17008","249722","433059","29212","NA","431802","LexicalDecision"
"No","846","1","2","LF","2","1","1","n","/Users/patrick/Documents/CCS/Methods for CCS/Methods_in_CCS","407","legacy","xpyriment","0.9404761904761905","n","846","0.92","hard","zoentjes","6","30828","16909","245189","245023","NA","NA","2737","250616","245186","433091","435254","435253","2757","435702","2759","245187","250614","NA","20102","NA","17005","17008","249722","436549","29212","NA","435252","LexicalDecision"
"No","637","1","2","Pseudo","3","1","1","m","/Users/patrick/Documents/CCS/Methods for CCS/Methods_in_CCS","485","legacy","xpyriment","0.9407114624505929","m","637","0.92","hard","meikje","6","30828","16909","245189","245023","NA","NA","2737","250616","245186","433091","436708","436706","2757","437237","2759","245187","250614","NA","20102","NA","17005","17008","249722","437875","29212","NA","436706","LexicalDecision"
"No","949","1","2","LF","2","1","1","n","/Users/patrick/Documents/CCS/Methods for CCS/Methods_in_CCS","397","legacy","xpyriment","0.9409448818897638","n","949","0.92","hard","sleetje","6","30828","16909","245189","245023","NA","NA","2737","250616","245186","433091","438032","438030","2757","438475","2759","245187","250614","NA","20102","NA","17005","17008","249722","439425","29212","NA","438029","LexicalDecision"
"No","675","1","2","LF","2","1","1","n","/Users/patrick/Documents/CCS/Methods for CCS/Methods_in_CCS","478","legacy","xpyriment","0.9411764705882353","n","675","0.92","hard","sponsen","6","30828","16909","245189","245023","NA","NA","2737","250616","245186","433091","439583","439581","2757","440102","2759","245187","250614","NA","20102","NA","17005","17008","249722","440778","29212","NA","439581","LexicalDecision"
"No","591","1","2","LF","2","1","1","n","/Users/patrick/Documents/CCS/Methods for CCS/Methods_in_CCS","547","legacy","xpyriment","0.94140625","n","591","0.92","hard","zalfje","6","30828","16909","245189","245023","NA","NA","2737","250616","245186","433091","440934","440933","2757","441523","2759","245187","250614","NA","20102","NA","17005","17008","249722","442116","29212","NA","440932","LexicalDecision"
"No","712","1","2","HF","1","1","1","n","/Users/patrick/Documents/CCS/Methods for CCS/Methods_in_CCS","403","legacy","xpyriment","0.9416342412451362","n","712","0.92","easy","zwijgen","6","30828","16909","245189","245023","NA","NA","2737","250616","245186","433091","442276","442274","2757","442723","2759","245187","250614","NA","20102","NA","17005","17008","249722","443436","29212","NA","442274","LexicalDecision"
"No","804","1","2","LF","2","1","1","n","/Users/patrick/Documents/CCS/Methods for CCS/Methods_in_CCS","434","legacy","xpyriment","0.9418604651162791","n","804","0.92","hard","gamma's","6","30828","16909","245189","245023","NA","NA","2737","250616","245186","433091","443599","443598","2757","444081","2759","245187","250614","NA","20102","NA","17005","17008","249722","444886","29212","NA","443597","LexicalDecision"
"No","546","1","2","Random","4","1","1","m","/Users/patrick/Documents/CCS/Methods for CCS/Methods_in_CCS","502","legacy","xpyriment","0.9420849420849421","m","546","0.92","easy","wuejtoms","6","30828","16909","245189","245023","NA","NA","2737","250616","245186","433091","445044","445043","2757","445587","2759","245187","250614","NA","20102","NA","17005","17008","249722","446134","29212","NA","445042","LexicalDecision"
"No","998","0","2","Pseudo","3","0","0","m","/Users/patrick/Documents/CCS/Methods for CCS/Methods_in_CCS","416","legacy","xpyriment","0.9384615384615385","n","998","0.88","hard","zwarm","6","30828","16909","245189","245023","NA","NA","2737","250616","245186","447788","446297","446295","2757","446755","2759","245187","250614","NA","20102","NA","17005","17008","249722","447754","29212","NA","446295","LexicalDecision"
"No","588","1","2","LF","2","1","1","n","/Users/patrick/Documents/CCS/Methods for CCS/Methods_in_CCS","472","legacy","xpyriment","0.9386973180076629","n","588","0.88","hard","fases","6","30828","16909","245189","245023","NA","NA","2737","250616","245186","447788","449962","449961","2757","450480","2759","245187","250614","NA","20102","NA","17005","17008","249722","451069","29212","NA","449960","LexicalDecision"
"No","590","1","2","Pseudo","3","1","1","m","/Users/patrick/Documents/CCS/Methods for CCS/Methods_in_CCS","589","legacy","xpyriment","0.9389312977099237","m","590","0.88","hard","finde","6","30828","16909","245189","245023","NA","NA","2737","250616","245186","447788","451223","451222","2757","451858","2759","245187","250614","NA","20102","NA","17005","17008","249722","452449","29212","NA","451221","LexicalDecision"
"No","616","1","2","HF","1","1","1","n","/Users/patrick/Documents/CCS/Methods for CCS/Methods_in_CCS","498","legacy","xpyriment","0.9391634980988594","n","616","0.88","easy","rechts","6","30828","16909","245189","245023","NA","NA","2737","250616","245186","447788","452610","452608","2757","453150","2759","245187","250614","NA","20102","NA","17005","17008","249722","453767","29212","NA","452607","LexicalDecision"
"No","580","1","2","Random","4","1","1","m","/Users/patrick/Documents/CCS/Methods for CCS/Methods_in_CCS","593","legacy","xpyriment","0.9393939393939394","m","580","0.88","easy","oekejt","6","30828","16909","245189","245023","NA","NA","2737","250616","245186","447788","453922","453920","2757","454558","2759","245187","250614","NA","20102","NA","17005","17008","249722","455139","29212","NA","453919","LexicalDecision"
"No","714","1","2","Pseudo","3","1","1","m","/Users/patrick/Documents/CCS/Methods for CCS/Methods_in_CCS","499","legacy","xpyriment","0.939622641509434","m","714","0.88","hard","eeksten","6","30828","16909","245189","245023","NA","NA","2737","250616","245186","447788","455296","455294","2757","455838","2759","245187","250614","NA","20102","NA","17005","17008","249722","456553","29212","NA","455294","LexicalDecision"
"No","607","1","2","Pseudo","3","1","1","m","/Users/patrick/Documents/CCS/Methods for CCS/Methods_in_CCS","558","legacy","xpyriment","0.9398496240601504","m","607","0.88","hard","cerdrum","6","30828","16909","245189","245023","NA","NA","2737","250616","245186","447788","456708","456707","2757","457312","2759","245187","250614","NA","20102","NA","17005","17008","249722","457920","29212","NA","456706","LexicalDecision"
"No","645","1","2","LF","2","1","1","n","/Users/patrick/Documents/CCS/Methods for CCS/Methods_in_CCS","551","legacy","xpyriment","0.9400749063670412","n","645","0.88","hard","letsels","6","30828","16909","245189","245023","NA","NA","2737","250616","245186","447788","458077","458075","2757","458668","2759","245187","250614","NA","20102","NA","17005","17008","249722","459314","29212","NA","458074","LexicalDecision"
"No","1005","0","2","HF","1","0","0","n","/Users/patrick/Documents/CCS/Methods for CCS/Methods_in_CCS","557","legacy","xpyriment","0.9365671641791045","m","1005","0.84","easy","franse","6","30828","16909","245189","245023","NA","NA","2737","250616","245186","461112","459471","459469","2757","460071","2759","245187","250614","NA","20102","NA","17005","17008","249722","461077","29212","NA","459469","LexicalDecision"
"No","758","1","2","LF","2","1","1","n","/Users/patrick/Documents/CCS/Methods for CCS/Methods_in_CCS","413","legacy","xpyriment","0.9368029739776952","n","758","0.84","hard","kotje","6","30828","16909","245189","245023","NA","NA","2737","250616","245186","461112","463276","463275","2757","463733","2759","245187","250614","NA","20102","NA","17005","17008","249722","464492","29212","NA","463274","LexicalDecision"
"No","637","1","2","Pseudo","3","1","1","m","/Users/patrick/Documents/CCS/Methods for CCS/Methods_in_CCS","505","legacy","xpyriment","0.937037037037037","m","637","0.84","hard","beesden","6","30828","16909","245189","245023","NA","NA","2737","250616","245186","461112","464651","464649","2757","465203","2759","245187","250614","NA","20102","NA","17005","17008","249722","465841","29212","NA","464648","LexicalDecision"
"No","755","1","3","Pseudo","3","1","1","m","/Users/patrick/Documents/CCS/Methods for CCS/Methods_in_CCS","532","legacy","xpyriment","0.9372693726937269","m","755","0.84","hard","tandag","6","30828","16909","466073","465908","NA","NA","2737","485844","466071","461112","485935","485933","2757","486513","2759","466071","485841","NA","20102","NA","17005","17008","484950","487269","29212","NA","485932","LexicalDecision"
"No","866","1","3","LF","2","1","1","n","/Users/patrick/Documents/CCS/Methods for CCS/Methods_in_CCS","547","legacy","xpyriment","0.9375","n","866","0.84","hard","puistje","6","30828","16909","466073","465908","NA","NA","2737","485844","466071","461112","487427","487425","2757","488017","2759","466071","485841","NA","20102","NA","17005","17008","484950","488885","29212","NA","487425","LexicalDecision"
"No","742","1","3","LF","2","1","1","n","/Users/patrick/Documents/CCS/Methods for CCS/Methods_in_CCS","497","legacy","xpyriment","0.9377289377289377","n","742","0.84","hard","starters","6","30828","16909","466073","465908","NA","NA","2737","485844","466071","461112","489045","489043","2757","489586","2759","466071","485841","NA","20102","NA","17005","17008","484950","490330","29212","NA","489041","LexicalDecision"
"No","809","1","3","Random","4","1","1","m","/Users/patrick/Documents/CCS/Methods for CCS/Methods_in_CCS","444","legacy","xpyriment","0.9379562043795621","m","809","0.88","easy","eiljtwed","6","30828","16909","466073","465908","NA","NA","2737","485844","466071","461112","490489","490487","2757","490979","2759","466071","485841","NA","20102","NA","17005","17008","484950","491789","29212","NA","490486","LexicalDecision"
"No","729","1","3","LF","2","1","1","n","/Users/patrick/Documents/CCS/Methods for CCS/Methods_in_CCS","570","legacy","xpyriment","0.9381818181818182","n","729","0.88","hard","stofjes","6","30828","16909","466073","465908","NA","NA","2737","485844","466071","461112","491950","491948","2757","492562","2759","466071","485841","NA","20102","NA","17005","17008","484950","493292","29212","NA","491947","LexicalDecision"
"No","760","1","3","LF","2","1","1","n","/Users/patrick/Documents/CCS/Methods for CCS/Methods_in_CCS","439","legacy","xpyriment","0.9384057971014492","n","760","0.92","hard","surfen","6","30828","16909","466073","465908","NA","NA","2737","485844","466071","461112","493456","493454","2757","493938","2759","466071","485841","NA","20102","NA","17005","17008","484950","494700","29212","NA","493453","LexicalDecision"
"No","758","1","3","Pseudo","3","1","1","m","/Users/patrick/Documents/CCS/Methods for CCS/Methods_in_CCS","586","legacy","xpyriment","0.9386281588447654","m","758","0.92","hard","gemien","6","30828","16909","466073","465908","NA","NA","2737","485844","466071","461112","494859","494858","2757","495490","2759","466071","485841","NA","20102","NA","17005","17008","484950","496250","29212","NA","494856","LexicalDecision"
"No","766","1","3","LF","2","1","1","n","/Users/patrick/Documents/CCS/Methods for CCS/Methods_in_CCS","466","legacy","xpyriment","0.9388489208633094","n","766","0.92","hard","vlokjes","6","30828","16909","466073","465908","NA","NA","2737","485844","466071","461112","496405","496404","2757","496913","2759","466071","485841","NA","20102","NA","17005","17008","484950","497681","29212","NA","496403","LexicalDecision"
"No","697","1","3","Pseudo","3","1","1","m","/Users/patrick/Documents/CCS/Methods for CCS/Methods_in_CCS","464","legacy","xpyriment","0.9390681003584229","m","697","0.92","hard","drig","6","30828","16909","466073","465908","NA","NA","2737","485844","466071","461112","497837","497835","2757","498342","2759","466071","485841","NA","20102","NA","17005","17008","484950","499041","29212","NA","497834","LexicalDecision"
"No","662","1","3","Pseudo","3","1","1","m","/Users/patrick/Documents/CCS/Methods for CCS/Methods_in_CCS","577","legacy","xpyriment","0.9392857142857143","m","662","0.92","hard","geboop","6","30828","16909","466073","465908","NA","NA","2737","485844","466071","461112","499197","499196","2757","499820","2759","466071","485841","NA","20102","NA","17005","17008","484950","500484","29212","NA","499195","LexicalDecision"
"No","754","1","3","Pseudo","3","1","1","m","/Users/patrick/Documents/CCS/Methods for CCS/Methods_in_CCS","554","legacy","xpyriment","0.9395017793594306","m","754","0.92","hard","strelg","6","30828","16909","466073","465908","NA","NA","2737","485844","466071","461112","500639","500637","2757","501238","2759","466071","485841","NA","20102","NA","17005","17008","484950","501994","29212","NA","500637","LexicalDecision"
"No","671","1","3","Pseudo","3","1","1","m","/Users/patrick/Documents/CCS/Methods for CCS/Methods_in_CCS","563","legacy","xpyriment","0.9397163120567376","m","671","0.92","hard","consact","6","30828","16909","466073","465908","NA","NA","2737","485844","466071","461112","502150","502149","2757","502753","2759","466071","485841","NA","20102","NA","17005","17008","484950","503426","29212","NA","502148","LexicalDecision"
"No","755","1","3","LF","2","1","1","n","/Users/patrick/Documents/CCS/Methods for CCS/Methods_in_CCS","456","legacy","xpyriment","0.9399293286219081","n","755","0.92","hard","mango's","6","30828","16909","466073","465908","NA","NA","2737","485844","466071","461112","503582","503581","2757","504085","2759","466071","485841","NA","20102","NA","17005","17008","484950","504841","29212","NA","503580","LexicalDecision"
"No","1182","0","3","LF","2","0","0","n","/Users/patrick/Documents/CCS/Methods for CCS/Methods_in_CCS","409","legacy","xpyriment","0.9366197183098591","m","1182","0.88","hard","zweertje","6","30828","16909","466073","465908","NA","NA","2737","485844","466071","506665","504994","504992","2757","505448","2759","466071","485841","NA","20102","NA","17005","17008","484950","506632","29212","NA","504992","LexicalDecision"
"No","507","1","3","Pseudo","3","1","1","m","/Users/patrick/Documents/CCS/Methods for CCS/Methods_in_CCS","438","legacy","xpyriment","0.9368421052631579","m","507","0.92","hard","scheben","6","30828","16909","466073","465908","NA","NA","2737","485844","466071","506665","508828","508826","2757","509309","2759","466071","485841","NA","20102","NA","17005","17008","484950","509818","29212","NA","508826","LexicalDecision"
"No","578","1","3","Random","4","1","1","m","/Users/patrick/Documents/CCS/Methods for CCS/Methods_in_CCS","425","legacy","xpyriment","0.9370629370629371","m","578","0.92","easy","ejlztise","6","30828","16909","466073","465908","NA","NA","2737","485844","466071","506665","509972","509971","2757","510441","2759","466071","485841","NA","20102","NA","17005","17008","484950","511021","29212","NA","509970","LexicalDecision"
"No","897","1","3","Pseudo","3","1","1","m","/Users/patrick/Documents/CCS/Methods for CCS/Methods_in_CCS","490","legacy","xpyriment","0.9372822299651568","m","897","0.92","hard","gesplik","6","30828","16909","466073","465908","NA","NA","2737","485844","466071","506665","511176","511174","2757","511706","2759","466071","485841","NA","20102","NA","17005","17008","484950","512604","29212","NA","511174","LexicalDecision"
"No","797","1","3","Pseudo","3","1","1","m","/Users/patrick/Documents/CCS/Methods for CCS/Methods_in_CCS","490","legacy","xpyriment","0.9375","m","797","0.92","hard","strijm","6","30828","16909","466073","465908","NA","NA","2737","485844","466071","506665","512761","512760","2757","513291","2759","466071","485841","NA","20102","NA","17005","17008","484950","514089","29212","NA","512759","LexicalDecision"
"No","784","0","3","Pseudo","3","0","0","m","/Users/patrick/Documents/CCS/Methods for CCS/Methods_in_CCS","565","legacy","xpyriment","0.9342560553633218","n","784","0.88","hard","gezot","6","30828","16909","466073","465908","NA","NA","2737","485844","466071","515675","514245","514244","2757","514855","2759","466071","485841","NA","20102","NA","17005","17008","484950","515641","29212","NA","514243","LexicalDecision"
"No","440","1","3","Random","4","1","1","m","/Users/patrick/Documents/CCS/Methods for CCS/Methods_in_CCS","548","legacy","xpyriment","0.9344827586206896","m","440","0.88","easy","lkaebj","6","30828","16909","466073","465908","NA","NA","2737","485844","466071","515675","517839","517837","2757","518428","2759","466071","485841","NA","20102","NA","17005","17008","484950","518870","29212","NA","517837","LexicalDecision"
"No","930","1","3","LF","2","1","1","n","/Users/patrick/Documents/CCS/Methods for CCS/Methods_in_CCS","403","legacy","xpyriment","0.9347079037800687","n","930","0.88","hard","klagers","6","30828","16909","466073","465908","NA","NA","2737","485844","466071","515675","519027","519025","2757","519472","2759","466071","485841","NA","20102","NA","17005","17008","484950","520404","29212","NA","519025","LexicalDecision"
"No","774","1","3","Pseudo","3","1","1","m","/Users/patrick/Documents/CCS/Methods for CCS/Methods_in_CCS","559","legacy","xpyriment","0.934931506849315","m","774","0.88","hard","warte","6","30828","16909","466073","465908","NA","NA","2737","485844","466071","515675","520559","520558","2757","521163","2759","466071","485841","NA","20102","NA","17005","17008","484950","521939","29212","NA","520557","LexicalDecision"
"No","1290","1","3","Pseudo","3","1","1","m","/Users/patrick/Documents/CCS/Methods for CCS/Methods_in_CCS","549","legacy","xpyriment","0.9351535836177475","m","1290","0.92","hard","bedram","6","30828","16909","466073","465908","NA","NA","2737","485844","466071","515675","522095","522093","2757","522686","2759","466071","485841","NA","20102","NA","17005","17008","484950","523977","29212","NA","522093","LexicalDecision"
"No","881","1","3","Pseudo","3","1","1","m","/Users/patrick/Documents/CCS/Methods for CCS/Methods_in_CCS","412","legacy","xpyriment","0.935374149659864","m","881","0.92","hard","brof","6","30828","16909","466073","465908","NA","NA","2737","485844","466071","515675","524134","524133","2757","524589","2759","466071","485841","NA","20102","NA","17005","17008","484950","525471","29212","NA","524132","LexicalDecision"
"No","804","1","3","LF","2","1","1","n","/Users/patrick/Documents/CCS/Methods for CCS/Methods_in_CCS","514","legacy","xpyriment","0.9355932203389831","n","804","0.92","hard","slijmen","6","30828","16909","466073","465908","NA","NA","2737","485844","466071","515675","525630","525629","2757","526185","2759","466071","485841","NA","20102","NA","17005","17008","484950","526991","29212","NA","525628","LexicalDecision"
"No","828","1","3","Pseudo","3","1","1","m","/Users/patrick/Documents/CCS/Methods for CCS/Methods_in_CCS","561","legacy","xpyriment","0.9358108108108109","m","828","0.92","hard","twijlen","6","30828","16909","466073","465908","NA","NA","2737","485844","466071","515675","527149","527147","2757","527752","2759","466071","485841","NA","20102","NA","17005","17008","484950","528582","29212","NA","527147","LexicalDecision"
"No","829","1","3","Random","4","1","1","m","/Users/patrick/Documents/CCS/Methods for CCS/Methods_in_CCS","524","legacy","xpyriment","0.936026936026936","m","829","0.92","easy","skejtte","6","30828","16909","466073","465908","NA","NA","2737","485844","466071","515675","528738","528736","2757","529305","2759","466071","485841","NA","20102","NA","17005","17008","484950","530136","29212","NA","528735","LexicalDecision"
"No","798","1","3","LF","2","1","1","n","/Users/patrick/Documents/CCS/Methods for CCS/Methods_in_CCS","526","legacy","xpyriment","0.9362416107382551","n","798","0.92","hard","lijkjes","6","30828","16909","466073","465908","NA","NA","2737","485844","466071","515675","530292","530290","2757","530858","2759","466071","485841","NA","20102","NA","17005","17008","484950","531657","29212","NA","530290","LexicalDecision"
"No","840","1","3","Pseudo","3","1","1","m","/Users/patrick/Documents/CCS/Methods for CCS/Methods_in_CCS","584","legacy","xpyriment","0.9364548494983278","m","840","0.92","hard","hookte","6","30828","16909","466073","465908","NA","NA","2737","485844","466071","515675","531814","531813","2757","532441","2759","466071","485841","NA","20102","NA","17005","17008","484950","533283","29212","NA","531812","LexicalDecision"
"No","900","1","3","Pseudo","3","1","1","m","/Users/patrick/Documents/CCS/Methods for CCS/Methods_in_CCS","470","legacy","xpyriment","0.9366666666666666","m","900","0.92","hard","moenen","6","30828","16909","466073","465908","NA","NA","2737","485844","466071","515675","533436","533435","2757","533954","2759","466071","485841","NA","20102","NA","17005","17008","484950","534856","29212","NA","533434","LexicalDecision"
"No","733","1","3","LF","2","1","1","n","/Users/patrick/Documents/CCS/Methods for CCS/Methods_in_CCS","595","legacy","xpyriment","0.9368770764119602","n","733","0.92","hard","motto's","6","30828","16909","466073","465908","NA","NA","2737","485844","466071","515675","535011","535009","2757","535650","2759","466071","485841","NA","20102","NA","17005","17008","484950","536385","29212","NA","535008","LexicalDecision"
"No","718","1","3","Pseudo","3","1","1","m","/Users/patrick/Documents/CCS/Methods for CCS/Methods_in_CCS","449","legacy","xpyriment","0.9370860927152318","m","718","0.92","hard","bezerft","6","30828","16909","466073","465908","NA","NA","2737","485844","466071","515675","536545","536543","2757","537041","2759","466071","485841","NA","20102","NA","17005","17008","484950","537760","29212","NA","536542","LexicalDecision"
"No","857","1","3","LF","2","1","1","n","/Users/patrick/Documents/CCS/Methods for CCS/Methods_in_CCS","568","legacy","xpyriment","0.9372937293729373","n","857","0.92","hard","drums","6","30828","16909","466073","465908","NA","NA","2737","485844","466071","515675","537917","537915","2757","538529","2759","466071","485841","NA","20102","NA","17005","17008","484950","539388","29212","NA","537915","LexicalDecision"
"No","759","1","3","LF","2","1","1","n","/Users/patrick/Documents/CCS/Methods for CCS/Methods_in_CCS","558","legacy","xpyriment","0.9375","n","759","0.92","hard","kaasje","6","30828","16909","466073","465908","NA","NA","2737","485844","466071","515675","539544","539543","2757","540144","2759","466071","485841","NA","20102","NA","17005","17008","484950","540905","29212","NA","539542","LexicalDecision"
"No","1205","1","3","LF","2","1","1","n","/Users/patrick/Documents/CCS/Methods for CCS/Methods_in_CCS","396","legacy","xpyriment","0.9377049180327869","n","1205","0.92","hard","stroppen","6","30828","16909","466073","465908","NA","NA","2737","485844","466071","515675","541060","541058","2757","541504","2759","466071","485841","NA","20102","NA","17005","17008","484950","542710","29212","NA","541057","LexicalDecision"
"No","776","1","3","Pseudo","3","1","1","m","/Users/patrick/Documents/CCS/Methods for CCS/Methods_in_CCS","396","legacy","xpyriment","0.9379084967320261","m","776","0.92","hard","heging","6","30828","16909","466073","465908","NA","NA","2737","485844","466071","515675","542867","542865","2757","543313","2759","466071","485841","NA","20102","NA","17005","17008","484950","544090","29212","NA","542865","LexicalDecision"
"No","851","1","3","Pseudo","3","1","1","m","/Users/patrick/Documents/CCS/Methods for CCS/Methods_in_CCS","493","legacy","xpyriment","0.9381107491856677","m","851","0.92","hard","mard","6","30828","16909","466073","465908","NA","NA","2737","485844","466071","515675","544252","544250","2757","544792","2759","466071","485841","NA","20102","NA","17005","17008","484950","545645","29212","NA","544249","LexicalDecision"
"No","1084","1","3","Pseudo","3","1","1","m","/Users/patrick/Documents/CCS/Methods for CCS/Methods_in_CCS","414","legacy","xpyriment","0.9383116883116883","m","1084","0.92","hard","zoosje","6","30828","16909","466073","465908","NA","NA","2737","485844","466071","515675","545807","545805","2757","546261","2759","466071","485841","NA","20102","NA","17005","17008","484950","547347","29212","NA","545805","LexicalDecision"
"No","952","1","3","Pseudo","3","1","1","m","/Users/patrick/Documents/CCS/Methods for CCS/Methods_in_CCS","534","legacy","xpyriment","0.9385113268608414","m","952","0.96","hard","betooft","6","30828","16909","466073","465908","NA","NA","2737","485844","466071","515675","547503","547502","2757","548082","2759","466071","485841","NA","20102","NA","17005","17008","484950","549035","29212","NA","547501","LexicalDecision"
"No","733","1","3","HF","1","1","1","n","/Users/patrick/Documents/CCS/Methods for CCS/Methods_in_CCS","508","legacy","xpyriment","0.9387096774193548","n","733","0.96","easy","kleur","6","30828","16909","466073","465908","NA","NA","2737","485844","466071","515675","549192","549190","2757","549742","2759","466071","485841","NA","20102","NA","17005","17008","484950","550477","29212","NA","549190","LexicalDecision"
"No","807","1","3","Pseudo","3","1","1","m","/Users/patrick/Documents/CCS/Methods for CCS/Methods_in_CCS","405","legacy","xpyriment","0.9389067524115756","m","807","0.96","hard","distijfs","6","30828","16909","466073","465908","NA","NA","2737","485844","466071","515675","550631","550629","2757","551079","2759","466071","485841","NA","20102","NA","17005","17008","484950","551888","29212","NA","550629","LexicalDecision"
"No","828","1","3","Random","4","1","1","m","/Users/patrick/Documents/CCS/Methods for CCS/Methods_in_CCS","475","legacy","xpyriment","0.9391025641025641","m","828","0.96","easy","ewjnclot","6","30828","16909","466073","465908","NA","NA","2737","485844","466071","515675","552050","552048","2757","552568","2759","466071","485841","NA","20102","NA","17005","17008","484950","553397","29212","NA","552047","LexicalDecision"
"No","833","1","3","Pseudo","3","1","1","m","/Users/patrick/Documents/CCS/Methods for CCS/Methods_in_CCS","505","legacy","xpyriment","0.939297124600639","m","833","0.96","hard","lijten","6","30828","16909","466073","465908","NA","NA","2737","485844","466071","515675","553555","553553","2757","554107","2759","466071","485841","NA","20102","NA","17005","17008","484950","554942","29212","NA","553552","LexicalDecision"
"No","778","1","3","LF","2","1","1","n","/Users/patrick/Documents/CCS/Methods for CCS/Methods_in_CCS","552","legacy","xpyriment","0.9394904458598726","n","778","1.0","hard","spiertje","6","30828","16909","466073","465908","NA","NA","2737","485844","466071","515675","555100","555098","2757","555699","2759","466071","485841","NA","20102","NA","17005","17008","484950","556479","29212","NA","555097","LexicalDecision"
"No","734","1","3","Pseudo","3","1","1","m","/Users/patrick/Documents/CCS/Methods for CCS/Methods_in_CCS","587","legacy","xpyriment","0.9396825396825397","m","734","1.0","hard","verden","6","30828","16909","466073","465908","NA","NA","2737","485844","466071","515675","556636","556634","2757","557266","2759","466071","485841","NA","20102","NA","17005","17008","484950","558002","29212","NA","556633","LexicalDecision"
"No","718","1","3","LF","2","1","1","n","/Users/patrick/Documents/CCS/Methods for CCS/Methods_in_CCS","588","legacy","xpyriment","0.939873417721519","n","718","1.0","hard","topjes","6","30828","16909","466073","465908","NA","NA","2737","485844","466071","515675","558157","558156","2757","558791","2759","466071","485841","NA","20102","NA","17005","17008","484950","559510","29212","NA","558155","LexicalDecision"
"No","712","1","3","LF","2","1","1","n","/Users/patrick/Documents/CCS/Methods for CCS/Methods_in_CCS","560","legacy","xpyriment","0.9400630914826499","n","712","1.0","hard","darmpje","6","30828","16909","466073","465908","NA","NA","2737","485844","466071","515675","559667","559665","2757","560269","2759","466071","485841","NA","20102","NA","17005","17008","484950","560982","29212","NA","559664","LexicalDecision"
"No","1000","1","3","LF","2","1","1","n","/Users/patrick/Documents/CCS/Methods for CCS/Methods_in_CCS","411","legacy","xpyriment","0.940251572327044","n","1000","1.0","hard","kassiers","6","30828","16909","466073","465908","NA","NA","2737","485844","466071","515675","561139","561137","2757","561597","2759","466071","485841","NA","20102","NA","17005","17008","484950","562599","29212","NA","561136","LexicalDecision"
"No","932","1","3","Random","4","1","1","m","/Users/patrick/Documents/CCS/Methods for CCS/Methods_in_CCS","407","legacy","xpyriment","0.9404388714733543","m","932","1.0","easy","trtsseek","6","30828","16909","466073","465908","NA","NA","2737","485844","466071","515675","562756","562755","2757","563203","2759","466071","485841","NA","20102","NA","17005","17008","484950","564136","29212","NA","562754","LexicalDecision"
"No","700","1","3","LF","2","1","1","n","/Users/patrick/Documents/CCS/Methods for CCS/Methods_in_CCS","578","legacy","xpyriment","0.940625","n","700","1.0","hard","slipper","6","30828","16909","466073","465908","NA","NA","2737","485844","466071","515675","564293","564291","2757","564916","2759","466071","485841","NA","20102","NA","17005","17008","484950","565618","29212","NA","564291","LexicalDecision"
"No","758","1","3","Pseudo","3","1","1","m","/Users/patrick/Documents/CCS/Methods for CCS/Methods_in_CCS","529","legacy","xpyriment","0.940809968847352","m","758","1.0","hard","mieder","6","30828","16909","466073","465908","NA","NA","2737","485844","466071","515675","565780","565779","2757","566356","2759","466071","485841","NA","20102","NA","17005","17008","484950","567116","29212","NA","565778","LexicalDecision"
"No","827","1","3","Pseudo","3","1","1","m","/Users/patrick/Documents/CCS/Methods for CCS/Methods_in_CCS","441","legacy","xpyriment","0.9409937888198758","m","827","1.0","hard","drode","6","30828","16909","466073","465908","NA","NA","2737","485844","466071","515675","567379","567378","2757","567861","2759","466071","485841","NA","20102","NA","17005","17008","484950","568689","29212","NA","567377","LexicalDecision"
"No","856","1","3","Pseudo","3","1","1","m","/Users/patrick/Documents/CCS/Methods for CCS/Methods_in_CCS","558","legacy","xpyriment","0.9411764705882353","m","856","1.0","hard","vrijntin","6","30828","16909","466073","465908","NA","NA","2737","485844","466071","515675","568844","568842","2757","569446","2759","466071","485841","NA","20102","NA","17005","17008","484950","570304","29212","NA","568842","LexicalDecision"
"No","837","1","3","Random","4","1","1","m","/Users/patrick/Documents/CCS/Methods for CCS/Methods_in_CCS","568","legacy","xpyriment","0.941358024691358","m","837","1.0","easy","espnrta","6","30828","16909","466073","465908","NA","NA","2737","485844","466071","515675","570459","570457","2757","571071","2759","466071","485841","NA","20102","NA","17005","17008","484950","571910","29212","NA","570456","LexicalDecision"
"No","898","0","3","LF","2","0","0","n","/Users/patrick/Documents/CCS/Methods for CCS/Methods_in_CCS","481","legacy","xpyriment","0.9384615384615385","m","898","0.96","hard","clip","6","30828","16909","466073","465908","NA","NA","2737","485844","466071","573528","572069","572068","2757","572597","2759","466071","485841","NA","20102","NA","17005","17008","484950","573497","29212","NA","572067","LexicalDecision"
"No","652","1","3","Pseudo","3","1","1","m","/Users/patrick/Documents/CCS/Methods for CCS/Methods_in_CCS","395","legacy","xpyriment","0.9386503067484663","m","652","0.96","hard","roopt","6","30828","16909","466073","465908","NA","NA","2737","485844","466071","573528","575691","575689","2757","576129","2759","466071","485841","NA","20102","NA","17005","17008","484950","576782","29212","NA","575689","LexicalDecision"
"No","692","1","3","LF","2","1","1","n","/Users/patrick/Documents/CCS/Methods for CCS/Methods_in_CCS","435","legacy","xpyriment","0.9388379204892966","n","692","0.96","hard","solo's","6","30828","16909","466073","465908","NA","NA","2737","485844","466071","573528","576939","576937","2757","577418","2759","466071","485841","NA","20102","NA","17005","17008","484950","578112","29212","NA","576937","LexicalDecision"
"No","801","1","3","LF","2","1","1","n","/Users/patrick/Documents/CCS/Methods for CCS/Methods_in_CCS","461","legacy","xpyriment","0.9390243902439024","n","801","0.96","hard","buurtje","6","30828","16909","466073","465908","NA","NA","2737","485844","466071","573528","578267","578266","2757","578772","2759","466071","485841","NA","20102","NA","17005","17008","484950","579575","29212","NA","578265","LexicalDecision"
"No","753","1","3","Pseudo","3","1","1","m","/Users/patrick/Documents/CCS/Methods for CCS/Methods_in_CCS","456","legacy","xpyriment","0.939209726443769","m","753","0.96","hard","schoel","6","30828","16909","466073","465908","NA","NA","2737","485844","466071","573528","579734","579732","2757","580240","2759","466071","485841","NA","20102","NA","17005","17008","484950","580995","29212","NA","579732","LexicalDecision"
"No","913","1","3","Pseudo","3","1","1","m","/Users/patrick/Documents/CCS/Methods for CCS/Methods_in_CCS","463","legacy","xpyriment","0.9393939393939394","m","913","0.96","hard","leit","6","30828","16909","466073","465908","NA","NA","2737","485844","466071","573528","581151","581149","2757","581656","2759","466071","485841","NA","20102","NA","17005","17008","484950","582571","29212","NA","581148","LexicalDecision"
"No","868","1","3","Pseudo","3","1","1","m","/Users/patrick/Documents/CCS/Methods for CCS/Methods_in_CCS","404","legacy","xpyriment","0.9395770392749244","m","868","0.96","hard","vusten","6","30828","16909","466073","465908","NA","NA","2737","485844","466071","573528","582727","582725","2757","583173","2759","466071","485841","NA","20102","NA","17005","17008","484950","584043","29212","NA","582724","LexicalDecision"
"No","755","1","3","Pseudo","3","1","1","m","/Users/patrick/Documents/CCS/Methods for CCS/Methods_in_CCS","465","legacy","xpyriment","0.9397590361445783","m","755","0.96","hard","deurt","6","30828","16909","466073","465908","NA","NA","2737","485844","466071","573528","584206","584205","2757","584714","2759","466071","485841","NA","20102","NA","17005","17008","484950","585471","29212","NA","584203","LexicalDecision"
"No","729","1","3","Pseudo","3","1","1","m","/Users/patrick/Documents/CCS/Methods for CCS/Methods_in_CCS","500","legacy","xpyriment","0.93993993993994","m","729","0.96","hard","stup","6","30828","16909","466073","465908","NA","NA","2737","485844","466071","573528","585626","585624","2757","586167","2759","466071","485841","NA","20102","NA","17005","17008","484950","586898","29212","NA","585623","LexicalDecision"
"No","809","1","3","Pseudo","3","1","1","m","/Users/patrick/Documents/CCS/Methods for CCS/Methods_in_CCS","563","legacy","xpyriment","0.9401197604790419","m","809","0.96","hard","lamen","6","30828","16909","466073","465908","NA","NA","2737","485844","466071","573528","587056","587054","2757","587660","2759","466071","485841","NA","20102","NA","17005","17008","484950","588470","29212","NA","587053","LexicalDecision"
"No","644","1","3","Pseudo","3","1","1","m","/Users/patrick/Documents/CCS/Methods for CCS/Methods_in_CCS","540","legacy","xpyriment","0.9402985074626866","m","644","0.96","hard","stoesen","6","30828","16909","466073","465908","NA","NA","2737","485844","466071","573528","588633","588631","2757","589232","2759","466071","485841","NA","20102","NA","17005","17008","484950","589878","29212","NA","588630","LexicalDecision"
"No","915","1","3","LF","2","1","1","n","/Users/patrick/Documents/CCS/Methods for CCS/Methods_in_CCS","547","legacy","xpyriment","0.9404761904761905","n","915","0.96","hard","gifslang","6","30828","16909","466073","465908","NA","NA","2737","485844","466071","573528","590035","590033","2757","590624","2759","466071","485841","NA","20102","NA","17005","17008","484950","591541","29212","NA","590032","LexicalDecision"
"No","790","1","3","Pseudo","3","1","1","m","/Users/patrick/Documents/CCS/Methods for CCS/Methods_in_CCS","557","legacy","xpyriment","0.9406528189910979","m","790","0.96","hard","hege","6","30828","16909","466073","465908","NA","NA","2737","485844","466071","573528","591705","591703","2757","592306","2759","466071","485841","NA","20102","NA","17005","17008","484950","593098","29212","NA","591702","LexicalDecision"
"No","1156","0","3","Pseudo","3","0","0","m","/Users/patrick/Documents/CCS/Methods for CCS/Methods_in_CCS","477","legacy","xpyriment","0.9378698224852071","n","1156","0.92","hard","doordan","6","30828","16909","466073","465908","NA","NA","2737","485844","466071","594966","593253","593250","2757","593776","2759","466071","485841","NA","20102","NA","17005","17008","484950","594934","29212","NA","593249","LexicalDecision"
"No","923","1","3","Pseudo","3","1","1","m","/Users/patrick/Documents/CCS/Methods for CCS/Methods_in_CCS","401","legacy","xpyriment","0.9380530973451328","m","923","0.92","hard","toekunst","6","30828","16909","466073","465908","NA","NA","2737","485844","466071","594966","597132","597130","2757","597567","2759","466071","485841","NA","20102","NA","17005","17008","484950","598492","29212","NA","597130","LexicalDecision"
"No","835","1","3","LF","2","1","1","n","/Users/patrick/Documents/CCS/Methods for CCS/Methods_in_CCS","431","legacy","xpyriment","0.9382352941176471","n","835","0.92","hard","haarband","6","30828","16909","466073","465908","NA","NA","2737","485844","466071","594966","598649","598646","2757","599120","2759","466071","485841","NA","20102","NA","17005","17008","484950","599957","29212","NA","598645","LexicalDecision"
"No","716","1","3","LF","2","1","1","n","/Users/patrick/Documents/CCS/Methods for CCS/Methods_in_CCS","550","legacy","xpyriment","0.9384164222873901","n","716","0.92","hard","dweiltje","6","30828","16909","466073","465908","NA","NA","2737","485844","466071","594966","600112","600110","2757","600705","2759","466071","485841","NA","20102","NA","17005","17008","484950","601422","29212","NA","600109","LexicalDecision"
"No","653","1","3","Pseudo","3","1","1","m","/Users/patrick/Documents/CCS/Methods for CCS/Methods_in_CCS","485","legacy","xpyriment","0.9385964912280702","m","653","0.92","hard","belpt","6","30828","16909","466073","465908","NA","NA","2737","485844","466071","594966","601578","601576","2757","602108","2759","466071","485841","NA","20102","NA","17005","17008","484950","602762","29212","NA","601575","LexicalDecision"
"No","552","1","3","Pseudo","3","1","1","m","/Users/patrick/Documents/CCS/Methods for CCS/Methods_in_CCS","575","legacy","xpyriment","0.9387755102040817","m","552","0.92","hard","chif","6","30828","16909","466073","465908","NA","NA","2737","485844","466071","594966","602917","602915","2757","603532","2759","466071","485841","NA","20102","NA","17005","17008","484950","604085","29212","NA","602914","LexicalDecision"
"No","806","1","3","Pseudo","3","1","1","m","/Users/patrick/Documents/CCS/Methods for CCS/Methods_in_CCS","414","legacy","xpyriment","0.938953488372093","m","806","0.92","hard","huitje","6","30828","16909","466073","465908","NA","NA","2737","485844","466071","594966","604243","604241","2757","604691","2759","466071","485841","NA","20102","NA","17005","17008","484950","605499","29212","NA","604240","LexicalDecision"
"No","1282","0","3","HF","1","0","0","n","/Users/patrick/Documents/CCS/Methods for CCS/Methods_in_CCS","476","legacy","xpyriment","0.936231884057971","m","1282","0.88","easy","opdat","6","30828","16909","466073","465908","NA","NA","2737","485844","466071","607499","605661","605660","2757","606182","2759","466071","485841","NA","20102","NA","17005","17008","484950","607466","29212","NA","605659","LexicalDecision"
"No","559","1","3","LF","2","1","1","n","/Users/patrick/Documents/CCS/Methods for CCS/Methods_in_CCS","403","legacy","xpyriment","0.9364161849710982","n","559","0.88","hard","vorkjes","6","30828","16909","466073","465908","NA","NA","2737","485844","466071","607499","609668","609667","2757","610113","2759","466071","485841","NA","20102","NA","17005","17008","484950","610674","29212","NA","609666","LexicalDecision"
"No","587","1","3","Random","4","1","1","m","/Users/patrick/Documents/CCS/Methods for CCS/Methods_in_CCS","457","legacy","xpyriment","0.9365994236311239","m","587","0.88","easy","okjres","6","30828","16909","466073","465908","NA","NA","2737","485844","466071","607499","610832","610830","2757","611335","2759","466071","485841","NA","20102","NA","17005","17008","484950","611924","29212","NA","610829","LexicalDecision"
"No","678","1","3","LF","2","1","1","n","/Users/patrick/Documents/CCS/Methods for CCS/Methods_in_CCS","519","legacy","xpyriment","0.9367816091954023","n","678","0.88","hard","sletten","6","30828","16909","466073","465908","NA","NA","2737","485844","466071","607499","612078","612077","2757","612642","2759","466071","485841","NA","20102","NA","17005","17008","484950","613321","29212","NA","612076","LexicalDecision"
"No","613","1","3","LF","2","1","1","n","/Users/patrick/Documents/CCS/Methods for CCS/Methods_in_CCS","436","legacy","xpyriment","0.9369627507163324","n","613","0.88","hard","scooters","6","30828","16909","466073","465908","NA","NA","2737","485844","466071","607499","613479","613477","2757","613960","2759","466071","485841","NA","20102","NA","17005","17008","484950","614575","29212","NA","613476","LexicalDecision"
"No","550","1","3","Pseudo","3","1","1","m","/Users/patrick/Documents/CCS/Methods for CCS/Methods_in_CCS","517","legacy","xpyriment","0.9371428571428572","m","550","0.92","hard","gegt","6","30828","16909","466073","465908","NA","NA","2737","485844","466071","607499","614734","614732","2757","615298","2759","466071","485841","NA","20102","NA","17005","17008","484950","615850","29212","NA","614732","LexicalDecision"
"No","624","1","3","LF","2","1","1","n","/Users/patrick/Documents/CCS/Methods for CCS/Methods_in_CCS","449","legacy","xpyriment","0.9373219373219374","n","624","0.92","hard","zuiltje","6","30828","16909","466073","465908","NA","NA","2737","485844","466071","607499","616008","616007","2757","616503","2759","466071","485841","NA","20102","NA","17005","17008","484950","617128","29212","NA","616006","LexicalDecision"
"No","627","1","3","LF","2","1","1","n","/Users/patrick/Documents/CCS/Methods for CCS/Methods_in_CCS","439","legacy","xpyriment","0.9375","n","627","0.92","hard","wolfje","6","30828","16909","466073","465908","NA","NA","2737","485844","466071","607499","617285","617283","2757","617767","2759","466071","485841","NA","20102","NA","17005","17008","484950","618395","29212","NA","617282","LexicalDecision"
"No","685","1","3","Pseudo","3","1","1","m","/Users/patrick/Documents/CCS/Methods for CCS/Methods_in_CCS","588","legacy","xpyriment","0.9376770538243626","m","685","0.92","hard","jalf","6","30828","16909","466073","465908","NA","NA","2737","485844","466071","607499","618552","618550","2757","619188","2759","466071","485841","NA","20102","NA","17005","17008","484950","619874","29212","NA","618549","LexicalDecision"
"No","683","1","3","LF","2","1","1","n","/Users/patrick/Documents/CCS/Methods for CCS/Methods_in_CCS","415","legacy","xpyriment","0.9378531073446328","n","683","0.92","hard","walnoot","6","30828","16909","466073","465908","NA","NA","2737","485844","466071","607499","620035","620033","2757","620494","2759","466071","485841","NA","20102","NA","17005","17008","484950","621179","29212","NA","620032","LexicalDecision"
"No","606","1","3","LF","2","1","1","n","/Users/patrick/Documents/CCS/Methods for CCS/Methods_in_CCS","576","legacy","xpyriment","0.9380281690140845","n","606","0.92","hard","lolly's","6","30828","16909","466073","465908","NA","NA","2737","485844","466071","607499","621337","621335","2757","621959","2759","466071","485841","NA","20102","NA","17005","17008","484950","622567","29212","NA","621334","LexicalDecision"
"No","610","1","3","LF","2","1","1","n","/Users/patrick/Documents/CCS/Methods for CCS/Methods_in_CCS","549","legacy","xpyriment","0.9382022471910112","n","610","0.92","hard","vleesmes","6","30828","16909","466073","465908","NA","NA","2737","485844","466071","607499","622725","622724","2757","623318","2759","466071","485841","NA","20102","NA","17005","17008","484950","623930","29212","NA","622723","LexicalDecision"
"No","733","1","3","Pseudo","3","1","1","m","/Users/patrick/Documents/CCS/Methods for CCS/Methods_in_CCS","442","legacy","xpyriment","0.938375350140056","m","733","0.92","hard","dechten","6","30828","16909","466073","465908","NA","NA","2737","485844","466071","607499","624087","624086","2757","624569","2759","466071","485841","NA","20102","NA","17005","17008","484950","625304","29212","NA","624085","LexicalDecision"
"No","523","1","3","LF","2","1","1","n","/Users/patrick/Documents/CCS/Methods for CCS/Methods_in_CCS","595","legacy","xpyriment","0.9385474860335196","n","523","0.92","hard","stinker","6","30828","16909","466073","465908","NA","NA","2737","485844","466071","607499","625461","625460","2757","626099","2759","466071","485841","NA","20102","NA","17005","17008","484950","626624","29212","NA","625459","LexicalDecision"
"No","603","1","3","LF","2","1","1","n","/Users/patrick/Documents/CCS/Methods for CCS/Methods_in_CCS","424","legacy","xpyriment","0.9387186629526463","n","603","0.92","hard","hoofdzin","6","30828","16909","466073","465908","NA","NA","2737","485844","466071","607499","626778","626777","2757","627247","2759","466071","485841","NA","20102","NA","17005","17008","484950","627852","29212","NA","626776","LexicalDecision"
"No","619","1","3","LF","2","1","1","n","/Users/patrick/Documents/CCS/Methods for CCS/Methods_in_CCS","539","legacy","xpyriment","0.9388888888888889","n","619","0.92","hard","pizza's","6","30828","16909","466073","465908","NA","NA","2737","485844","466071","607499","628006","628005","2757","628588","2759","466071","485841","NA","20102","NA","17005","17008","484950","629209","29212","NA","628004","LexicalDecision"
"No","691","1","3","LF","2","1","1","n","/Users/patrick/Documents/CCS/Methods for CCS/Methods_in_CCS","505","legacy","xpyriment","0.9390581717451524","n","691","0.92","hard","aardbei","6","30828","16909","466073","465908","NA","NA","2737","485844","466071","607499","629365","629364","2757","629917","2759","466071","485841","NA","20102","NA","17005","17008","484950","630610","29212","NA","629363","LexicalDecision"
"No","730","1","3","LF","2","1","1","n","/Users/patrick/Documents/CCS/Methods for CCS/Methods_in_CCS","467","legacy","xpyriment","0.9392265193370166","n","730","0.92","hard","bijzin","6","30828","16909","466073","465908","NA","NA","2737","485844","466071","607499","0","0","2757","631275","2759","466071","485841","NA","20102","NA","17005","17008","484950","632007","29212","NA","0","LexicalDecision"
"No","549","1","3","LF","2","1","1","n","/Users/patrick/Documents/CCS/Methods for CCS/Methods_in_CCS","580","legacy","xpyriment","0.9393939393939394","n","549","0.96","hard","doctors","6","30828","16909","466073","465908","NA","NA","2737","485844","466071","607499","632165","632163","2757","632792","2759","466071","485841","NA","20102","NA","17005","17008","484950","633343","29212","NA","632162","LexicalDecision"
"No","583","1","3","Pseudo","3","1","1","m","/Users/patrick/Documents/CCS/Methods for CCS/Methods_in_CCS","541","legacy","xpyriment","0.9395604395604396","m","583","0.96","hard","lalen","6","30828","16909","466073","465908","NA","NA","2737","485844","466071","607499","633498","633496","2757","634085","2759","466071","485841","NA","20102","NA","17005","17008","484950","634670","29212","NA","633496","LexicalDecision"
"No","556","1","3","Pseudo","3","1","1","m","/Users/patrick/Documents/CCS/Methods for CCS/Methods_in_CCS","536","legacy","xpyriment","0.9397260273972603","m","556","0.96","hard","moek","6","30828","16909","466073","465908","NA","NA","2737","485844","466071","607499","634828","634827","2757","635407","2759","466071","485841","NA","20102","NA","17005","17008","484950","635964","29212","NA","634826","LexicalDecision"
"No","594","1","3","LF","2","1","1","n","/Users/patrick/Documents/CCS/Methods for CCS/Methods_in_CCS","490","legacy","xpyriment","0.9398907103825137","n","594","0.96","hard","logo","6","30828","16909","466073","465908","NA","NA","2737","485844","466071","607499","636123","636121","2757","636654","2759","466071","485841","NA","20102","NA","17005","17008","484950","637250","29212","NA","636120","LexicalDecision"
"No","626","1","3","Pseudo","3","1","1","m","/Users/patrick/Documents/CCS/Methods for CCS/Methods_in_CCS","549","legacy","xpyriment","0.9400544959128065","m","626","0.96","hard","zideau","6","30828","16909","466073","465908","NA","NA","2737","485844","466071","607499","637406","637404","2757","637997","2759","466071","485841","NA","20102","NA","17005","17008","484950","638625","29212","NA","637403","LexicalDecision"
"No","736","1","3","Pseudo","3","1","1","m","/Users/patrick/Documents/CCS/Methods for CCS/Methods_in_CCS","458","legacy","xpyriment","0.9402173913043478","m","736","0.96","hard","vinter","6","30828","16909","466073","465908","NA","NA","2737","485844","466071","607499","638780","638779","2757","639287","2759","466071","485841","NA","20102","NA","17005","17008","484950","640025","29212","NA","638778","LexicalDecision"
"No","702","1","3","LF","2","1","1","n","/Users/patrick/Documents/CCS/Methods for CCS/Methods_in_CCS","452","legacy","xpyriment","0.940379403794038","n","702","0.96","hard","stafje","6","30828","16909","466073","465908","NA","NA","2737","485844","466071","607499","640184","640182","2757","640679","2759","466071","485841","NA","20102","NA","17005","17008","484950","641383","29212","NA","640181","LexicalDecision"
"No","635","1","3","Pseudo","3","1","1","m","/Users/patrick/Documents/CCS/Methods for CCS/Methods_in_CCS","495","legacy","xpyriment","0.9405405405405406","m","635","1.0","hard","handgag","6","30828","16909","466073","465908","NA","NA","2737","485844","466071","607499","641540","641538","2757","642082","2759","466071","485841","NA","20102","NA","17005","17008","484950","642719","29212","NA","641538","LexicalDecision"
"No","664","1","3","LF","2","1","1","n","/Users/patrick/Documents/CCS/Methods for CCS/Methods_in_CCS","466","legacy","xpyriment","0.9407008086253369","n","664","1.0","hard","balkje","6","30828","16909","466073","465908","NA","NA","2737","485844","466071","607499","642878","642876","2757","643385","2759","466071","485841","NA","20102","NA","17005","17008","484950","644050","29212","NA","642875","LexicalDecision"
"No","649","1","3","LF","2","1","1","n","/Users/patrick/Documents/CCS/Methods for CCS/Methods_in_CCS","508","legacy","xpyriment","0.9408602150537635","n","649","1.0","hard","judo","6","30828","16909","466073","465908","NA","NA","2737","485844","466071","607499","644205","644203","2757","644758","2759","466071","485841","NA","20102","NA","17005","17008","484950","645409","29212","NA","644203","LexicalDecision"
"No","756","1","3","LF","2","1","1","n","/Users/patrick/Documents/CCS/Methods for CCS/Methods_in_CCS","406","legacy","xpyriment","0.9410187667560321","n","756","1.0","hard","wasbeer","6","30828","16909","466073","465908","NA","NA","2737","485844","466071","607499","645568","645566","2757","646018","2759","466071","485841","NA","20102","NA","17005","17008","484950","646776","29212","NA","645565","LexicalDecision"
"No","586","1","3","LF","2","1","1","n","/Users/patrick/Documents/CCS/Methods for CCS/Methods_in_CCS","564","legacy","xpyriment","0.9411764705882353","n","586","1.0","hard","stropje","6","30828","16909","466073","465908","NA","NA","2737","485844","466071","607499","646935","646933","2757","647547","2759","466071","485841","NA","20102","NA","17005","17008","484950","648134","29212","NA","646932","LexicalDecision"
"No","719","1","3","LF","2","1","1","n","/Users/patrick/Documents/CCS/Methods for CCS/Methods_in_CCS","461","legacy","xpyriment","0.9413333333333334","n","719","1.0","hard","rolluik","6","30828","16909","466073","465908","NA","NA","2737","485844","466071","607499","648291","648289","2757","648796","2759","466071","485841","NA","20102","NA","17005","17008","484950","649517","29212","NA","648288","LexicalDecision"
"No","649","1","3","Pseudo","3","1","1","m","/Users/patrick/Documents/CCS/Methods for CCS/Methods_in_CCS","553","legacy","xpyriment","0.9414893617021277","m","649","1.0","hard","haad","6","30828","16909","466073","465908","NA","NA","2737","485844","466071","607499","649673","649671","2757","650273","2759","466071","485841","NA","20102","NA","17005","17008","484950","650924","29212","NA","649670","LexicalDecision"
"No","676","1","3","LF","2","1","1","n","/Users/patrick/Documents/CCS/Methods for CCS/Methods_in_CCS","490","legacy","xpyriment","0.9416445623342176","n","676","1.0","hard","wratjes","6","30828","16909","466073","465908","NA","NA","2737","485844","466071","607499","651078","651077","2757","651611","2759","466071","485841","NA","20102","NA","17005","17008","484950","652288","29212","NA","651076","LexicalDecision"
"No","657","1","3","Pseudo","3","1","1","m","/Users/patrick/Documents/CCS/Methods for CCS/Methods_in_CCS","429","legacy","xpyriment","0.9417989417989417","m","657","1.0","hard","hiek","6","30828","16909","466073","465908","NA","NA","2737","485844","466071","607499","652442","652441","2757","652911","2759","466071","485841","NA","20102","NA","17005","17008","484950","653570","29212","NA","652440","LexicalDecision"
"No","989","1","3","LF","2","1","1","n","/Users/patrick/Documents/CCS/Methods for CCS/Methods_in_CCS","515","legacy","xpyriment","0.941952506596306","n","989","1.0","hard","boffen","6","30828","16909","466073","465908","NA","NA","2737","485844","466071","607499","653731","653729","2757","654287","2759","466071","485841","NA","20102","NA","17005","17008","484950","655278","29212","NA","653728","LexicalDecision"
"No","888","1","3","HF","1","1","1","n","/Users/patrick/Documents/CCS/Methods for CCS/Methods_in_CCS","540","legacy","xpyriment","0.9421052631578948","n","888","1.0","easy","stil","6","30828","16909","466073","465908","NA","NA","2737","485844","466071","607499","655435","655433","2757","656024","2759","466071","485841","NA","20102","NA","17005","17008","484950","656913","29212","NA","655432","LexicalDecision"
"No","673","1","3","Random","4","1","1","m","/Users/patrick/Documents/CCS/Methods for CCS/Methods_in_CCS","566","legacy","xpyriment","0.9422572178477691","m","673","1.0","easy","odfohizn","6","30828","16909","466073","465908","NA","NA","2737","485844","466071","607499","657075","657073","2757","657687","2759","466071","485841","NA","20102","NA","17005","17008","484950","658362","29212","NA","657072","LexicalDecision"
"No","595","1","3","LF","2","1","1","n","/Users/patrick/Documents/CCS/Methods for CCS/Methods_in_CCS","554","legacy","xpyriment","0.9424083769633508","n","595","1.0","hard","gala","6","30828","16909","466073","465908","NA","NA","2737","485844","466071","607499","658517","658515","2757","659118","2759","466071","485841","NA","20102","NA","17005","17008","484950","659715","29212","NA","658515","LexicalDecision"
"No","739","1","3","LF","2","1","1","n","/Users/patrick/Documents/CCS/Methods for CCS/Methods_in_CCS","417","legacy","xpyriment","0.9425587467362925","n","739","1.0","hard","rietjes","6","30828","16909","466073","465908","NA","NA","2737","485844","466071","607499","659871","659869","2757","660330","2759","466071","485841","NA","20102","NA","17005","17008","484950","661071","29212","NA","659868","LexicalDecision"
"No","714","1","3","Pseudo","3","1","1","m","/Users/patrick/Documents/CCS/Methods for CCS/Methods_in_CCS","485","legacy","xpyriment","0.9427083333333334","m","714","1.0","hard","snaan","6","30828","16909","466073","465908","NA","NA","2737","485844","466071","607499","661227","661225","2757","661756","2759","466071","485841","NA","20102","NA","17005","17008","484950","662472","29212","NA","661224","LexicalDecision"
"No","710","1","3","LF","2","1","1","n","/Users/patrick/Documents/CCS/Methods for CCS/Methods_in_CCS","403","legacy","xpyriment","0.9428571428571428","n","710","1.0","hard","games","6","30828","16909","466073","465908","NA","NA","2737","485844","466071","607499","662629","662627","2757","663074","2759","466071","485841","NA","20102","NA","17005","17008","484950","663786","29212","NA","662626","LexicalDecision"
"No","674","1","3","LF","2","1","1","n","/Users/patrick/Documents/CCS/Methods for CCS/Methods_in_CCS","432","legacy","xpyriment","0.9430051813471503","n","674","1.0","hard","mondjes","6","30828","16909","466073","465908","NA","NA","2737","485844","466071","607499","663942","663940","2757","664424","2759","466071","485841","NA","20102","NA","17005","17008","484950","665100","29212","NA","663940","LexicalDecision"
"No","575","1","3","Pseudo","3","1","1","m","/Users/patrick/Documents/CCS/Methods for CCS/Methods_in_CCS","595","legacy","xpyriment","0.9431524547803618","m","575","1.0","hard","dodent","6","30828","16909","466073","465908","NA","NA","2737","485844","466071","607499","665256","665254","2757","665896","2759","466071","485841","NA","20102","NA","17005","17008","484950","666473","29212","NA","665254","LexicalDecision"
"No","1471","1","3","LF","2","1","1","n","/Users/patrick/Documents/CCS/Methods for CCS/Methods_in_CCS","421","legacy","xpyriment","0.9432989690721649","n","1471","1.0","hard","vlaai","6","30828","16909","466073","465908","NA","NA","2737","485844","466071","607499","666628","666627","2757","667096","2759","466071","485841","NA","20102","NA","17005","17008","484950","668569","29212","NA","666626","LexicalDecision"
"No","591","1","3","HF","1","1","1","n","/Users/patrick/Documents/CCS/Methods for CCS/Methods_in_CCS","550","legacy","xpyriment","0.9434447300771208","n","591","1.0","easy","eenheid","6","30828","16909","466073","465908","NA","NA","2737","485844","466071","607499","668727","668725","2757","669319","2759","466071","485841","NA","20102","NA","17005","17008","484950","669912","29212","NA","668724","LexicalDecision"
"No","692","1","3","LF","2","1","1","n","/Users/patrick/Documents/CCS/Methods for CCS/Methods_in_CCS","526","legacy","xpyriment","0.9435897435897436","n","692","1.0","hard","ritsen","6","30828","16909","466073","465908","NA","NA","2737","485844","466071","607499","670070","670068","2757","670639","2759","466071","485841","NA","20102","NA","17005","17008","484950","671333","29212","NA","670067","LexicalDecision"
"No","823","1","3","Pseudo","3","1","1","m","/Users/patrick/Documents/CCS/Methods for CCS/Methods_in_CCS","534","legacy","xpyriment","0.9437340153452686","m","823","1.0","hard","proeien","6","30828","16909","466073","465908","NA","NA","2737","485844","466071","607499","671488","671486","2757","672069","2759","466071","485841","NA","20102","NA","17005","17008","484950","672894","29212","NA","671485","LexicalDecision"
"No","924","1","3","Pseudo","3","1","1","m","/Users/patrick/Documents/CCS/Methods for CCS/Methods_in_CCS","545","legacy","xpyriment","0.9438775510204082","m","924","1.0","hard","krunten","6","30828","16909","466073","465908","NA","NA","2737","485844","466071","607499","673051","673049","2757","673640","2759","466071","485841","NA","20102","NA","17005","17008","484950","674566","29212","NA","673048","LexicalDecision"
"No","1021","1","3","Pseudo","3","1","1","m","/Users/patrick/Documents/CCS/Methods for CCS/Methods_in_CCS","530","legacy","xpyriment","0.9440203562340967","m","1021","1.0","hard","geid","6","30828","16909","466073","465908","NA","NA","2737","485844","466071","607499","674720","674718","2757","675297","2759","466071","485841","NA","20102","NA","17005","17008","484950","676320","29212","NA","674718","LexicalDecision"
"No","1223","1","3","Pseudo","3","1","1","m","/Users/patrick/Documents/CCS/Methods for CCS/Methods_in_CCS","424","legacy","xpyriment","0.9441624365482234","m","1223","1.0","hard","geet","6","30828","16909","466073","465908","NA","NA","2737","485844","466071","607499","676476","676474","2757","676944","2759","466071","485841","NA","20102","NA","17005","17008","484950","678169","29212","NA","676473","LexicalDecision"
"No","894","1","3","Random","4","1","1","m","/Users/patrick/Documents/CCS/Methods for CCS/Methods_in_CCS","527","legacy","xpyriment","0.9443037974683545","m","894","1.0","easy","vmeelses","6","30828","16909","466073","465908","NA","NA","2737","485844","466071","607499","678326","678324","2757","678892","2759","466071","485841","NA","20102","NA","17005","17008","484950","679788","29212","NA","678323","LexicalDecision"
"No","857","1","3","LF","2","1","1","n","/Users/patrick/Documents/CCS/Methods for CCS/Methods_in_CCS","567","legacy","xpyriment","0.9444444444444444","n","857","1.0","hard","zieltje","6","30828","16909","466073","465908","NA","NA","2737","485844","466071","607499","679945","679943","2757","680557","2759","466071","485841","NA","20102","NA","17005","17008","484950","681415","29212","NA","679942","LexicalDecision"
"No","843","1","3","Random","4","1","1","m","/Users/patrick/Documents/CCS/Methods for CCS/Methods_in_CCS","485","legacy","xpyriment","0.9445843828715366","m","843","1.0","easy","poucon","6","30828","16909","466073","465908","NA","NA","2737","485844","466071","607499","681572","681570","2757","682102","2759","466071","485841","NA","20102","NA","17005","17008","484950","682947","29212","NA","681569","LexicalDecision"
"No","1070","1","3","LF","2","1","1","n","/Users/patrick/Documents/CCS/Methods for CCS/Methods_in_CCS","462","legacy","xpyriment","0.9447236180904522","n","1070","1.0","hard","kuddes","6","30828","16909","466073","465908","NA","NA","2737","485844","466071","607499","683102","683100","2757","683608","2759","466071","485841","NA","20102","NA","17005","17008","484950","684680","29212","NA","683099","LexicalDecision"
"No","882","1","3","LF","2","1","1","n","/Users/patrick/Documents/CCS/Methods for CCS/Methods_in_CCS","507","legacy","xpyriment","0.9448621553884712","n","882","1.0","hard","serpent","6","30828","16909","466073","465908","NA","NA","2737","485844","466071","607499","684840","684839","2757","685393","2759","466071","485841","NA","20102","NA","17005","17008","484950","686277","29212","NA","684838","LexicalDecision"
"No","908","1","3","LF","2","1","1","n","/Users/patrick/Documents/CCS/Methods for CCS/Methods_in_CCS","510","legacy","xpyriment","0.945","n","908","1.0","hard","rompen","6","30828","16909","466073","465908","NA","NA","2737","485844","466071","607499","686435","686433","2757","686988","2759","466071","485841","NA","20102","NA","17005","17008","484950","687898","29212","NA","686432","LexicalDecision"
"No","859","1","3","Pseudo","3","1","1","m","/Users/patrick/Documents/CCS/Methods for CCS/Methods_in_CCS","479","legacy","xpyriment","0.9451371571072319","m","859","1.0","hard","besaald","6","30828","16909","466073","465908","NA","NA","2737","485844","466071","607499","688057","688055","2757","688576","2759","466071","485841","NA","20102","NA","17005","17008","484950","689437","29212","NA","688054","LexicalDecision"
"No","861","1","3","Pseudo","3","1","1","m","/Users/patrick/Documents/CCS/Methods for CCS/Methods_in_CCS","439","legacy","xpyriment","0.945273631840796","m","861","1.0","hard","bijd","6","30828","16909","466073","465908","NA","NA","2737","485844","466071","607499","689593","689591","2757","690075","2759","466071","485841","NA","20102","NA","17005","17008","484950","690938","29212","NA","689591","LexicalDecision"
"No","966","1","3","LF","2","1","1","n","/Users/patrick/Documents/CCS/Methods for CCS/Methods_in_CCS","477","legacy","xpyriment","0.9454094292803971","n","966","1.0","hard","pandje","6","30828","16909","466073","465908","NA","NA","2737","485844","466071","607499","691095","691093","2757","691614","2759","466071","485841","NA","20102","NA","17005","17008","484950","692582","29212","NA","691092","LexicalDecision"
"No","907","1","3","LF","2","1","1","n","/Users/patrick/Documents/CCS/Methods for CCS/Methods_in_CCS","565","legacy","xpyriment","0.9455445544554455","n","907","1.0","hard","jargons","6","30828","16909","466073","465908","NA","NA","2737","485844","466071","607499","692737","692735","2757","693348","2759","466071","485841","NA","20102","NA","17005","17008","484950","694257","29212","NA","692734","LexicalDecision"
"No","994","1","3","Pseudo","3","1","1","m","/Users/patrick/Documents/CCS/Methods for CCS/Methods_in_CCS","454","legacy","xpyriment","0.945679012345679","m","994","1.0","hard","gelierd","6","30828","16909","466073","465908","NA","NA","2737","485844","466071","607499","694414","694412","2757","694910","2759","466071","485841","NA","20102","NA","17005","17008","484950","695906","29212","NA","694412","LexicalDecision"
"No","578","1","4","LF","2","1","1","n","/Users/patrick/Documents/CCS/Methods for CCS/Methods_in_CCS","467","legacy","xpyriment","0.9458128078817734","n","578","1.0","hard","druifjes","6","30828","16909","696138","695973","NA","NA","2737","700409","696135","607499","700501","700499","2757","701008","2759","696136","700406","NA","20102","NA","17005","17008","699382","701588","29212","NA","700498","LexicalDecision"
"No","785","1","4","Pseudo","3","1","1","m","/Users/patrick/Documents/CCS/Methods for CCS/Methods_in_CCS","529","legacy","xpyriment","0.9459459459459459","m","785","1.0","hard","zoezer","6","30828","16909","696138","695973","NA","NA","2737","700409","696135","607499","701745","701743","2757","702320","2759","696136","700406","NA","20102","NA","17005","17008","699382","703106","29212","NA","701742","LexicalDecision"
"No","778","1","4","Pseudo","3","1","1","m","/Users/patrick/Documents/CCS/Methods for CCS/Methods_in_CCS","434","legacy","xpyriment","0.946078431372549","m","778","1.0","hard","biele","6","30828","16909","696138","695973","NA","NA","2737","700409","696135","607499","703260","703258","2757","703740","2759","696136","700406","NA","20102","NA","17005","17008","699382","704520","29212","NA","703257","LexicalDecision"
"No","824","1","4","LF","2","1","1","n","/Users/patrick/Documents/CCS/Methods for CCS/Methods_in_CCS","421","legacy","xpyriment","0.9462102689486552","n","824","1.0","hard","buizerds","6","30828","16909","696138","695973","NA","NA","2737","700409","696135","607499","704676","704674","2757","705144","2759","696136","700406","NA","20102","NA","17005","17008","699382","705970","29212","NA","704673","LexicalDecision"
"No","665","1","4","Pseudo","3","1","1","m","/Users/patrick/Documents/CCS/Methods for CCS/Methods_in_CCS","559","legacy","xpyriment","0.9463414634146341","m","665","1.0","hard","minna","6","30828","16909","696138","695973","NA","NA","2737","700409","696135","607499","706132","706130","2757","706734","2759","696136","700406","NA","20102","NA","17005","17008","699382","707400","29212","NA","706129","LexicalDecision"
"No","654","1","4","Pseudo","3","1","1","m","/Users/patrick/Documents/CCS/Methods for CCS/Methods_in_CCS","563","legacy","xpyriment","0.9464720194647201","m","654","1.0","hard","klerde","6","30828","16909","696138","695973","NA","NA","2737","700409","696135","607499","707555","707553","2757","708160","2759","696136","700406","NA","20102","NA","17005","17008","699382","708816","29212","NA","707552","LexicalDecision"
"No","849","1","4","Pseudo","3","1","1","m","/Users/patrick/Documents/CCS/Methods for CCS/Methods_in_CCS","442","legacy","xpyriment","0.9466019417475728","m","849","1.0","hard","eerels","6","30828","16909","696138","695973","NA","NA","2737","700409","696135","607499","708975","708974","2757","709460","2759","696136","700406","NA","20102","NA","17005","17008","699382","710311","29212","NA","708973","LexicalDecision"
"No","703","1","4","LF","2","1","1","n","/Users/patrick/Documents/CCS/Methods for CCS/Methods_in_CCS","545","legacy","xpyriment","0.9467312348668281","n","703","1.0","hard","stortbui","6","30828","16909","696138","695973","NA","NA","2737","700409","696135","607499","710467","710465","2757","711057","2759","696136","700406","NA","20102","NA","17005","17008","699382","711761","29212","NA","710464","LexicalDecision"
"No","686","1","4","HF","1","1","1","n","/Users/patrick/Documents/CCS/Methods for CCS/Methods_in_CCS","503","legacy","xpyriment","0.9468599033816425","n","686","1.0","easy","vaak","6","30828","16909","696138","695973","NA","NA","2737","700409","696135","607499","711919","711917","2757","712465","2759","696136","700406","NA","20102","NA","17005","17008","699382","713153","29212","NA","711916","LexicalDecision"
"No","910","1","4","Pseudo","3","1","1","m","/Users/patrick/Documents/CCS/Methods for CCS/Methods_in_CCS","456","legacy","xpyriment","0.946987951807229","m","910","1.0","hard","wader","6","30828","16909","696138","695973","NA","NA","2737","700409","696135","607499","713310","713308","2757","713814","2759","696136","700406","NA","20102","NA","17005","17008","699382","714726","29212","NA","713307","LexicalDecision"
"No","780","1","4","Pseudo","3","1","1","m","/Users/patrick/Documents/CCS/Methods for CCS/Methods_in_CCS","405","legacy","xpyriment","0.9471153846153846","m","780","1.0","hard","terneun","6","30828","16909","696138","695973","NA","NA","2737","700409","696135","607499","714883","714881","2757","715330","2759","696136","700406","NA","20102","NA","17005","17008","699382","716112","29212","NA","714880","LexicalDecision"
"No","746","1","4","LF","2","1","1","n","/Users/patrick/Documents/CCS/Methods for CCS/Methods_in_CCS","471","legacy","xpyriment","0.947242206235012","n","746","1.0","hard","weekjes","6","30828","16909","696138","695973","NA","NA","2737","700409","696135","607499","716271","716269","2757","716789","2759","696136","700406","NA","20102","NA","17005","17008","699382","717537","29212","NA","716268","LexicalDecision"
"No","864","1","4","Pseudo","3","1","1","m","/Users/patrick/Documents/CCS/Methods for CCS/Methods_in_CCS","493","legacy","xpyriment","0.9473684210526315","m","864","1.0","hard","krinsen","6","30828","16909","696138","695973","NA","NA","2737","700409","696135","607499","717692","717691","2757","718232","2759","696136","700406","NA","20102","NA","17005","17008","699382","719098","29212","NA","717690","LexicalDecision"
"No","719","1","4","Random","4","1","1","m","/Users/patrick/Documents/CCS/Methods for CCS/Methods_in_CCS","483","legacy","xpyriment","0.9474940334128878","m","719","1.0","easy","gfsalnig","6","30828","16909","696138","695973","NA","NA","2737","700409","696135","607499","719255","719253","2757","719785","2759","696136","700406","NA","20102","NA","17005","17008","699382","720506","29212","NA","719252","LexicalDecision"
"No","731","1","4","Pseudo","3","1","1","m","/Users/patrick/Documents/CCS/Methods for CCS/Methods_in_CCS","579","legacy","xpyriment","0.9476190476190476","m","731","1.0","hard","serste","6","30828","16909","696138","695973","NA","NA","2737","700409","696135","607499","720662","720660","2757","721285","2759","696136","700406","NA","20102","NA","17005","17008","699382","722018","29212","NA","720659","LexicalDecision"
"No","770","1","4","Random","4","1","1","m","/Users/patrick/Documents/CCS/Methods for CCS/Methods_in_CCS","489","legacy","xpyriment","0.9477434679334917","m","770","1.0","easy","etwjese","6","30828","16909","696138","695973","NA","NA","2737","700409","696135","607499","722176","722174","2757","722707","2759","696136","700406","NA","20102","NA","17005","17008","699382","723479","29212","NA","722174","LexicalDecision"
"No","796","1","4","LF","2","1","1","n","/Users/patrick/Documents/CCS/Methods for CCS/Methods_in_CCS","410","legacy","xpyriment","0.9478672985781991","n","796","1.0","hard","speldjes","6","30828","16909","696138","695973","NA","NA","2737","700409","696135","607499","723638","723636","2757","724093","2759","696136","700406","NA","20102","NA","17005","17008","699382","724891","29212","NA","723635","LexicalDecision"
"No","799","1","4","Pseudo","3","1","1","m","/Users/patrick/Documents/CCS/Methods for CCS/Methods_in_CCS","450","legacy","xpyriment","0.9479905437352246","m","799","1.0","hard","doont","6","30828","16909","696138","695973","NA","NA","2737","700409","696135","607499","725047","725045","2757","725540","2759","696136","700406","NA","20102","NA","17005","17008","699382","726341","29212","NA","725044","LexicalDecision"
"No","863","1","4","Pseudo","3","1","1","m","/Users/patrick/Documents/CCS/Methods for CCS/Methods_in_CCS","451","legacy","xpyriment","0.9481132075471698","m","863","1.0","hard","lalen","6","30828","16909","696138","695973","NA","NA","2737","700409","696135","607499","726496","726495","2757","726991","2759","696136","700406","NA","20102","NA","17005","17008","699382","727856","29212","NA","726494","LexicalDecision"
"No","852","1","4","Pseudo","3","1","1","m","/Users/patrick/Documents/CCS/Methods for CCS/Methods_in_CCS","458","legacy","xpyriment","0.9482352941176471","m","852","1.0","hard","spof","6","30828","16909","696138","695973","NA","NA","2737","700409","696135","607499","728013","728011","2757","728517","2759","696136","700406","NA","20102","NA","17005","17008","699382","729371","29212","NA","728011","LexicalDecision"
"No","789","1","4","LF","2","1","1","n","/Users/patrick/Documents/CCS/Methods for CCS/Methods_in_CCS","442","legacy","xpyriment","0.9483568075117371","n","789","1.0","hard","hartjes","6","30828","16909","696138","695973","NA","NA","2737","700409","696135","607499","729528","729527","2757","730012","2759","696136","700406","NA","20102","NA","17005","17008","699382","730802","29212","NA","729526","LexicalDecision"
"No","937","1","4","Pseudo","3","1","1","m","/Users/patrick/Documents/CCS/Methods for CCS/Methods_in_CCS","492","legacy","xpyriment","0.9484777517564403","m","937","1.0","hard","vaser","6","30828","16909","696138","695973","NA","NA","2737","700409","696135","607499","730960","730958","2757","731493","2759","696136","700406","NA","20102","NA","17005","17008","699382","732432","29212","NA","730958","LexicalDecision"
"No","759","1","4","LF","2","1","1","n","/Users/patrick/Documents/CCS/Methods for CCS/Methods_in_CCS","412","legacy","xpyriment","0.9485981308411215","n","759","1.0","hard","nachtjes","6","30828","16909","696138","695973","NA","NA","2737","700409","696135","607499","732593","732591","2757","733050","2759","696136","700406","NA","20102","NA","17005","17008","699382","733811","29212","NA","732590","LexicalDecision"
"No","735","1","4","LF","2","1","1","n","/Users/patrick/Documents/CCS/Methods for CCS/Methods_in_CCS","479","legacy","xpyriment","0.9487179487179487","n","735","1.0","hard","accu's","6","30828","16909","696138","695973","NA","NA","2737","700409","696135","607499","733967","733966","2757","734489","2759","696136","700406","NA","20102","NA","17005","17008","699382","735226","29212","NA","733965","LexicalDecision"
"No","614","1","4","LF","2","1","1","n","/Users/patrick/Documents/CCS/Methods for CCS/Methods_in_CCS","539","legacy","xpyriment","0.9488372093023256","n","614","1.0","hard","hekjes","6","30828","16909","696138","695973","NA","NA","2737","700409","696135","607499","735384","735382","2757","735964","2759","696136","700406","NA","20102","NA","17005","17008","699382","736580","29212","NA","735381","LexicalDecision"
"No","833","1","4","Pseudo","3","1","1","m","/Users/patrick/Documents/CCS/Methods for CCS/Methods_in_CCS","516","legacy","xpyriment","0.9489559164733179","m","833","1.0","hard","bertend","6","30828","16909","696138","695973","NA","NA","2737","700409","696135","607499","736740","736738","2757","737304","2759","696136","700406","NA","20102","NA","17005","17008","699382","738139","29212","NA","736737","LexicalDecision"
"No","723","1","4","LF","2","1","1","n","/Users/patrick/Documents/CCS/Methods for CCS/Methods_in_CCS","585","legacy","xpyriment","0.9490740740740741","n","723","1.0","hard","dieptes","6","30828","16909","696138","695973","NA","NA","2737","700409","696135","607499","738296","738295","2757","738923","2759","696136","700406","NA","20102","NA","17005","17008","699382","739648","29212","NA","738294","LexicalDecision"
"No","718","1","4","LF","2","1","1","n","/Users/patrick/Documents/CCS/Methods for CCS/Methods_in_CCS","439","legacy","xpyriment","0.9491916859122402","n","718","1.0","hard","tango's","6","30828","16909","696138","695973","NA","NA","2737","700409","696135","607499","739806","739804","2757","740289","2759","696136","700406","NA","20102","NA","17005","17008","699382","741009","29212","NA","739803","LexicalDecision"
"No","619","1","4","LF","2","1","1","n","/Users/patrick/Documents/CCS/Methods for CCS/Methods_in_CCS","579","legacy","xpyriment","0.9493087557603687","n","619","1.0","hard","cycloon","6","30828","16909","696138","695973","NA","NA","2737","700409","696135","607499","741164","741162","2757","741790","2759","696136","700406","NA","20102","NA","17005","17008","699382","742411","29212","NA","741161","LexicalDecision"
"No","774","0","4","LF","2","0","0","n","/Users/patrick/Documents/CCS/Methods for CCS/Methods_in_CCS","527","legacy","xpyriment","0.9471264367816092","m","774","1.0","hard","serres","6","30828","16909","696138","695973","NA","NA","2737","700409","696135","743943","742567","742565","2757","743135","2759","696136","700406","NA","20102","NA","17005","17008","699382","743910","29212","NA","742564","LexicalDecision"
"No","716","1","4","Pseudo","3","1","1","m","/Users/patrick/Documents/CCS/Methods for CCS/Methods_in_CCS","510","legacy","xpyriment","0.9472477064220184","m","716","1.0","hard","bijbet","6","30828","16909","696138","695973","NA","NA","2737","700409","696135","743943","746108","746106","2757","746660","2759","696136","700406","NA","20102","NA","17005","17008","699382","747378","29212","NA","746106","LexicalDecision"
"No","718","1","4","LF","2","1","1","n","/Users/patrick/Documents/CCS/Methods for CCS/Methods_in_CCS","495","legacy","xpyriment","0.9473684210526315","n","718","1.0","hard","proton","6","30828","16909","696138","695973","NA","NA","2737","700409","696135","743943","747533","747532","2757","748074","2759","696136","700406","NA","20102","NA","17005","17008","699382","748794","29212","NA","747531","LexicalDecision"
"No","860","1","4","LF","2","1","1","n","/Users/patrick/Documents/CCS/Methods for CCS/Methods_in_CCS","422","legacy","xpyriment","0.9474885844748858","n","860","1.0","hard","wiegjes","6","30828","16909","696138","695973","NA","NA","2737","700409","696135","743943","748950","748949","2757","749419","2759","696136","700406","NA","20102","NA","17005","17008","699382","750280","29212","NA","748948","LexicalDecision"
"No","902","1","4","Pseudo","3","1","1","m","/Users/patrick/Documents/CCS/Methods for CCS/Methods_in_CCS","578","legacy","xpyriment","0.9476082004555809","m","902","1.0","hard","gepricht","6","30828","16909","696138","695973","NA","NA","2737","700409","696135","743943","750440","750438","2757","751065","2759","696136","700406","NA","20102","NA","17005","17008","699382","751969","29212","NA","750437","LexicalDecision"
"No","739","1","4","LF","2","1","1","n","/Users/patrick/Documents/CCS/Methods for CCS/Methods_in_CCS","401","legacy","xpyriment","0.9477272727272728","n","739","1.0","hard","boezems","6","30828","16909","696138","695973","NA","NA","2737","700409","696135","743943","752126","752124","2757","752571","2759","696136","700406","NA","20102","NA","17005","17008","699382","753312","29212","NA","752124","LexicalDecision"
"No","761","1","4","LF","2","1","1","n","/Users/patrick/Documents/CCS/Methods for CCS/Methods_in_CCS","440","legacy","xpyriment","0.9478458049886621","n","761","1.0","hard","teefjes","6","30828","16909","696138","695973","NA","NA","2737","700409","696135","743943","753469","753468","2757","753952","2759","696136","700406","NA","20102","NA","17005","17008","699382","754715","29212","NA","753466","LexicalDecision"
"No","688","1","4","Pseudo","3","1","1","m","/Users/patrick/Documents/CCS/Methods for CCS/Methods_in_CCS","421","legacy","xpyriment","0.9479638009049773","m","688","1.0","hard","plort","6","30828","16909","696138","695973","NA","NA","2737","700409","696135","743943","754872","754871","2757","755341","2759","696136","700406","NA","20102","NA","17005","17008","699382","756031","29212","NA","754870","LexicalDecision"
"No","1114","0","4","LF","2","0","0","n","/Users/patrick/Documents/CCS/Methods for CCS/Methods_in_CCS","441","legacy","xpyriment","0.945823927765237","m","1114","1.0","hard","twijgje","6","30828","16909","696138","695973","NA","NA","2737","700409","696135","757819","756188","756186","2757","756670","2759","696136","700406","NA","20102","NA","17005","17008","699382","757786","29212","NA","756186","LexicalDecision"
"No","684","0","4","Pseudo","3","0","0","m","/Users/patrick/Documents/CCS/Methods for CCS/Methods_in_CCS","423","legacy","xpyriment","0.9436936936936937","n","684","1.0","hard","fraaide","6","30828","16909","696138","695973","NA","NA","2737","700409","696135","761170","759983","759981","2757","760452","2759","696136","700406","NA","20102","NA","17005","17008","699382","761138","29212","NA","759981","LexicalDecision"
"No","617","1","4","Pseudo","3","1","1","m","/Users/patrick/Documents/CCS/Methods for CCS/Methods_in_CCS","430","legacy","xpyriment","0.9438202247191011","m","617","1.0","hard","gerden","6","30828","16909","696138","695973","NA","NA","2737","700409","696135","761170","763330","763328","2757","763801","2759","696136","700406","NA","20102","NA","17005","17008","699382","764420","29212","NA","763328","LexicalDecision"
"No","630","1","4","LF","2","1","1","n","/Users/patrick/Documents/CCS/Methods for CCS/Methods_in_CCS","576","legacy","xpyriment","0.9439461883408071","n","630","1.0","hard","popjes","6","30828","16909","696138","695973","NA","NA","2737","700409","696135","761170","764578","764576","2757","765201","2759","696136","700406","NA","20102","NA","17005","17008","699382","765833","29212","NA","764575","LexicalDecision"
"No","689","1","4","LF","2","1","1","n","/Users/patrick/Documents/CCS/Methods for CCS/Methods_in_CCS","471","legacy","xpyriment","0.9440715883668904","n","689","1.0","hard","delta's","6","30828","16909","696138","695973","NA","NA","2737","700409","696135","761170","765991","765989","2757","766508","2759","696136","700406","NA","20102","NA","17005","17008","699382","767198","29212","NA","765988","LexicalDecision"
"No","740","1","4","LF","2","1","1","n","/Users/patrick/Documents/CCS/Methods for CCS/Methods_in_CCS","515","legacy","xpyriment","0.9441964285714286","n","740","1.0","hard","maandje","6","30828","16909","696138","695973","NA","NA","2737","700409","696135","761170","767354","767353","2757","767910","2759","696136","700406","NA","20102","NA","17005","17008","699382","768652","29212","NA","767352","LexicalDecision"
"No","747","1","4","LF","2","1","1","n","/Users/patrick/Documents/CCS/Methods for CCS/Methods_in_CCS","509","legacy","xpyriment","0.9443207126948775","n","747","1.0","hard","meetlat","6","30828","16909","696138","695973","NA","NA","2737","700409","696135","761170","768808","768807","2757","769362","2759","696136","700406","NA","20102","NA","17005","17008","699382","770110","29212","NA","768806","LexicalDecision"
"No","746","1","4","LF","2","1","1","n","/Users/patrick/Documents/CCS/Methods for CCS/Methods_in_CCS","401","legacy","xpyriment","0.9444444444444444","n","746","1.0","hard","factors","6","30828","16909","696138","695973","NA","NA","2737","700409","696135","761170","770268","770266","2757","770716","2759","696136","700406","NA","20102","NA","17005","17008","699382","771464","29212","NA","770265","LexicalDecision"
"No","634","1","4","LF","2","1","1","n","/Users/patrick/Documents/CCS/Methods for CCS/Methods_in_CCS","510","legacy","xpyriment","0.9445676274944568","n","634","1.0","hard","oorbel","6","30828","16909","696138","695973","NA","NA","2737","700409","696135","761170","771620","771618","2757","772175","2759","696136","700406","NA","20102","NA","17005","17008","699382","772811","29212","NA","771617","LexicalDecision"
"No","733","1","4","HF","1","1","1","n","/Users/patrick/Documents/CCS/Methods for CCS/Methods_in_CCS","513","legacy","xpyriment","0.9446902654867256","n","733","1.0","easy","bestemd","6","30828","16909","696138","695973","NA","NA","2737","700409","696135","761170","772968","772967","2757","773523","2759","696136","700406","NA","20102","NA","17005","17008","699382","774258","29212","NA","772965","LexicalDecision"
"No","684","1","4","Pseudo","3","1","1","m","/Users/patrick/Documents/CCS/Methods for CCS/Methods_in_CCS","435","legacy","xpyriment","0.9448123620309051","m","684","1.0","hard","saren","6","30828","16909","696138","695973","NA","NA","2737","700409","696135","761170","774414","774413","2757","774894","2759","696136","700406","NA","20102","NA","17005","17008","699382","775580","29212","NA","774412","LexicalDecision"
"No","703","1","4","LF","2","1","1","n","/Users/patrick/Documents/CCS/Methods for CCS/Methods_in_CCS","524","legacy","xpyriment","0.9449339207048458","n","703","1.0","hard","laagjes","6","30828","16909","696138","695973","NA","NA","2737","700409","696135","761170","775737","775735","2757","776303","2759","696136","700406","NA","20102","NA","17005","17008","699382","777008","29212","NA","775734","LexicalDecision"
"No","659","1","4","Pseudo","3","1","1","m","/Users/patrick/Documents/CCS/Methods for CCS/Methods_in_CCS","549","legacy","xpyriment","0.945054945054945","m","659","1.0","hard","dintraal","6","30828","16909","696138","695973","NA","NA","2737","700409","696135","761170","777164","777163","2757","777757","2759","696136","700406","NA","20102","NA","17005","17008","699382","778417","29212","NA","777162","LexicalDecision"
"No","635","1","4","HF","1","1","1","n","/Users/patrick/Documents/CCS/Methods for CCS/Methods_in_CCS","528","legacy","xpyriment","0.9451754385964912","n","635","1.0","easy","gevormd","6","30828","16909","696138","695973","NA","NA","2737","700409","696135","761170","778570","778569","2757","779146","2759","696136","700406","NA","20102","NA","17005","17008","699382","779783","29212","NA","778568","LexicalDecision"
"No","805","1","4","LF","2","1","1","n","/Users/patrick/Documents/CCS/Methods for CCS/Methods_in_CCS","536","legacy","xpyriment","0.9452954048140044","n","805","1.0","hard","rijder","6","30828","16909","696138","695973","NA","NA","2737","700409","696135","761170","779939","779937","2757","780516","2759","696136","700406","NA","20102","NA","17005","17008","699382","781323","29212","NA","779936","LexicalDecision"
"No","745","1","4","HF","1","1","1","n","/Users/patrick/Documents/CCS/Methods for CCS/Methods_in_CCS","452","legacy","xpyriment","0.9454148471615721","n","745","1.0","easy","heette","6","30828","16909","696138","695973","NA","NA","2737","700409","696135","761170","781481","781479","2757","781976","2759","696136","700406","NA","20102","NA","17005","17008","699382","782723","29212","NA","781478","LexicalDecision"
"No","739","1","4","LF","2","1","1","n","/Users/patrick/Documents/CCS/Methods for CCS/Methods_in_CCS","546","legacy","xpyriment","0.9455337690631809","n","739","1.0","hard","lotions","6","30828","16909","696138","695973","NA","NA","2737","700409","696135","761170","782878","782876","2757","783469","2759","696136","700406","NA","20102","NA","17005","17008","699382","784210","29212","NA","782875","LexicalDecision"
"No","615","1","4","Random","4","1","1","m","/Users/patrick/Documents/CCS/Methods for CCS/Methods_in_CCS","525","legacy","xpyriment","0.9456521739130435","m","615","1.0","easy","sseenrwt","6","30828","16909","696138","695973","NA","NA","2737","700409","696135","761170","784366","784364","2757","784923","2759","696136","700406","NA","20102","NA","17005","17008","699382","785540","29212","NA","784363","LexicalDecision"
"No","844","1","4","Pseudo","3","1","1","m","/Users/patrick/Documents/CCS/Methods for CCS/Methods_in_CCS","404","legacy","xpyriment","0.9457700650759219","m","844","1.0","hard","getten","6","30828","16909","696138","695973","NA","NA","2737","700409","696135","761170","785700","785698","2757","786146","2759","696136","700406","NA","20102","NA","17005","17008","699382","786992","29212","NA","785697","LexicalDecision"
"No","739","1","4","Pseudo","3","1","1","m","/Users/patrick/Documents/CCS/Methods for CCS/Methods_in_CCS","488","legacy","xpyriment","0.9458874458874459","m","739","1.0","hard","dijs","6","30828","16909","696138","695973","NA","NA","2737","700409","696135","761170","787147","787146","2757","787676","2759","696136","700406","NA","20102","NA","17005","17008","699382","788417","29212","NA","787145","LexicalDecision"
"No","778","1","4","HF","1","1","1","n","/Users/patrick/Documents/CCS/Methods for CCS/Methods_in_CCS","410","legacy","xpyriment","0.9460043196544277","n","778","1.0","easy","gebouw","6","30828","16909","696138","695973","NA","NA","2737","700409","696135","761170","788573","788571","2757","789029","2759","696136","700406","NA","20102","NA","17005","17008","699382","789808","29212","NA","788570","LexicalDecision"
"No","1950","0","4","Pseudo","3","0","0","m","/Users/patrick/Documents/CCS/Methods for CCS/Methods_in_CCS","397","legacy","xpyriment","0.9439655172413793","n","1950","1.0","hard","beem","6","30828","16909","696138","695973","NA","NA","2737","700409","696135","792391","789964","789962","2757","790408","2759","696136","700406","NA","20102","NA","17005","17008","699382","792360","29212","NA","789960","LexicalDecision"
"No","510","1","4","LF","2","1","1","n","/Users/patrick/Documents/CCS/Methods for CCS/Methods_in_CCS","404","legacy","xpyriment","0.9440860215053763","n","510","1.0","hard","zuiltjes","6","30828","16909","696138","695973","NA","NA","2737","700409","696135","792391","794555","794554","2757","795003","2759","696136","700406","NA","20102","NA","17005","17008","699382","795515","29212","NA","794554","LexicalDecision"
"No","711","1","4","Pseudo","3","1","1","m","/Users/patrick/Documents/CCS/Methods for CCS/Methods_in_CCS","472","legacy","xpyriment","0.944206008583691","m","711","1.0","hard","grijden","6","30828","16909","696138","695973","NA","NA","2737","700409","696135","792391","795670","795669","2757","796186","2759","696136","700406","NA","20102","NA","17005","17008","699382","796899","29212","NA","795668","LexicalDecision"
"No","1197","1","4","Pseudo","3","1","1","m","/Users/patrick/Documents/CCS/Methods for CCS/Methods_in_CCS","397","legacy","xpyriment","0.9443254817987152","m","1197","1.0","hard","klusse","6","30828","16909","696138","695973","NA","NA","2737","700409","696135","792391","797056","797054","2757","797499","2759","696136","700406","NA","20102","NA","17005","17008","699382","798698","29212","NA","797053","LexicalDecision"
"No","658","1","4","Pseudo","3","1","1","m","/Users/patrick/Documents/CCS/Methods for CCS/Methods_in_CCS","588","legacy","xpyriment","0.9444444444444444","m","658","1.0","hard","bagden","6","30828","16909","696138","695973","NA","NA","2737","700409","696135","792391","798853","798851","2757","799489","2759","696136","700406","NA","20102","NA","17005","17008","699382","800149","29212","NA","798851","LexicalDecision"
"No","819","1","4","LF","2","1","1","n","/Users/patrick/Documents/CCS/Methods for CCS/Methods_in_CCS","528","legacy","xpyriment","0.9445628997867804","n","819","1.0","hard","jokers","6","30828","16909","696138","695973","NA","NA","2737","700409","696135","792391","800307","800305","2757","800883","2759","696136","700406","NA","20102","NA","17005","17008","699382","801703","29212","NA","800304","LexicalDecision"
"No","648","1","4","LF","2","1","1","n","/Users/patrick/Documents/CCS/Methods for CCS/Methods_in_CCS","516","legacy","xpyriment","0.9446808510638298","n","648","1.0","hard","bizon","6","30828","16909","696138","695973","NA","NA","2737","700409","696135","792391","801859","801857","2757","802423","2759","696136","700406","NA","20102","NA","17005","17008","699382","803073","29212","NA","801856","LexicalDecision"
"No","656","1","4","Pseudo","3","1","1","m","/Users/patrick/Documents/CCS/Methods for CCS/Methods_in_CCS","595","legacy","xpyriment","0.9447983014861996","m","656","1.0","hard","baag","6","30828","16909","696138","695973","NA","NA","2737","700409","696135","792391","803231","803230","2757","803868","2759","696136","700406","NA","20102","NA","17005","17008","699382","804526","29212","NA","803229","LexicalDecision"
"No","623","1","4","LF","2","1","1","n","/Users/patrick/Documents/CCS/Methods for CCS/Methods_in_CCS","504","legacy","xpyriment","0.9449152542372882","n","623","1.0","hard","pinda","6","30828","16909","696138","695973","NA","NA","2737","700409","696135","792391","804682","804680","2757","805234","2759","696136","700406","NA","20102","NA","17005","17008","699382","805859","29212","NA","804679","LexicalDecision"
"No","721","1","4","LF","2","1","1","n","/Users/patrick/Documents/CCS/Methods for CCS/Methods_in_CCS","396","legacy","xpyriment","0.945031712473573","n","721","1.0","hard","knuffel","6","30828","16909","696138","695973","NA","NA","2737","700409","696135","792391","806018","806016","2757","806463","2759","696136","700406","NA","20102","NA","17005","17008","699382","807186","29212","NA","806015","LexicalDecision"
"No","692","1","4","LF","2","1","1","n","/Users/patrick/Documents/CCS/Methods for CCS/Methods_in_CCS","571","legacy","xpyriment","0.9451476793248945","n","692","1.0","hard","bijwoord","6","30828","16909","696138","695973","NA","NA","2737","700409","696135","792391","807342","807340","2757","807957","2759","696136","700406","NA","20102","NA","17005","17008","699382","808651","29212","NA","807340","LexicalDecision"
"No","675","1","4","LF","2","1","1","n","/Users/patrick/Documents/CCS/Methods for CCS/Methods_in_CCS","557","legacy","xpyriment","0.9452631578947368","n","675","1.0","hard","westerns","6","30828","16909","696138","695973","NA","NA","2737","700409","696135","792391","808807","808805","2757","809408","2759","696136","700406","NA","20102","NA","17005","17008","699382","810085","29212","NA","808805","LexicalDecision"
"No","710","1","4","LF","2","1","1","n","/Users/patrick/Documents/CCS/Methods for CCS/Methods_in_CCS","445","legacy","xpyriment","0.9453781512605042","n","710","1.0","hard","prisma's","6","30828","16909","696138","695973","NA","NA","2737","700409","696135","792391","810244","810242","2757","810735","2759","696136","700406","NA","20102","NA","17005","17008","699382","811447","29212","NA","810241","LexicalDecision"
"No","757","1","4","LF","2","1","1","n","/Users/patrick/Documents/CCS/Methods for CCS/Methods_in_CCS","453","legacy","xpyriment","0.9454926624737946","n","757","1.0","hard","intro","6","30828","16909","696138","695973","NA","NA","2737","700409","696135","792391","811601","811599","2757","812095","2759","696136","700406","NA","20102","NA","17005","17008","699382","812854","29212","NA","811598","LexicalDecision"
"No","867","1","4","Pseudo","3","1","1","m","/Users/patrick/Documents/CCS/Methods for CCS/Methods_in_CCS","417","legacy","xpyriment","0.9456066945606695","m","867","1.0","hard","leter","6","30828","16909","696138","695973","NA","NA","2737","700409","696135","792391","813010","813008","2757","813468","2759","696136","700406","NA","20102","NA","17005","17008","699382","814337","29212","NA","813007","LexicalDecision"
"No","1029","1","4","Pseudo","3","1","1","m","/Users/patrick/Documents/CCS/Methods for CCS/Methods_in_CCS","544","legacy","xpyriment","0.9457202505219207","m","1029","1.0","hard","meidde","6","30828","16909","696138","695973","NA","NA","2737","700409","696135","792391","814492","814491","2757","815080","2759","696136","700406","NA","20102","NA","17005","17008","699382","816111","29212","NA","814490","LexicalDecision"
"No","817","1","4","LF","2","1","1","n","/Users/patrick/Documents/CCS/Methods for CCS/Methods_in_CCS","421","legacy","xpyriment","0.9458333333333333","n","817","1.0","hard","vikings","6","30828","16909","696138","695973","NA","NA","2737","700409","696135","792391","816269","816267","2757","816738","2759","696136","700406","NA","20102","NA","17005","17008","699382","817557","29212","NA","816266","LexicalDecision"
"No","775","1","4","Pseudo","3","1","1","m","/Users/patrick/Documents/CCS/Methods for CCS/Methods_in_CCS","519","legacy","xpyriment","0.9459459459459459","m","775","1.0","hard","kollens","6","30828","16909","696138","695973","NA","NA","2737","700409","696135","792391","817714","817712","2757","818279","2759","696136","700406","NA","20102","NA","17005","17008","699382","819055","29212","NA","817712","LexicalDecision"
"No","943","1","4","Pseudo","3","1","1","m","/Users/patrick/Documents/CCS/Methods for CCS/Methods_in_CCS","443","legacy","xpyriment","0.946058091286307","m","943","1.0","hard","broten","6","30828","16909","696138","695973","NA","NA","2737","700409","696135","792391","819208","819207","2757","819695","2759","696136","700406","NA","20102","NA","17005","17008","699382","820640","29212","NA","819206","LexicalDecision"
"No","693","1","4","Random","4","1","1","m","/Users/patrick/Documents/CCS/Methods for CCS/Methods_in_CCS","522","legacy","xpyriment","0.9461697722567288","m","693","1.0","easy","ezgreils","6","30828","16909","696138","695973","NA","NA","2737","700409","696135","792391","820795","820793","2757","821361","2759","696136","700406","NA","20102","NA","17005","17008","699382","822056","29212","NA","820792","LexicalDecision"
"No","1272","0","4","Pseudo","3","0","0","m","/Users/patrick/Documents/CCS/Methods for CCS/Methods_in_CCS","479","legacy","xpyriment","0.9442148760330579","n","1272","1.0","hard","laudend","6","30828","16909","696138","695973","NA","NA","2737","700409","696135","824040","822214","822212","2757","822732","2759","696136","700406","NA","20102","NA","17005","17008","699382","824006","29212","NA","822212","LexicalDecision"
"No","631","1","4","Pseudo","3","1","1","m","/Users/patrick/Documents/CCS/Methods for CCS/Methods_in_CCS","555","legacy","xpyriment","0.9443298969072165","m","631","1.0","hard","vermen","6","30828","16909","696138","695973","NA","NA","2737","700409","696135","824040","826201","826200","2757","826806","2759","696136","700406","NA","20102","NA","17005","17008","699382","827438","29212","NA","826200","LexicalDecision"
"No","799","1","4","Pseudo","3","1","1","m","/Users/patrick/Documents/CCS/Methods for CCS/Methods_in_CCS","588","legacy","xpyriment","0.9444444444444444","m","799","1.0","hard","groons","6","30828","16909","696138","695973","NA","NA","2737","700409","696135","824040","827596","827594","2757","828231","2759","696136","700406","NA","20102","NA","17005","17008","699382","829031","29212","NA","827594","LexicalDecision"
"No","869","1","4","LF","2","1","1","n","/Users/patrick/Documents/CCS/Methods for CCS/Methods_in_CCS","547","legacy","xpyriment","0.944558521560575","n","869","1.0","hard","balies","6","30828","16909","696138","695973","NA","NA","2737","700409","696135","824040","0","0","2757","829779","2759","696136","700406","NA","20102","NA","17005","17008","699382","830650","29212","NA","0","LexicalDecision"
"No","799","1","4","LF","2","1","1","n","/Users/patrick/Documents/CCS/Methods for CCS/Methods_in_CCS","447","legacy","xpyriment","0.944672131147541","n","799","1.0","hard","muiltje","6","30828","16909","696138","695973","NA","NA","2737","700409","696135","824040","830808","830807","2757","831301","2759","696136","700406","NA","20102","NA","17005","17008","699382","832102","29212","NA","830806","LexicalDecision"
"No","753","1","4","Pseudo","3","1","1","m","/Users/patrick/Documents/CCS/Methods for CCS/Methods_in_CCS","520","legacy","xpyriment","0.9447852760736196","m","753","1.0","hard","lokter","6","30828","16909","696138","695973","NA","NA","2737","700409","696135","824040","832258","832257","2757","832824","2759","696136","700406","NA","20102","NA","17005","17008","699382","833578","29212","NA","832256","LexicalDecision"
"No","664","1","4","HF","1","1","1","n","/Users/patrick/Documents/CCS/Methods for CCS/Methods_in_CCS","512","legacy","xpyriment","0.9448979591836735","n","664","1.0","easy","begin","6","30828","16909","696138","695973","NA","NA","2737","700409","696135","824040","833745","833744","2757","834299","2759","696136","700406","NA","20102","NA","17005","17008","699382","834964","29212","NA","833743","LexicalDecision"
"No","906","1","4","LF","2","1","1","n","/Users/patrick/Documents/CCS/Methods for CCS/Methods_in_CCS","518","legacy","xpyriment","0.945010183299389","n","906","1.0","hard","unies","6","30828","16909","696138","695973","NA","NA","2737","700409","696135","824040","835121","835119","2757","835684","2759","696136","700406","NA","20102","NA","17005","17008","699382","836591","29212","NA","835119","LexicalDecision"
"No","843","1","4","LF","2","1","1","n","/Users/patrick/Documents/CCS/Methods for CCS/Methods_in_CCS","484","legacy","xpyriment","0.9451219512195121","n","843","1.0","hard","griezels","6","30828","16909","696138","695973","NA","NA","2737","700409","696135","824040","836746","836744","2757","837274","2759","696136","700406","NA","20102","NA","17005","17008","699382","838119","29212","NA","836744","LexicalDecision"
"No","676","1","4","Pseudo","3","1","1","m","/Users/patrick/Documents/CCS/Methods for CCS/Methods_in_CCS","546","legacy","xpyriment","0.9452332657200812","m","676","1.0","hard","mucht","6","30828","16909","696138","695973","NA","NA","2737","700409","696135","824040","838275","838273","2757","838863","2759","696136","700406","NA","20102","NA","17005","17008","699382","839540","29212","NA","838273","LexicalDecision"
"No","911","1","4","LF","2","1","1","n","/Users/patrick/Documents/CCS/Methods for CCS/Methods_in_CCS","459","legacy","xpyriment","0.9453441295546559","n","911","1.0","hard","hoepels","6","30828","16909","696138","695973","NA","NA","2737","700409","696135","824040","839696","839695","2757","840200","2759","696136","700406","NA","20102","NA","17005","17008","699382","841112","29212","NA","839694","LexicalDecision"
"No","847","1","4","LF","2","1","1","n","/Users/patrick/Documents/CCS/Methods for CCS/Methods_in_CCS","544","legacy","xpyriment","0.9454545454545454","n","847","1.0","hard","squash","6","30828","16909","696138","695973","NA","NA","2737","700409","696135","824040","841272","841270","2757","841860","2759","696136","700406","NA","20102","NA","17005","17008","699382","842708","29212","NA","841270","LexicalDecision"
"No","780","1","4","Pseudo","3","1","1","m","/Users/patrick/Documents/CCS/Methods for CCS/Methods_in_CCS","556","legacy","xpyriment","0.9455645161290323","m","780","1.0","hard","sammer","6","30828","16909","696138","695973","NA","NA","2737","700409","696135","824040","842863","842862","2757","843465","2759","696136","700406","NA","20102","NA","17005","17008","699382","844246","29212","NA","842861","LexicalDecision"
"No","694","1","4","LF","2","1","1","n","/Users/patrick/Documents/CCS/Methods for CCS/Methods_in_CCS","509","legacy","xpyriment","0.9456740442655935","n","694","1.0","hard","traantje","6","30828","16909","696138","695973","NA","NA","2737","700409","696135","824040","844401","844400","2757","844953","2759","696136","700406","NA","20102","NA","17005","17008","699382","845649","29212","NA","844399","LexicalDecision"
"No","770","1","4","LF","2","1","1","n","/Users/patrick/Documents/CCS/Methods for CCS/Methods_in_CCS","403","legacy","xpyriment","0.9457831325301205","n","770","1.0","hard","zweepjes","6","30828","16909","696138","695973","NA","NA","2737","700409","696135","824040","845804","845803","2757","846252","2759","696136","700406","NA","20102","NA","17005","17008","699382","847023","29212","NA","845802","LexicalDecision"
"No","712","1","4","LF","2","1","1","n","/Users/patrick/Documents/CCS/Methods for CCS/Methods_in_CCS","499","legacy","xpyriment","0.9458917835671342","n","712","1.0","hard","matjes","6","30828","16909","696138","695973","NA","NA","2737","700409","696135","824040","847182","847180","2757","847722","2759","696136","700406","NA","20102","NA","17005","17008","699382","848436","29212","NA","847179","LexicalDecision"
"No","767","1","4","Pseudo","3","1","1","m","/Users/patrick/Documents/CCS/Methods for CCS/Methods_in_CCS","491","legacy","xpyriment","0.946","m","767","1.0","hard","kieden","6","30828","16909","696138","695973","NA","NA","2737","700409","696135","824040","848594","848592","2757","849126","2759","696136","700406","NA","20102","NA","17005","17008","699382","849895","29212","NA","848591","LexicalDecision"
"No","714","1","4","Pseudo","3","1","1","m","/Users/patrick/Documents/CCS/Methods for CCS/Methods_in_CCS","403","legacy","xpyriment","0.9461077844311377","m","714","1.0","hard","torden","6","30828","16909","696138","695973","NA","NA","2737","700409","696135","824040","850052","850051","2757","850498","2759","696136","700406","NA","20102","NA","17005","17008","699382","851214","29212","NA","850050","LexicalDecision"
"No","756","1","4","LF","2","1","1","n","/Users/patrick/Documents/CCS/Methods for CCS/Methods_in_CCS","590","legacy","xpyriment","0.9462151394422311","n","756","1.0","hard","kartons","6","30828","16909","696138","695973","NA","NA","2737","700409","696135","824040","851375","851373","2757","852011","2759","696136","700406","NA","20102","NA","17005","17008","699382","852769","29212","NA","851372","LexicalDecision"
"No","778","1","4","LF","2","1","1","n","/Users/patrick/Documents/CCS/Methods for CCS/Methods_in_CCS","472","legacy","xpyriment","0.9463220675944334","n","778","1.0","hard","punk","6","30828","16909","696138","695973","NA","NA","2737","700409","696135","824040","852928","852926","2757","853445","2759","696136","700406","NA","20102","NA","17005","17008","699382","854225","29212","NA","852925","LexicalDecision"
"No","737","1","4","Pseudo","3","1","1","m","/Users/patrick/Documents/CCS/Methods for CCS/Methods_in_CCS","487","legacy","xpyriment","0.9464285714285714","m","737","1.0","hard","herm","6","30828","16909","696138","695973","NA","NA","2737","700409","696135","824040","854384","854383","2757","854915","2759","696136","700406","NA","20102","NA","17005","17008","699382","855654","29212","NA","854382","LexicalDecision"
"No","759","1","4","Pseudo","3","1","1","m","/Users/patrick/Documents/CCS/Methods for CCS/Methods_in_CCS","555","legacy","xpyriment","0.9465346534653465","m","759","1.0","hard","biek","6","30828","16909","696138","695973","NA","NA","2737","700409","696135","824040","855813","855811","2757","856414","2759","696136","700406","NA","20102","NA","17005","17008","699382","857175","29212","NA","855811","LexicalDecision"
"No","794","1","4","Pseudo","3","1","1","m","/Users/patrick/Documents/CCS/Methods for CCS/Methods_in_CCS","402","legacy","xpyriment","0.9466403162055336","m","794","1.0","hard","boop","6","30828","16909","696138","695973","NA","NA","2737","700409","696135","824040","857330","857329","2757","857776","2759","696136","700406","NA","20102","NA","17005","17008","699382","858572","29212","NA","857328","LexicalDecision"
"No","776","1","4","Pseudo","3","1","1","m","/Users/patrick/Documents/CCS/Methods for CCS/Methods_in_CCS","519","legacy","xpyriment","0.9467455621301775","m","776","1.0","hard","sotel","6","30828","16909","696138","695973","NA","NA","2737","700409","696135","824040","858726","858725","2757","859283","2759","696136","700406","NA","20102","NA","17005","17008","699382","860061","29212","NA","858724","LexicalDecision"
"No","792","1","4","HF","1","1","1","n","/Users/patrick/Documents/CCS/Methods for CCS/Methods_in_CCS","521","legacy","xpyriment","0.9468503937007874","n","792","1.0","easy","namen","6","30828","16909","696138","695973","NA","NA","2737","700409","696135","824040","860219","860217","2757","860787","2759","696136","700406","NA","20102","NA","17005","17008","699382","861580","29212","NA","860217","LexicalDecision"
"No","749","1","4","LF","2","1","1","n","/Users/patrick/Documents/CCS/Methods for CCS/Methods_in_CCS","534","legacy","xpyriment","0.9469548133595285","n","749","1.0","hard","vormpjes","6","30828","16909","696138","695973","NA","NA","2737","700409","696135","824040","861733","861731","2757","862305","2759","696136","700406","NA","20102","NA","17005","17008","699382","863055","29212","NA","861731","LexicalDecision"
"No","755","1","4","LF","2","1","1","n","/Users/patrick/Documents/CCS/Methods for CCS/Methods_in_CCS","500","legacy","xpyriment","0.9470588235294117","n","755","1.0","hard","musje","6","30828","16909","696138","695973","NA","NA","2737","700409","696135","824040","863211","863210","2757","863753","2759","696136","700406","NA","20102","NA","17005","17008","699382","864510","29212","NA","863209","LexicalDecision"
"No","689","1","4","Random","4","1","1","m","/Users/patrick/Documents/CCS/Methods for CCS/Methods_in_CCS","415","legacy","xpyriment","0.9471624266144814","m","689","1.0","easy","oetjls","6","30828","16909","696138","695973","NA","NA","2737","700409","696135","824040","864668","864667","2757","865128","2759","696136","700406","NA","20102","NA","17005","17008","699382","865818","29212","NA","864666","LexicalDecision"
"No","708","1","4","Pseudo","3","1","1","m","/Users/patrick/Documents/CCS/Methods for CCS/Methods_in_CCS","554","legacy","xpyriment","0.947265625","m","708","1.0","hard","renking","6","30828","16909","696138","695973","NA","NA","2737","700409","696135","824040","865977","865976","2757","866578","2759","696136","700406","NA","20102","NA","17005","17008","699382","867288","29212","NA","865975","LexicalDecision"
"No","854","1","4","Pseudo","3","1","1","m","/Users/patrick/Documents/CCS/Methods for CCS/Methods_in_CCS","499","legacy","xpyriment","0.9473684210526315","m","854","1.0","hard","donter","6","30828","16909","696138","695973","NA","NA","2737","700409","696135","824040","867445","867443","2757","867986","2759","696136","700406","NA","20102","NA","17005","17008","699382","868842","29212","NA","867443","LexicalDecision"
"No","690","1","4","LF","2","1","1","n","/Users/patrick/Documents/CCS/Methods for CCS/Methods_in_CCS","517","legacy","xpyriment","0.9474708171206225","n","690","1.0","hard","frietje","6","30828","16909","696138","695973","NA","NA","2737","700409","696135","824040","869004","869002","2757","869568","2759","696136","700406","NA","20102","NA","17005","17008","699382","870260","29212","NA","869001","LexicalDecision"
"No","669","1","4","Pseudo","3","1","1","m","/Users/patrick/Documents/CCS/Methods for CCS/Methods_in_CCS","542","legacy","xpyriment","0.9475728155339805","m","669","1.0","hard","iezer","6","30828","16909","696138","695973","NA","NA","2737","700409","696135","824040","870419","870417","2757","871008","2759","696136","700406","NA","20102","NA","17005","17008","699382","871678","29212","NA","870416","LexicalDecision"
"No","769","1","4","Pseudo","3","1","1","m","/Users/patrick/Documents/CCS/Methods for CCS/Methods_in_CCS","536","legacy","xpyriment","0.9476744186046512","m","769","1.0","hard","gine","6","30828","16909","696138","695973","NA","NA","2737","700409","696135","824040","871834","871832","2757","872407","2759","696136","700406","NA","20102","NA","17005","17008","699382","873177","29212","NA","871832","LexicalDecision"
"No","736","1","4","LF","2","1","1","n","/Users/patrick/Documents/CCS/Methods for CCS/Methods_in_CCS","511","legacy","xpyriment","0.9477756286266924","n","736","1.0","hard","weesjes","6","30828","16909","696138","695973","NA","NA","2737","700409","696135","824040","873334","873333","2757","873888","2759","696136","700406","NA","20102","NA","17005","17008","699382","874626","29212","NA","873332","LexicalDecision"
"No","763","1","4","LF","2","1","1","n","/Users/patrick/Documents/CCS/Methods for CCS/Methods_in_CCS","566","legacy","xpyriment","0.9478764478764479","n","763","1.0","hard","koevoet","6","30828","16909","696138","695973","NA","NA","2737","700409","696135","824040","874783","874781","2757","875395","2759","696136","700406","NA","20102","NA","17005","17008","699382","876160","29212","NA","874780","LexicalDecision"
"No","682","1","4","Pseudo","3","1","1","m","/Users/patrick/Documents/CCS/Methods for CCS/Methods_in_CCS","431","legacy","xpyriment","0.9479768786127167","m","682","1.0","hard","noeken","6","30828","16909","696138","695973","NA","NA","2737","700409","696135","824040","876318","876316","2757","876790","2759","696136","700406","NA","20102","NA","17005","17008","699382","877474","29212","NA","876315","LexicalDecision"
"No","654","1","4","Pseudo","3","1","1","m","/Users/patrick/Documents/CCS/Methods for CCS/Methods_in_CCS","473","legacy","xpyriment","0.948076923076923","m","654","1.0","hard","tahi","6","30828","16909","696138","695973","NA","NA","2737","700409","696135","824040","877628","877626","2757","878146","2759","696136","700406","NA","20102","NA","17005","17008","699382","878802","29212","NA","877626","LexicalDecision"
"No","692","1","4","Pseudo","3","1","1","m","/Users/patrick/Documents/CCS/Methods for CCS/Methods_in_CCS","434","legacy","xpyriment","0.9481765834932822","m","692","1.0","hard","braag","6","30828","16909","696138","695973","NA","NA","2737","700409","696135","824040","878958","878956","2757","879436","2759","696136","700406","NA","20102","NA","17005","17008","699382","880130","29212","NA","878956","LexicalDecision"
"No","627","1","4","Pseudo","3","1","1","m","/Users/patrick/Documents/CCS/Methods for CCS/Methods_in_CCS","581","legacy","xpyriment","0.9482758620689655","m","627","1.0","hard","dwals","6","30828","16909","696138","695973","NA","NA","2737","700409","696135","824040","880288","880287","2757","880914","2759","696136","700406","NA","20102","NA","17005","17008","699382","881543","29212","NA","880286","LexicalDecision"
"No","693","1","4","LF","2","1","1","n","/Users/patrick/Documents/CCS/Methods for CCS/Methods_in_CCS","520","legacy","xpyriment","0.9483747609942639","n","693","1.0","hard","kanons","6","30828","16909","696138","695973","NA","NA","2737","700409","696135","824040","881703","881701","2757","882268","2759","696136","700406","NA","20102","NA","17005","17008","699382","882963","29212","NA","881700","LexicalDecision"
"No","594","1","4","Pseudo","3","1","1","m","/Users/patrick/Documents/CCS/Methods for CCS/Methods_in_CCS","541","legacy","xpyriment","0.9484732824427481","m","594","1.0","hard","moze","6","30828","16909","696138","695973","NA","NA","2737","700409","696135","824040","883121","883120","2757","883710","2759","696136","700406","NA","20102","NA","17005","17008","699382","884306","29212","NA","883119","LexicalDecision"
"No","579","1","4","Pseudo","3","1","1","m","/Users/patrick/Documents/CCS/Methods for CCS/Methods_in_CCS","573","legacy","xpyriment","0.9485714285714286","m","579","1.0","hard","monders","6","30828","16909","696138","695973","NA","NA","2737","700409","696135","824040","884460","884459","2757","885076","2759","696136","700406","NA","20102","NA","17005","17008","699382","885657","29212","NA","884458","LexicalDecision"
"No","578","1","4","LF","2","1","1","n","/Users/patrick/Documents/CCS/Methods for CCS/Methods_in_CCS","593","legacy","xpyriment","0.9486692015209125","n","578","1.0","hard","pasta's","6","30828","16909","696138","695973","NA","NA","2737","700409","696135","824040","885815","885813","2757","886451","2759","696136","700406","NA","20102","NA","17005","17008","699382","887031","29212","NA","885813","LexicalDecision"
"No","765","1","4","Pseudo","3","1","1","m","/Users/patrick/Documents/CCS/Methods for CCS/Methods_in_CCS","560","legacy","xpyriment","0.9487666034155597","m","765","1.0","hard","hierkij","6","30828","16909","696138","695973","NA","NA","2737","700409","696135","824040","887195","887193","2757","887798","2759","696136","700406","NA","20102","NA","17005","17008","699382","888564","29212","NA","887192","LexicalDecision"
"No","863","1","4","Pseudo","3","1","1","m","/Users/patrick/Documents/CCS/Methods for CCS/Methods_in_CCS","561","legacy","xpyriment","0.9488636363636364","m","863","1.0","hard","sota","6","30828","16909","696138","695973","NA","NA","2737","700409","696135","824040","888723","888721","2757","889325","2759","696136","700406","NA","20102","NA","17005","17008","699382","890190","29212","NA","888720","LexicalDecision"
"No","717","1","4","LF","2","1","1","n","/Users/patrick/Documents/CCS/Methods for CCS/Methods_in_CCS","427","legacy","xpyriment","0.9489603024574669","n","717","1.0","hard","kraker","6","30828","16909","696138","695973","NA","NA","2737","700409","696135","824040","890346","890345","2757","890818","2759","696136","700406","NA","20102","NA","17005","17008","699382","891536","29212","NA","890344","LexicalDecision"
"No","649","1","4","Pseudo","3","1","1","m","/Users/patrick/Documents/CCS/Methods for CCS/Methods_in_CCS","499","legacy","xpyriment","0.9490566037735849","m","649","1.0","hard","verwucht","6","30828","16909","696138","695973","NA","NA","2737","700409","696135","824040","891694","891692","2757","892238","2759","696136","700406","NA","20102","NA","17005","17008","699382","892889","29212","NA","891692","LexicalDecision"
"No","665","1","4","HF","1","1","1","n","/Users/patrick/Documents/CCS/Methods for CCS/Methods_in_CCS","484","legacy","xpyriment","0.9491525423728814","n","665","1.0","easy","hiermee","6","30828","16909","696138","695973","NA","NA","2737","700409","696135","824040","893047","893046","2757","893575","2759","696136","700406","NA","20102","NA","17005","17008","699382","894242","29212","NA","893045","LexicalDecision"
"No","715","1","4","LF","2","1","1","n","/Users/patrick/Documents/CCS/Methods for CCS/Methods_in_CCS","419","legacy","xpyriment","0.9492481203007519","n","715","1.0","hard","cricket","6","30828","16909","696138","695973","NA","NA","2737","700409","696135","824040","894402","894400","2757","894862","2759","696136","700406","NA","20102","NA","17005","17008","699382","895579","29212","NA","894399","LexicalDecision"
"No","728","1","4","Pseudo","3","1","1","m","/Users/patrick/Documents/CCS/Methods for CCS/Methods_in_CCS","504","legacy","xpyriment","0.949343339587242","m","728","1.0","hard","vliepen","6","30828","16909","696138","695973","NA","NA","2737","700409","696135","824040","895738","895737","2757","896290","2759","696136","700406","NA","20102","NA","17005","17008","699382","897020","29212","NA","895735","LexicalDecision"
"No","707","1","4","LF","2","1","1","n","/Users/patrick/Documents/CCS/Methods for CCS/Methods_in_CCS","399","legacy","xpyriment","0.949438202247191","n","707","1.0","hard","items","6","30828","16909","696138","695973","NA","NA","2737","700409","696135","824040","897177","897175","2757","897621","2759","696136","700406","NA","20102","NA","17005","17008","699382","898330","29212","NA","897175","LexicalDecision"
"No","790","1","4","LF","2","1","1","n","/Users/patrick/Documents/CCS/Methods for CCS/Methods_in_CCS","417","legacy","xpyriment","0.9495327102803738","n","790","1.0","hard","cross","6","30828","16909","696138","695973","NA","NA","2737","700409","696135","824040","898486","898484","2757","898944","2759","696136","700406","NA","20102","NA","17005","17008","699382","899736","29212","NA","898484","LexicalDecision"
"No","729","1","4","Pseudo","3","1","1","m","/Users/patrick/Documents/CCS/Methods for CCS/Methods_in_CCS","491","legacy","xpyriment","0.9496268656716418","m","729","1.0","hard","hoeg","6","30828","16909","696138","695973","NA","NA","2737","700409","696135","824040","899894","899892","2757","900426","2759","696136","700406","NA","20102","NA","17005","17008","699382","901156","29212","NA","899891","LexicalDecision"
"No","607","1","4","LF","2","1","1","n","/Users/patrick/Documents/CCS/Methods for CCS/Methods_in_CCS","538","legacy","xpyriment","0.9497206703910615","n","607","1.0","hard","labels","6","30828","16909","696138","695973","NA","NA","2737","700409","696135","824040","901311","901309","2757","901889","2759","696136","700406","NA","20102","NA","17005","17008","699382","902498","29212","NA","901309","LexicalDecision"
"No","703","1","4","Pseudo","3","1","1","m","/Users/patrick/Documents/CCS/Methods for CCS/Methods_in_CCS","513","legacy","xpyriment","0.949814126394052","m","703","1.0","hard","diek","6","30828","16909","696138","695973","NA","NA","2737","700409","696135","824040","902662","902660","2757","903216","2759","696136","700406","NA","20102","NA","17005","17008","699382","903921","29212","NA","902660","LexicalDecision"
"No","754","1","4","Random","4","1","1","m","/Users/patrick/Documents/CCS/Methods for CCS/Methods_in_CCS","532","legacy","xpyriment","0.9499072356215214","m","754","1.0","easy","pnoesns","6","30828","16909","696138","695973","NA","NA","2737","700409","696135","824040","904077","904076","2757","904655","2759","696136","700406","NA","20102","NA","17005","17008","699382","905411","29212","NA","904075","LexicalDecision"
"No","751","1","4","HF","1","1","1","n","/Users/patrick/Documents/CCS/Methods for CCS/Methods_in_CCS","457","legacy","xpyriment","0.95","n","751","1.0","easy","plant","6","30828","16909","696138","695973","NA","NA","2737","700409","696135","824040","905568","905566","2757","906073","2759","696136","700406","NA","20102","NA","17005","17008","699382","906826","29212","NA","905566","LexicalDecision"
