"Practice","RT","accuracy","block","cond","condition","correct","correct_keyboard_response","correct_response","experiment_path","fixation_dur","keyboard_backend","mouse_backend","overall_accuracy","response_keyboard_response","response_time_keyboard_response","running_accuracy","stim_type","stimulus","subject_nr","time_Experimental","time_Practice","time_block_start","time_end_of_block_trigger","time_end_of_experiment","time_end_of_practice_block_trigger","time_experiment","time_experimental_block","time_experimental_sequence","time_feedback","time_fixation","time_fixation_duration","time_generalpreps","time_keyboard_response","time_main_instructions","time_new_block","time_new_block_trigger","time_new_sketchpad","time_practice_block","time_practice_block_trigger","time_practice_sequence_1","time_practice_start","time_presstostart","time_response_trigger","time_stimulus","time_stimulus_trigger","time_trial_sequence","title"
"Yes","915","1","0","Random","4","1","1","m","/Users/florinecramer/Desktop/CCS 1/Methods in CCS/Methods_in_CCS","578","legacy","xpyriment","0.5","m","915","NA","NA","korargla","3","NA","0","NA","NA","NA","NA","0","NA","NA","NA","0","0","0","44905","0","NA","NA","NA","0","NA","0","0","0","45821","44904","NA","0","LexicalDecision"
"Yes","598","1","0","LF","2","1","1","n","/Users/florinecramer/Desktop/CCS 1/Methods in CCS/Methods_in_CCS","466","legacy","xpyriment","0.5","n","598","NA","NA","wijntjes","3","NA","0","NA","NA","NA","NA","0","NA","NA","NA","45912","45911","0","46381","0","NA","NA","NA","0","NA","0","0","0","46980","46381","NA","45911","LexicalDecision"
"Yes","788","1","0","Random","4","1","1","m","/Users/florinecramer/Desktop/CCS 1/Methods in CCS/Methods_in_CCS","487","legacy","xpyriment","0.5","m","788","NA","NA","ojjo","3","NA","0","NA","NA","NA","NA","0","NA","NA","NA","47062","47061","0","47553","0","NA","NA","NA","0","NA","0","0","0","48342","47552","NA","47061","LexicalDecision"
"Yes","707","1","0","HF","1","1","1","n","/Users/florinecramer/Desktop/CCS 1/Methods in CCS/Methods_in_CCS","580","legacy","xpyriment","0.5","n","707","NA","NA","haalt","3","NA","0","NA","NA","NA","NA","0","NA","NA","NA","48425","48424","0","49009","0","NA","NA","NA","0","NA","0","0","0","49717","49008","NA","48424","LexicalDecision"
"Yes","548","1","0","Pseudo","3","1","1","m","/Users/florinecramer/Desktop/CCS 1/Methods in CCS/Methods_in_CCS","484","legacy","xpyriment","0.5","m","548","NA","NA","rarde","3","NA","0","NA","NA","NA","NA","0","NA","NA","NA","49801","49799","0","50288","0","NA","NA","NA","0","NA","0","0","0","50837","50288","NA","49799","LexicalDecision"
"Yes","741","1","0","HF","1","1","1","n","/Users/florinecramer/Desktop/CCS 1/Methods in CCS/Methods_in_CCS","464","legacy","xpyriment","0.5","n","741","NA","NA","samen","3","NA","0","NA","NA","NA","NA","0","NA","NA","NA","50921","50920","0","51388","0","NA","NA","NA","0","NA","0","0","0","52130","51388","NA","50920","LexicalDecision"
"Yes","635","1","0","Pseudo","3","1","1","m","/Users/florinecramer/Desktop/CCS 1/Methods in CCS/Methods_in_CCS","536","legacy","xpyriment","0.5","m","635","NA","NA","lart","3","NA","0","NA","NA","NA","NA","0","NA","NA","NA","52213","52212","0","52755","0","NA","NA","NA","0","NA","0","0","0","53390","52755","NA","52212","LexicalDecision"
"Yes","792","0","0","LF","2","0","0","n","/Users/florinecramer/Desktop/CCS 1/Methods in CCS/Methods_in_CCS","549","legacy","xpyriment","0.5","m","792","NA","NA","cobra's","3","NA","0","NA","NA","NA","NA","0","NA","NA","54841","53475","53474","0","54027","0","NA","NA","NA","0","NA","0","0","0","54819","54027","NA","53474","LexicalDecision"
"No","666","1","1","Pseudo","3","1","1","m","/Users/florinecramer/Desktop/CCS 1/Methods in CCS/Methods_in_CCS","559","legacy","xpyriment","1.0","m","666","1.0","hard","brap","3","57700","0","57754","NA","NA","NA","0","68090","57753","54841","68145","68144","0","68738","0","57753","68086","NA","0","NA","0","0","66660","69405","54027","NA","68144","LexicalDecision"
"No","644","1","1","LF","2","1","1","n","/Users/florinecramer/Desktop/CCS 1/Methods in CCS/Methods_in_CCS","539","legacy","xpyriment","1.0","n","644","1.0","hard","trutje","3","57700","0","57754","NA","NA","NA","0","68090","57753","54841","69489","69488","0","70062","0","57753","68086","NA","0","NA","0","0","66660","70707","54027","NA","69488","LexicalDecision"
"No","595","1","1","LF","2","1","1","n","/Users/florinecramer/Desktop/CCS 1/Methods in CCS/Methods_in_CCS","581","legacy","xpyriment","1.0","n","595","1.0","hard","stortbui","3","57700","0","57754","NA","NA","NA","0","68090","57753","54841","70792","70791","0","71407","0","57753","68086","NA","0","NA","0","0","66660","72003","54027","NA","70791","LexicalDecision"
"No","497","1","1","LF","2","1","1","n","/Users/florinecramer/Desktop/CCS 1/Methods in CCS/Methods_in_CCS","531","legacy","xpyriment","1.0","n","497","1.0","hard","sleetje","3","57700","0","57754","NA","NA","NA","0","68090","57753","54841","72087","72086","0","72656","0","57753","68086","NA","0","NA","0","0","66660","73154","54027","NA","72086","LexicalDecision"
"No","610","1","1","Pseudo","3","1","1","m","/Users/florinecramer/Desktop/CCS 1/Methods in CCS/Methods_in_CCS","517","legacy","xpyriment","1.0","m","610","1.0","hard","lamen","3","57700","0","57754","NA","NA","NA","0","68090","57753","54841","73237","73236","0","73794","0","57753","68086","NA","0","NA","0","0","66660","74404","54027","NA","73236","LexicalDecision"
"No","528","1","1","HF","1","1","1","n","/Users/florinecramer/Desktop/CCS 1/Methods in CCS/Methods_in_CCS","443","legacy","xpyriment","1.0","n","528","1.0","easy","beste","3","57700","0","57754","NA","NA","NA","0","68090","57753","54841","74488","74487","0","74964","0","57753","68086","NA","0","NA","0","0","66660","75493","54027","NA","74487","LexicalDecision"
"No","449","1","1","LF","2","1","1","n","/Users/florinecramer/Desktop/CCS 1/Methods in CCS/Methods_in_CCS","484","legacy","xpyriment","1.0","n","449","1.0","hard","reviews","3","57700","0","57754","NA","NA","NA","0","68090","57753","54841","75576","75575","0","76096","0","57753","68086","NA","0","NA","0","0","66660","76546","54027","NA","75575","LexicalDecision"
"No","662","1","1","Pseudo","3","1","1","m","/Users/florinecramer/Desktop/CCS 1/Methods in CCS/Methods_in_CCS","428","legacy","xpyriment","1.0","m","662","1.0","hard","hoeten","3","57700","0","57754","NA","NA","NA","0","68090","57753","54841","76632","76631","0","77092","0","57753","68086","NA","0","NA","0","0","66660","77755","54027","NA","76631","LexicalDecision"
"No","616","1","1","Pseudo","3","1","1","m","/Users/florinecramer/Desktop/CCS 1/Methods in CCS/Methods_in_CCS","432","legacy","xpyriment","1.0","m","616","1.0","hard","serste","3","57700","0","57754","NA","NA","NA","0","68090","57753","54841","77841","77840","0","78315","0","57753","68086","NA","0","NA","0","0","66660","78932","54027","NA","77840","LexicalDecision"
"No","601","0","1","Pseudo","3","0","0","m","/Users/florinecramer/Desktop/CCS 1/Methods in CCS/Methods_in_CCS","555","legacy","xpyriment","0.9","n","601","0.9","hard","roonde","3","57700","0","57754","NA","NA","NA","0","68090","57753","80230","79016","79015","0","79607","0","57753","68086","NA","0","NA","0","0","66660","80209","54027","NA","79015","LexicalDecision"
"No","586","0","1","LF","2","0","0","n","/Users/florinecramer/Desktop/CCS 1/Methods in CCS/Methods_in_CCS","489","legacy","xpyriment","0.8181818181818182","m","586","0.8181818181818182","hard","praters","3","57700","0","57754","NA","NA","NA","0","68090","57753","83474","82344","82343","0","82867","0","57753","68086","NA","0","NA","0","0","66660","83454","54027","NA","82343","LexicalDecision"
"No","832","1","1","HF","1","1","1","n","/Users/florinecramer/Desktop/CCS 1/Methods in CCS/Methods_in_CCS","404","legacy","xpyriment","0.8333333333333334","n","832","0.8333333333333334","easy","vriendin","3","57700","0","57754","NA","NA","NA","0","68090","57753","83474","85591","85590","0","86027","0","57753","68086","NA","0","NA","0","0","66660","86860","54027","NA","85590","LexicalDecision"
"No","508","1","1","LF","2","1","1","n","/Users/florinecramer/Desktop/CCS 1/Methods in CCS/Methods_in_CCS","504","legacy","xpyriment","0.8461538461538461","n","508","0.8461538461538461","hard","stafje","3","57700","0","57754","NA","NA","NA","0","68090","57753","83474","86944","86943","0","87487","0","57753","68086","NA","0","NA","0","0","66660","87996","54027","NA","86943","LexicalDecision"
"No","576","1","1","LF","2","1","1","n","/Users/florinecramer/Desktop/CCS 1/Methods in CCS/Methods_in_CCS","458","legacy","xpyriment","0.8571428571428571","n","576","0.8571428571428571","hard","spuitjes","3","57700","0","57754","NA","NA","NA","0","68090","57753","83474","88080","88079","0","88575","0","57753","68086","NA","0","NA","0","0","66660","89152","54027","NA","88079","LexicalDecision"
"No","542","1","1","LF","2","1","1","n","/Users/florinecramer/Desktop/CCS 1/Methods in CCS/Methods_in_CCS","417","legacy","xpyriment","0.8666666666666667","n","542","0.8666666666666667","hard","vonkjes","3","57700","0","57754","NA","NA","NA","0","68090","57753","83474","89237","89236","0","89686","0","57753","68086","NA","0","NA","0","0","66660","90229","54027","NA","89236","LexicalDecision"
"No","531","0","1","Pseudo","3","0","0","m","/Users/florinecramer/Desktop/CCS 1/Methods in CCS/Methods_in_CCS","537","legacy","xpyriment","0.8125","n","531","0.8125","hard","grag","3","57700","0","57754","NA","NA","NA","0","68090","57753","91431","90313","90312","0","90878","0","57753","68086","NA","0","NA","0","0","66660","91410","54027","NA","90312","LexicalDecision"
"No","537","1","1","LF","2","1","1","n","/Users/florinecramer/Desktop/CCS 1/Methods in CCS/Methods_in_CCS","475","legacy","xpyriment","0.8235294117647058","n","537","0.8235294117647058","hard","buffers","3","57700","0","57754","NA","NA","NA","0","68090","57753","91431","93536","93535","0","94040","0","57753","68086","NA","0","NA","0","0","66660","94578","54027","NA","93535","LexicalDecision"
"No","507","1","1","Random","4","1","1","m","/Users/florinecramer/Desktop/CCS 1/Methods in CCS/Methods_in_CCS","549","legacy","xpyriment","0.8333333333333334","m","507","0.8333333333333334","easy","o'usd","3","57700","0","57754","NA","NA","NA","0","68090","57753","91431","94664","94663","0","95241","0","57753","68086","NA","0","NA","0","0","66660","95749","54027","NA","94663","LexicalDecision"
"No","987","1","1","Random","4","1","1","m","/Users/florinecramer/Desktop/CCS 1/Methods in CCS/Methods_in_CCS","561","legacy","xpyriment","0.8421052631578947","m","987","0.8421052631578947","easy","sgisend","3","57700","0","57754","NA","NA","NA","0","68090","57753","91431","95832","95831","0","96429","0","57753","68086","NA","0","NA","0","0","66660","97417","54027","NA","95831","LexicalDecision"
"No","624","1","1","LF","2","1","1","n","/Users/florinecramer/Desktop/CCS 1/Methods in CCS/Methods_in_CCS","440","legacy","xpyriment","0.85","n","624","0.85","hard","biscuit","3","57700","0","57754","NA","NA","NA","0","68090","57753","91431","97502","97501","0","97975","0","57753","68086","NA","0","NA","0","0","66660","98600","54027","NA","97500","LexicalDecision"
"No","706","0","1","LF","2","0","0","n","/Users/florinecramer/Desktop/CCS 1/Methods in CCS/Methods_in_CCS","591","legacy","xpyriment","0.8095238095238095","m","706","0.8095238095238095","hard","snobs","3","57700","0","57754","NA","NA","NA","0","68090","57753","100039","98683","98682","0","99312","0","57753","68086","NA","0","NA","0","0","66660","100019","54027","NA","98682","LexicalDecision"
"No","639","1","1","Pseudo","3","1","1","m","/Users/florinecramer/Desktop/CCS 1/Methods in CCS/Methods_in_CCS","419","legacy","xpyriment","0.8181818181818182","m","639","0.8181818181818182","hard","lale","3","57700","0","57754","NA","NA","NA","0","68090","57753","100039","102140","102139","0","102589","0","57753","68086","NA","0","NA","0","0","66660","103229","54027","NA","102139","LexicalDecision"
"No","524","1","1","Pseudo","3","1","1","m","/Users/florinecramer/Desktop/CCS 1/Methods in CCS/Methods_in_CCS","549","legacy","xpyriment","0.8260869565217391","m","524","0.8260869565217391","hard","pronder","3","57700","0","57754","NA","NA","NA","0","68090","57753","100039","103313","103312","0","103897","0","57753","68086","NA","0","NA","0","0","66660","104421","54027","NA","103312","LexicalDecision"
"No","590","1","1","LF","2","1","1","n","/Users/florinecramer/Desktop/CCS 1/Methods in CCS/Methods_in_CCS","488","legacy","xpyriment","0.8333333333333334","n","590","0.8333333333333334","hard","panty's","3","57700","0","57754","NA","NA","NA","0","68090","57753","100039","104506","104505","0","105024","0","57753","68086","NA","0","NA","0","0","66660","105614","54027","NA","104505","LexicalDecision"
"No","888","1","1","Pseudo","3","1","1","m","/Users/florinecramer/Desktop/CCS 1/Methods in CCS/Methods_in_CCS","562","legacy","xpyriment","0.84","m","888","0.84","hard","hookte","3","57700","0","57754","NA","NA","NA","0","68090","57753","100039","105699","105698","0","106294","0","57753","68086","NA","0","NA","0","0","66660","107182","54027","NA","105698","LexicalDecision"
"No","886","1","1","LF","2","1","1","n","/Users/florinecramer/Desktop/CCS 1/Methods in CCS/Methods_in_CCS","570","legacy","xpyriment","0.8461538461538461","n","886","0.84","hard","wratjes","3","57700","0","57754","NA","NA","NA","0","68090","57753","100039","107268","107267","0","107871","0","57753","68086","NA","0","NA","0","0","66660","108757","54027","NA","107267","LexicalDecision"
"No","579","1","1","LF","2","1","1","n","/Users/florinecramer/Desktop/CCS 1/Methods in CCS/Methods_in_CCS","415","legacy","xpyriment","0.8518518518518519","n","579","0.84","hard","weekjes","3","57700","0","57754","NA","NA","NA","0","68090","57753","100039","108841","108840","0","109289","0","57753","68086","NA","0","NA","0","0","66660","109868","54027","NA","108840","LexicalDecision"
"No","664","1","1","Pseudo","3","1","1","m","/Users/florinecramer/Desktop/CCS 1/Methods in CCS/Methods_in_CCS","466","legacy","xpyriment","0.8571428571428571","m","664","0.84","hard","geteel","3","57700","0","57754","NA","NA","NA","0","68090","57753","100039","109953","109952","0","110452","0","57753","68086","NA","0","NA","0","0","66660","111117","54027","NA","109952","LexicalDecision"
"No","816","1","1","HF","1","1","1","n","/Users/florinecramer/Desktop/CCS 1/Methods in CCS/Methods_in_CCS","508","legacy","xpyriment","0.8620689655172413","n","816","0.84","easy","volle","3","57700","0","57754","NA","NA","NA","0","68090","57753","100039","111200","111199","0","111744","0","57753","68086","NA","0","NA","0","0","66660","112561","54027","NA","111199","LexicalDecision"
"No","1317","1","1","Pseudo","3","1","1","m","/Users/florinecramer/Desktop/CCS 1/Methods in CCS/Methods_in_CCS","405","legacy","xpyriment","0.8666666666666667","m","1317","0.84","hard","deul","3","57700","0","57754","NA","NA","NA","0","68090","57753","100039","112644","112643","0","113080","0","57753","68086","NA","0","NA","0","0","66660","114397","54027","NA","112643","LexicalDecision"
"No","651","1","1","Pseudo","3","1","1","m","/Users/florinecramer/Desktop/CCS 1/Methods in CCS/Methods_in_CCS","468","legacy","xpyriment","0.8709677419354839","m","651","0.84","hard","strelg","3","57700","0","57754","NA","NA","NA","0","68090","57753","100039","114484","114483","0","114993","0","57753","68086","NA","0","NA","0","0","66660","115645","54027","NA","114483","LexicalDecision"
"No","739","1","1","Pseudo","3","1","1","m","/Users/florinecramer/Desktop/CCS 1/Methods in CCS/Methods_in_CCS","445","legacy","xpyriment","0.875","m","739","0.84","hard","steet","3","57700","0","57754","NA","NA","NA","0","68090","57753","100039","115728","115727","0","116207","0","57753","68086","NA","0","NA","0","0","66660","116946","54027","NA","115727","LexicalDecision"
"No","564","1","1","Random","4","1","1","m","/Users/florinecramer/Desktop/CCS 1/Methods in CCS/Methods_in_CCS","529","legacy","xpyriment","0.8787878787878788","m","564","0.84","easy","jivl","3","57700","0","57754","NA","NA","NA","0","68090","57753","100039","117029","117028","0","117589","0","57753","68086","NA","0","NA","0","0","66660","118154","54027","NA","117028","LexicalDecision"
"No","699","1","1","LF","2","1","1","n","/Users/florinecramer/Desktop/CCS 1/Methods in CCS/Methods_in_CCS","585","legacy","xpyriment","0.8823529411764706","n","699","0.84","hard","klaproos","3","57700","0","57754","NA","NA","NA","0","68090","57753","100039","118239","118238","0","118852","0","57753","68086","NA","0","NA","0","0","66660","119551","54027","NA","118238","LexicalDecision"
"No","779","0","1","Pseudo","3","0","0","m","/Users/florinecramer/Desktop/CCS 1/Methods in CCS/Methods_in_CCS","480","legacy","xpyriment","0.8571428571428571","n","779","0.84","hard","lapij","3","57700","0","57754","NA","NA","NA","0","68090","57753","120954","119635","119634","0","120154","0","57753","68086","NA","0","NA","0","0","66660","120934","54027","NA","119634","LexicalDecision"
"No","581","1","1","LF","2","1","1","n","/Users/florinecramer/Desktop/CCS 1/Methods in CCS/Methods_in_CCS","555","legacy","xpyriment","0.8611111111111112","n","581","0.88","hard","bijzin","3","57700","0","57754","NA","NA","NA","0","68090","57753","120954","123072","123071","0","123664","0","57753","68086","NA","0","NA","0","0","66660","124246","54027","NA","123071","LexicalDecision"
"No","553","1","1","LF","2","1","1","n","/Users/florinecramer/Desktop/CCS 1/Methods in CCS/Methods_in_CCS","404","legacy","xpyriment","0.8648648648648649","n","553","0.88","hard","sponsen","3","57700","0","57754","NA","NA","NA","0","68090","57753","120954","124331","124330","0","124768","0","57753","68086","NA","0","NA","0","0","66660","125322","54027","NA","124330","LexicalDecision"
"No","525","1","1","LF","2","1","1","n","/Users/florinecramer/Desktop/CCS 1/Methods in CCS/Methods_in_CCS","554","legacy","xpyriment","0.868421052631579","n","525","0.88","hard","olijf","3","57700","0","57754","NA","NA","NA","0","68090","57753","120954","125407","125406","0","125997","0","57753","68086","NA","0","NA","0","0","66660","126523","54027","NA","125406","LexicalDecision"
"No","556","1","1","LF","2","1","1","n","/Users/florinecramer/Desktop/CCS 1/Methods in CCS/Methods_in_CCS","427","legacy","xpyriment","0.8717948717948718","n","556","0.88","hard","slijmen","3","57700","0","57754","NA","NA","NA","0","68090","57753","120954","126606","126605","0","127070","0","57753","68086","NA","0","NA","0","0","66660","127627","54027","NA","126605","LexicalDecision"
"No","439","1","1","LF","2","1","1","n","/Users/florinecramer/Desktop/CCS 1/Methods in CCS/Methods_in_CCS","451","legacy","xpyriment","0.875","n","439","0.88","hard","koordjes","3","57700","0","57754","NA","NA","NA","0","68090","57753","120954","127711","127710","0","128202","0","57753","68086","NA","0","NA","0","0","66660","128642","54027","NA","127710","LexicalDecision"
"No","475","1","1","LF","2","1","1","n","/Users/florinecramer/Desktop/CCS 1/Methods in CCS/Methods_in_CCS","465","legacy","xpyriment","0.8780487804878049","n","475","0.92","hard","vocaal","3","57700","0","57754","NA","NA","NA","0","68090","57753","120954","128725","128724","0","129225","0","57753","68086","NA","0","NA","0","0","66660","129701","54027","NA","128724","LexicalDecision"
"No","492","1","1","HF","1","1","1","n","/Users/florinecramer/Desktop/CCS 1/Methods in CCS/Methods_in_CCS","422","legacy","xpyriment","0.8809523809523809","n","492","0.92","easy","lachend","3","57700","0","57754","NA","NA","NA","0","68090","57753","120954","129784","129783","0","130245","0","57753","68086","NA","0","NA","0","0","66660","130738","54027","NA","129783","LexicalDecision"
"No","285","1","1","LF","2","1","1","n","/Users/florinecramer/Desktop/CCS 1/Methods in CCS/Methods_in_CCS","415","legacy","xpyriment","0.8837209302325582","n","285","0.92","hard","twijgje","3","57700","0","57754","NA","NA","NA","0","68090","57753","120954","130821","130820","0","131271","0","57753","68086","NA","0","NA","0","0","66660","131557","54027","NA","130820","LexicalDecision"
"No","302","0","1","Pseudo","3","0","0","m","/Users/florinecramer/Desktop/CCS 1/Methods in CCS/Methods_in_CCS","478","legacy","xpyriment","0.8636363636363636","n","302","0.88","hard","pentool","3","57700","0","57754","NA","NA","NA","0","68090","57753","132474","131639","131638","0","132150","0","57753","68086","NA","0","NA","0","0","66660","132453","54027","NA","131638","LexicalDecision"
"No","1102","1","1","LF","2","1","1","n","/Users/florinecramer/Desktop/CCS 1/Methods in CCS/Methods_in_CCS","426","legacy","xpyriment","0.8666666666666667","n","1102","0.88","hard","vaklui","3","57700","0","57754","NA","NA","NA","0","68090","57753","132474","134591","134590","0","135052","0","57753","68086","NA","0","NA","0","0","66660","136155","54027","NA","134590","LexicalDecision"
"No","433","1","1","LF","2","1","1","n","/Users/florinecramer/Desktop/CCS 1/Methods in CCS/Methods_in_CCS","540","legacy","xpyriment","0.8695652173913043","n","433","0.92","hard","sausjes","3","57700","0","57754","NA","NA","NA","0","68090","57753","132474","136240","136239","0","136816","0","57753","68086","NA","0","NA","0","0","66660","137249","54027","NA","136239","LexicalDecision"
"No","450","1","1","LF","2","1","1","n","/Users/florinecramer/Desktop/CCS 1/Methods in CCS/Methods_in_CCS","543","legacy","xpyriment","0.8723404255319149","n","450","0.92","hard","kuddes","3","57700","0","57754","NA","NA","NA","0","68090","57753","132474","137334","137333","0","137913","0","57753","68086","NA","0","NA","0","0","66660","138364","54027","NA","137333","LexicalDecision"
"No","391","0","1","Pseudo","3","0","0","m","/Users/florinecramer/Desktop/CCS 1/Methods in CCS/Methods_in_CCS","512","legacy","xpyriment","0.8541666666666666","n","391","0.88","hard","hege","3","57700","0","57754","NA","NA","NA","0","68090","57753","139409","138447","138446","0","138997","0","57753","68086","NA","0","NA","0","0","66660","139389","54027","NA","138446","LexicalDecision"
"No","576","1","1","LF","2","1","1","n","/Users/florinecramer/Desktop/CCS 1/Methods in CCS/Methods_in_CCS","400","legacy","xpyriment","0.8571428571428571","n","576","0.88","hard","logo","3","57700","0","57754","NA","NA","NA","0","68090","57753","139409","141526","141525","0","141962","0","57753","68086","NA","0","NA","0","0","66660","142539","54027","NA","141525","LexicalDecision"
"No","690","1","1","Pseudo","3","1","1","m","/Users/florinecramer/Desktop/CCS 1/Methods in CCS/Methods_in_CCS","494","legacy","xpyriment","0.86","m","690","0.88","hard","blaan","3","57700","0","57754","NA","NA","NA","0","68090","57753","139409","142622","142621","0","143148","0","57753","68086","NA","0","NA","0","0","66660","143839","54027","NA","142621","LexicalDecision"
"No","799","1","1","LF","2","1","1","n","/Users/florinecramer/Desktop/CCS 1/Methods in CCS/Methods_in_CCS","562","legacy","xpyriment","0.8627450980392157","n","799","0.88","hard","koetje","3","57700","0","57754","NA","NA","NA","0","68090","57753","139409","143922","143921","0","144517","0","57753","68086","NA","0","NA","0","0","66660","145317","54027","NA","143921","LexicalDecision"
"No","644","1","1","LF","2","1","1","n","/Users/florinecramer/Desktop/CCS 1/Methods in CCS/Methods_in_CCS","513","legacy","xpyriment","0.8653846153846154","n","644","0.88","hard","plonsen","3","57700","0","57754","NA","NA","NA","0","68090","57753","139409","145400","145399","0","145944","0","57753","68086","NA","0","NA","0","0","66660","146589","54027","NA","145399","LexicalDecision"
"No","627","1","1","LF","2","1","1","n","/Users/florinecramer/Desktop/CCS 1/Methods in CCS/Methods_in_CCS","412","legacy","xpyriment","0.8679245283018868","n","627","0.88","hard","berging","3","57700","0","57754","NA","NA","NA","0","68090","57753","139409","146672","146671","0","147121","0","57753","68086","NA","0","NA","0","0","66660","147749","54027","NA","146671","LexicalDecision"
"No","585","0","1","Pseudo","3","0","0","m","/Users/florinecramer/Desktop/CCS 1/Methods in CCS/Methods_in_CCS","474","legacy","xpyriment","0.8518518518518519","n","585","0.84","hard","jecht","3","57700","0","57754","NA","NA","NA","0","68090","57753","148950","147833","147832","0","148343","0","57753","68086","NA","0","NA","0","0","66660","148929","54027","NA","147832","LexicalDecision"
"No","876","1","1","Pseudo","3","1","1","m","/Users/florinecramer/Desktop/CCS 1/Methods in CCS/Methods_in_CCS","535","legacy","xpyriment","0.8545454545454545","m","876","0.84","hard","breeg","3","57700","0","57754","NA","NA","NA","0","68090","57753","148950","151068","151067","0","151637","0","57753","68086","NA","0","NA","0","0","66660","152514","54027","NA","151067","LexicalDecision"
"No","1073","1","1","Pseudo","3","1","1","m","/Users/florinecramer/Desktop/CCS 1/Methods in CCS/Methods_in_CCS","443","legacy","xpyriment","0.8571428571428571","m","1073","0.84","hard","vezig","3","57700","0","57754","NA","NA","NA","0","68090","57753","148950","152598","152597","0","153073","0","57753","68086","NA","0","NA","0","0","66660","154147","54027","NA","152597","LexicalDecision"
"No","666","1","1","Pseudo","3","1","1","m","/Users/florinecramer/Desktop/CCS 1/Methods in CCS/Methods_in_CCS","405","legacy","xpyriment","0.8596491228070176","m","666","0.84","hard","penten","3","57700","0","57754","NA","NA","NA","0","68090","57753","148950","154231","154230","0","154668","0","57753","68086","NA","0","NA","0","0","66660","155335","54027","NA","154230","LexicalDecision"
"No","702","1","1","HF","1","1","1","n","/Users/florinecramer/Desktop/CCS 1/Methods in CCS/Methods_in_CCS","525","legacy","xpyriment","0.8620689655172413","n","702","0.84","easy","extra","3","57700","0","57754","NA","NA","NA","0","68090","57753","148950","155419","155418","0","155976","0","57753","68086","NA","0","NA","0","0","66660","156679","54027","NA","155417","LexicalDecision"
"No","556","1","1","HF","1","1","1","n","/Users/florinecramer/Desktop/CCS 1/Methods in CCS/Methods_in_CCS","439","legacy","xpyriment","0.864406779661017","n","556","0.84","easy","kaas","3","57700","0","57754","NA","NA","NA","0","68090","57753","148950","156764","156763","0","157233","0","57753","68086","NA","0","NA","0","0","66660","157789","54027","NA","156763","LexicalDecision"
"No","760","1","1","Pseudo","3","1","1","m","/Users/florinecramer/Desktop/CCS 1/Methods in CCS/Methods_in_CCS","534","legacy","xpyriment","0.8666666666666667","m","760","0.88","hard","cets","3","57700","0","57754","NA","NA","NA","0","68090","57753","148950","157873","157872","0","158441","0","57753","68086","NA","0","NA","0","0","66660","159202","54027","NA","157872","LexicalDecision"
"No","693","1","1","Pseudo","3","1","1","m","/Users/florinecramer/Desktop/CCS 1/Methods in CCS/Methods_in_CCS","523","legacy","xpyriment","0.8688524590163934","m","693","0.88","hard","iezer","3","57700","0","57754","NA","NA","NA","0","68090","57753","148950","159285","159284","0","159843","0","57753","68086","NA","0","NA","0","0","66660","160536","54027","NA","159284","LexicalDecision"
"No","637","0","1","LF","2","0","0","n","/Users/florinecramer/Desktop/CCS 1/Methods in CCS/Methods_in_CCS","584","legacy","xpyriment","0.8548387096774194","m","637","0.84","hard","bowling","3","57700","0","57754","NA","NA","NA","0","68090","57753","161897","160619","160618","0","161239","0","57753","68086","NA","0","NA","0","0","66660","161877","54027","NA","160618","LexicalDecision"
"No","1130","1","1","Pseudo","3","1","1","m","/Users/florinecramer/Desktop/CCS 1/Methods in CCS/Methods_in_CCS","574","legacy","xpyriment","0.8571428571428571","m","1130","0.84","hard","tramen","3","57700","0","57754","NA","NA","NA","0","68090","57753","161897","164014","164013","0","164619","0","57753","68086","NA","0","NA","0","0","66660","165749","54027","NA","164013","LexicalDecision"
"No","728","1","1","LF","2","1","1","n","/Users/florinecramer/Desktop/CCS 1/Methods in CCS/Methods_in_CCS","553","legacy","xpyriment","0.859375","n","728","0.84","hard","mail","3","57700","0","57754","NA","NA","NA","0","68090","57753","161897","165835","165834","0","166425","0","57753","68086","NA","0","NA","0","0","66660","167154","54027","NA","165834","LexicalDecision"
"No","535","1","1","LF","2","1","1","n","/Users/florinecramer/Desktop/CCS 1/Methods in CCS/Methods_in_CCS","459","legacy","xpyriment","0.8615384615384616","n","535","0.84","hard","keeltje","3","57700","0","57754","NA","NA","NA","0","68090","57753","161897","167239","167238","0","167732","0","57753","68086","NA","0","NA","0","0","66660","168268","54027","NA","167238","LexicalDecision"
"No","718","1","1","Pseudo","3","1","1","m","/Users/florinecramer/Desktop/CCS 1/Methods in CCS/Methods_in_CCS","453","legacy","xpyriment","0.8636363636363636","m","718","0.84","hard","mekend","3","57700","0","57754","NA","NA","NA","0","68090","57753","161897","168353","168352","0","168834","0","57753","68086","NA","0","NA","0","0","66660","169553","54027","NA","168352","LexicalDecision"
"No","785","1","1","Pseudo","3","1","1","m","/Users/florinecramer/Desktop/CCS 1/Methods in CCS/Methods_in_CCS","403","legacy","xpyriment","0.8656716417910447","m","785","0.84","hard","desten","3","57700","0","57754","NA","NA","NA","0","68090","57753","161897","169638","169637","0","170075","0","57753","68086","NA","0","NA","0","0","66660","170861","54027","NA","169637","LexicalDecision"
"No","733","1","1","LF","2","1","1","n","/Users/florinecramer/Desktop/CCS 1/Methods in CCS/Methods_in_CCS","430","legacy","xpyriment","0.8676470588235294","n","733","0.84","hard","surfen","3","57700","0","57754","NA","NA","NA","0","68090","57753","161897","170946","170945","0","171412","0","57753","68086","NA","0","NA","0","0","66660","172146","54027","NA","170944","LexicalDecision"
"No","989","1","1","Pseudo","3","1","1","m","/Users/florinecramer/Desktop/CCS 1/Methods in CCS/Methods_in_CCS","501","legacy","xpyriment","0.8695652173913043","m","989","0.88","hard","bopen","3","57700","0","57754","NA","NA","NA","0","68090","57753","161897","172231","172230","0","172765","0","57753","68086","NA","0","NA","0","0","66660","173755","54027","NA","172230","LexicalDecision"
"No","787","1","1","LF","2","1","1","n","/Users/florinecramer/Desktop/CCS 1/Methods in CCS/Methods_in_CCS","440","legacy","xpyriment","0.8714285714285714","n","787","0.88","hard","smokings","3","57700","0","57754","NA","NA","NA","0","68090","57753","161897","173842","173841","0","174313","0","57753","68086","NA","0","NA","0","0","66660","175101","54027","NA","173841","LexicalDecision"
"No","682","1","1","Pseudo","3","1","1","m","/Users/florinecramer/Desktop/CCS 1/Methods in CCS/Methods_in_CCS","499","legacy","xpyriment","0.8732394366197183","m","682","0.88","hard","koctor","3","57700","0","57754","NA","NA","NA","0","68090","57753","161897","175186","175185","0","175719","0","57753","68086","NA","0","NA","0","0","66660","176402","54027","NA","175185","LexicalDecision"
"No","800","1","1","Pseudo","3","1","1","m","/Users/florinecramer/Desktop/CCS 1/Methods in CCS/Methods_in_CCS","444","legacy","xpyriment","0.875","m","800","0.88","hard","noeken","3","57700","0","57754","NA","NA","NA","0","68090","57753","161897","176486","176485","0","176965","0","57753","68086","NA","0","NA","0","0","66660","177766","54027","NA","176485","LexicalDecision"
"No","665","1","1","Random","4","1","1","m","/Users/florinecramer/Desktop/CCS 1/Methods in CCS/Methods_in_CCS","469","legacy","xpyriment","0.8767123287671232","m","665","0.92","easy","tfsroac","3","57700","0","57754","NA","NA","NA","0","68090","57753","161897","177851","177850","0","178356","0","57753","68086","NA","0","NA","0","0","66660","179022","54027","NA","177850","LexicalDecision"
"No","913","1","1","LF","2","1","1","n","/Users/florinecramer/Desktop/CCS 1/Methods in CCS/Methods_in_CCS","430","legacy","xpyriment","0.8783783783783784","n","913","0.92","hard","radars","3","57700","0","57754","NA","NA","NA","0","68090","57753","161897","179106","179105","0","179568","0","57753","68086","NA","0","NA","0","0","66660","180482","54027","NA","179105","LexicalDecision"
"No","720","0","1","LF","2","0","0","n","/Users/florinecramer/Desktop/CCS 1/Methods in CCS/Methods_in_CCS","594","legacy","xpyriment","0.8666666666666667","m","720","0.88","hard","volkjes","3","57700","0","57754","NA","NA","NA","0","68090","57753","181935","180566","180565","0","181193","0","57753","68086","NA","0","NA","0","0","66660","181914","54027","NA","180565","LexicalDecision"
"No","889","1","1","LF","2","1","1","n","/Users/florinecramer/Desktop/CCS 1/Methods in CCS/Methods_in_CCS","486","legacy","xpyriment","0.868421052631579","n","889","0.88","hard","nestjes","3","57700","0","57754","NA","NA","NA","0","68090","57753","181935","184038","184037","0","184562","0","57753","68086","NA","0","NA","0","0","66660","185452","54027","NA","184037","LexicalDecision"
"No","1304","0","1","Pseudo","3","0","0","m","/Users/florinecramer/Desktop/CCS 1/Methods in CCS/Methods_in_CCS","542","legacy","xpyriment","0.8571428571428571","n","1304","0.84","hard","vanken","3","57700","0","57754","NA","NA","NA","0","68090","57753","187443","185537","185536","0","186116","0","57753","68086","NA","0","NA","0","0","66660","187421","54027","NA","185536","LexicalDecision"
"No","833","1","1","Pseudo","3","1","1","m","/Users/florinecramer/Desktop/CCS 1/Methods in CCS/Methods_in_CCS","474","legacy","xpyriment","0.8589743589743589","m","833","0.84","hard","zawel","3","57700","0","57754","NA","NA","NA","0","68090","57753","187443","189557","189556","0","190066","0","57753","68086","NA","0","NA","0","0","66660","190900","54027","NA","189556","LexicalDecision"
"No","858","1","1","Pseudo","3","1","1","m","/Users/florinecramer/Desktop/CCS 1/Methods in CCS/Methods_in_CCS","496","legacy","xpyriment","0.8607594936708861","m","858","0.88","hard","bongen","3","57700","0","57754","NA","NA","NA","0","68090","57753","187443","190984","190983","0","191511","0","57753","68086","NA","0","NA","0","0","66660","192370","54027","NA","190983","LexicalDecision"
"No","620","1","1","Pseudo","3","1","1","m","/Users/florinecramer/Desktop/CCS 1/Methods in CCS/Methods_in_CCS","576","legacy","xpyriment","0.8625","m","620","0.88","hard","vooram","3","57700","0","57754","NA","NA","NA","0","68090","57753","187443","192455","192454","0","193069","0","57753","68086","NA","0","NA","0","0","66660","193690","54027","NA","192454","LexicalDecision"
"No","746","1","1","Pseudo","3","1","1","m","/Users/florinecramer/Desktop/CCS 1/Methods in CCS/Methods_in_CCS","502","legacy","xpyriment","0.8641975308641975","m","746","0.88","hard","bachtjes","3","57700","0","57754","NA","NA","NA","0","68090","57753","187443","193773","193772","0","194308","0","57753","68086","NA","0","NA","0","0","66660","195055","54027","NA","193772","LexicalDecision"
"No","630","1","1","LF","2","1","1","n","/Users/florinecramer/Desktop/CCS 1/Methods in CCS/Methods_in_CCS","554","legacy","xpyriment","0.8658536585365854","n","630","0.88","hard","clowntje","3","57700","0","57754","NA","NA","NA","0","68090","57753","187443","195140","195139","0","195728","0","57753","68086","NA","0","NA","0","0","66660","196359","54027","NA","195139","LexicalDecision"
"No","603","0","1","Pseudo","3","0","0","m","/Users/florinecramer/Desktop/CCS 1/Methods in CCS/Methods_in_CCS","592","legacy","xpyriment","0.8554216867469879","n","603","0.84","hard","gezeld","3","57700","0","57754","NA","NA","NA","0","68090","57753","197696","196448","196447","0","197072","0","57753","68086","NA","0","NA","0","0","66660","197676","54027","NA","196447","LexicalDecision"
"No","740","1","1","LF","2","1","1","n","/Users/florinecramer/Desktop/CCS 1/Methods in CCS/Methods_in_CCS","406","legacy","xpyriment","0.8571428571428571","n","740","0.84","hard","rally","3","57700","0","57754","NA","NA","NA","0","68090","57753","197696","199813","199812","0","200248","0","57753","68086","NA","0","NA","0","0","66660","200989","54027","NA","199812","LexicalDecision"
"No","643","1","1","Pseudo","3","1","1","m","/Users/florinecramer/Desktop/CCS 1/Methods in CCS/Methods_in_CCS","457","legacy","xpyriment","0.8588235294117647","m","643","0.84","hard","egen","3","57700","0","57754","NA","NA","NA","0","68090","57753","197696","201073","201072","0","201564","0","57753","68086","NA","0","NA","0","0","66660","202207","54027","NA","201072","LexicalDecision"
"No","1228","1","1","LF","2","1","1","n","/Users/florinecramer/Desktop/CCS 1/Methods in CCS/Methods_in_CCS","448","legacy","xpyriment","0.8604651162790697","n","1228","0.84","hard","nachtjes","3","57700","0","57754","NA","NA","NA","0","68090","57753","197696","202291","202290","0","202775","0","57753","68086","NA","0","NA","0","0","66660","204004","54027","NA","202290","LexicalDecision"
"No","755","1","1","Pseudo","3","1","1","m","/Users/florinecramer/Desktop/CCS 1/Methods in CCS/Methods_in_CCS","530","legacy","xpyriment","0.8620689655172413","m","755","0.88","hard","jotra","3","57700","0","57754","NA","NA","NA","0","68090","57753","197696","204089","204088","0","204652","0","57753","68086","NA","0","NA","0","0","66660","205407","54027","NA","204088","LexicalDecision"
"No","801","1","1","LF","2","1","1","n","/Users/florinecramer/Desktop/CCS 1/Methods in CCS/Methods_in_CCS","469","legacy","xpyriment","0.8636363636363636","n","801","0.88","hard","barons","3","57700","0","57754","NA","NA","NA","0","68090","57753","197696","205492","205491","0","205999","0","57753","68086","NA","0","NA","0","0","66660","206801","54027","NA","205491","LexicalDecision"
"No","1839","1","1","Pseudo","3","1","1","m","/Users/florinecramer/Desktop/CCS 1/Methods in CCS/Methods_in_CCS","395","legacy","xpyriment","0.8651685393258427","m","1839","0.88","hard","gelard","3","57700","0","57754","NA","NA","NA","0","68090","57753","197696","206884","206883","0","207311","0","57753","68086","NA","0","NA","0","0","66660","209150","54027","NA","206883","LexicalDecision"
"No","696","1","1","LF","2","1","1","n","/Users/florinecramer/Desktop/CCS 1/Methods in CCS/Methods_in_CCS","544","legacy","xpyriment","0.8666666666666667","n","696","0.88","hard","coupons","3","57700","0","57754","NA","NA","NA","0","68090","57753","197696","209235","209234","0","209811","0","57753","68086","NA","0","NA","0","0","66660","210507","54027","NA","209234","LexicalDecision"
"No","1349","0","1","Pseudo","3","0","0","m","/Users/florinecramer/Desktop/CCS 1/Methods in CCS/Methods_in_CCS","455","legacy","xpyriment","0.8571428571428571","n","1349","0.84","hard","daartje","3","57700","0","57754","NA","NA","NA","0","68090","57753","212449","210591","210590","0","211079","0","57753","68086","NA","0","NA","0","0","66660","212428","54027","NA","210590","LexicalDecision"
"No","725","1","1","Pseudo","3","1","1","m","/Users/florinecramer/Desktop/CCS 1/Methods in CCS/Methods_in_CCS","461","legacy","xpyriment","0.8586956521739131","m","725","0.84","hard","stour","3","57700","0","57754","NA","NA","NA","0","68090","57753","212449","214568","214567","0","215060","0","57753","68086","NA","0","NA","0","0","66660","215785","54027","NA","214567","LexicalDecision"
"No","972","1","1","LF","2","1","1","n","/Users/florinecramer/Desktop/CCS 1/Methods in CCS/Methods_in_CCS","520","legacy","xpyriment","0.8602150537634409","n","972","0.84","hard","likjes","3","57700","0","57754","NA","NA","NA","0","68090","57753","212449","215870","215869","0","216425","0","57753","68086","NA","0","NA","0","0","66660","217398","54027","NA","215869","LexicalDecision"
"No","722","0","1","Pseudo","3","0","0","m","/Users/florinecramer/Desktop/CCS 1/Methods in CCS/Methods_in_CCS","486","legacy","xpyriment","0.851063829787234","n","722","0.8","hard","donsheid","3","57700","0","57754","NA","NA","NA","0","68090","57753","218739","217480","217479","0","217996","0","57753","68086","NA","0","NA","0","0","66660","218719","54027","NA","217479","LexicalDecision"
"No","546","1","1","LF","2","1","1","n","/Users/florinecramer/Desktop/CCS 1/Methods in CCS/Methods_in_CCS","410","legacy","xpyriment","0.8526315789473684","n","546","0.8","hard","geurtjes","3","57700","0","57754","NA","NA","NA","0","68090","57753","218739","220856","220855","0","221299","0","57753","68086","NA","0","NA","0","0","66660","221846","54027","NA","220855","LexicalDecision"
"No","562","1","1","LF","2","1","1","n","/Users/florinecramer/Desktop/CCS 1/Methods in CCS/Methods_in_CCS","425","legacy","xpyriment","0.8541666666666666","n","562","0.8","hard","frietje","3","57700","0","57754","NA","NA","NA","0","68090","57753","218739","221930","221929","0","222392","0","57753","68086","NA","0","NA","0","0","66660","222955","54027","NA","221929","LexicalDecision"
"No","804","1","1","Pseudo","3","1","1","m","/Users/florinecramer/Desktop/CCS 1/Methods in CCS/Methods_in_CCS","550","legacy","xpyriment","0.8556701030927835","m","804","0.8","hard","debliek","3","57700","0","57754","NA","NA","NA","0","68090","57753","218739","223041","223040","0","223624","0","57753","68086","NA","0","NA","0","0","66660","224430","54027","NA","223040","LexicalDecision"
"No","696","1","1","Pseudo","3","1","1","m","/Users/florinecramer/Desktop/CCS 1/Methods in CCS/Methods_in_CCS","440","legacy","xpyriment","0.8571428571428571","m","696","0.8","hard","deben","3","57700","0","57754","NA","NA","NA","0","68090","57753","218739","224514","224513","0","224988","0","57753","68086","NA","0","NA","0","0","66660","225685","54027","NA","224513","LexicalDecision"
"No","650","1","1","HF","1","1","1","n","/Users/florinecramer/Desktop/CCS 1/Methods in CCS/Methods_in_CCS","410","legacy","xpyriment","0.8585858585858586","n","650","0.8","easy","ooit","3","57700","0","57754","NA","NA","NA","0","68090","57753","218739","225769","225768","0","226216","0","57753","68086","NA","0","NA","0","0","66660","226867","54027","NA","225768","LexicalDecision"
"No","943","1","1","Pseudo","3","1","1","m","/Users/florinecramer/Desktop/CCS 1/Methods in CCS/Methods_in_CCS","468","legacy","xpyriment","0.86","m","943","0.84","hard","gegt","3","57700","0","57754","NA","NA","NA","0","68090","57753","218739","226951","226950","0","227460","0","57753","68086","NA","0","NA","0","0","66660","228404","54027","NA","226950","LexicalDecision"
"No","783","1","1","Pseudo","3","1","1","m","/Users/florinecramer/Desktop/CCS 1/Methods in CCS/Methods_in_CCS","502","legacy","xpyriment","0.8613861386138614","m","783","0.84","hard","dond","3","57700","0","57754","NA","NA","NA","0","68090","57753","218739","228489","228487","0","229018","0","57753","68086","NA","0","NA","0","0","66660","229802","54027","NA","228487","LexicalDecision"
"No","776","1","1","Pseudo","3","1","1","m","/Users/florinecramer/Desktop/CCS 1/Methods in CCS/Methods_in_CCS","562","legacy","xpyriment","0.8627450980392157","m","776","0.88","hard","loorden","3","57700","0","57754","NA","NA","NA","0","68090","57753","218739","229885","229884","0","230475","0","57753","68086","NA","0","NA","0","0","66660","231252","54027","NA","229884","LexicalDecision"
"No","790","1","1","Pseudo","3","1","1","m","/Users/florinecramer/Desktop/CCS 1/Methods in CCS/Methods_in_CCS","550","legacy","xpyriment","0.8640776699029126","m","790","0.88","hard","wirze","3","57700","0","57754","NA","NA","NA","0","68090","57753","218739","231335","231334","0","231918","0","57753","68086","NA","0","NA","0","0","66660","232709","54027","NA","231334","LexicalDecision"
"No","538","1","1","Pseudo","3","1","1","m","/Users/florinecramer/Desktop/CCS 1/Methods in CCS/Methods_in_CCS","495","legacy","xpyriment","0.8653846153846154","m","538","0.88","hard","ontblam","3","57700","0","57754","NA","NA","NA","0","68090","57753","218739","232793","232792","0","233326","0","57753","68086","NA","0","NA","0","0","66660","233865","54027","NA","232792","LexicalDecision"
"No","825","1","1","Pseudo","3","1","1","m","/Users/florinecramer/Desktop/CCS 1/Methods in CCS/Methods_in_CCS","431","legacy","xpyriment","0.8666666666666667","m","825","0.88","hard","beus","3","57700","0","57754","NA","NA","NA","0","68090","57753","218739","233950","233949","0","234413","0","57753","68086","NA","0","NA","0","0","66660","235239","54027","NA","233949","LexicalDecision"
"No","793","1","1","LF","2","1","1","n","/Users/florinecramer/Desktop/CCS 1/Methods in CCS/Methods_in_CCS","507","legacy","xpyriment","0.8679245283018868","n","793","0.88","hard","prinsjes","3","57700","0","57754","NA","NA","NA","0","68090","57753","218739","235323","235322","0","235868","0","57753","68086","NA","0","NA","0","0","66660","236662","54027","NA","235321","LexicalDecision"
"No","983","1","1","LF","2","1","1","n","/Users/florinecramer/Desktop/CCS 1/Methods in CCS/Methods_in_CCS","428","legacy","xpyriment","0.8691588785046729","n","983","0.88","hard","zotten","3","57700","0","57754","NA","NA","NA","0","68090","57753","218739","236746","236745","0","237208","0","57753","68086","NA","0","NA","0","0","66660","238192","54027","NA","236745","LexicalDecision"
"No","537","1","1","LF","2","1","1","n","/Users/florinecramer/Desktop/CCS 1/Methods in CCS/Methods_in_CCS","446","legacy","xpyriment","0.8703703703703703","n","537","0.92","hard","maandje","3","57700","0","57754","NA","NA","NA","0","68090","57753","218739","238276","238275","0","238757","0","57753","68086","NA","0","NA","0","0","66660","239295","54027","NA","238275","LexicalDecision"
"No","744","1","1","LF","2","1","1","n","/Users/florinecramer/Desktop/CCS 1/Methods in CCS/Methods_in_CCS","476","legacy","xpyriment","0.8715596330275229","n","744","0.92","hard","badjes","3","57700","0","57754","NA","NA","NA","0","68090","57753","218739","239380","239379","0","239890","0","57753","68086","NA","0","NA","0","0","66660","240635","54027","NA","239379","LexicalDecision"
"No","819","1","1","Pseudo","3","1","1","m","/Users/florinecramer/Desktop/CCS 1/Methods in CCS/Methods_in_CCS","413","legacy","xpyriment","0.8727272727272727","m","819","0.92","hard","belin","3","57700","0","57754","NA","NA","NA","0","68090","57753","218739","240720","240719","0","241163","0","57753","68086","NA","0","NA","0","0","66660","241983","54027","NA","240719","LexicalDecision"
"No","692","1","1","Pseudo","3","1","1","m","/Users/florinecramer/Desktop/CCS 1/Methods in CCS/Methods_in_CCS","476","legacy","xpyriment","0.8738738738738738","m","692","0.92","hard","nisten","3","57700","0","57754","NA","NA","NA","0","68090","57753","218739","242067","242066","0","242571","0","57753","68086","NA","0","NA","0","0","66660","243264","54027","NA","242066","LexicalDecision"
"No","648","1","1","Pseudo","3","1","1","m","/Users/florinecramer/Desktop/CCS 1/Methods in CCS/Methods_in_CCS","439","legacy","xpyriment","0.875","m","648","0.92","hard","foden","3","57700","0","57754","NA","NA","NA","0","68090","57753","218739","243347","243346","0","243817","0","57753","68086","NA","0","NA","0","0","66660","244466","54027","NA","243346","LexicalDecision"
"No","710","1","1","LF","2","1","1","n","/Users/florinecramer/Desktop/CCS 1/Methods in CCS/Methods_in_CCS","497","legacy","xpyriment","0.8761061946902655","n","710","0.92","hard","cricket","3","57700","0","57754","NA","NA","NA","0","68090","57753","218739","244549","244548","0","245080","0","57753","68086","NA","0","NA","0","0","66660","245791","54027","NA","244548","LexicalDecision"
"No","627","1","1","LF","2","1","1","n","/Users/florinecramer/Desktop/CCS 1/Methods in CCS/Methods_in_CCS","459","legacy","xpyriment","0.8771929824561403","n","627","0.92","hard","tikker","3","57700","0","57754","NA","NA","NA","0","68090","57753","218739","245875","245874","0","246366","0","57753","68086","NA","0","NA","0","0","66660","246994","54027","NA","245873","LexicalDecision"
"No","596","1","1","LF","2","1","1","n","/Users/florinecramer/Desktop/CCS 1/Methods in CCS/Methods_in_CCS","401","legacy","xpyriment","0.8782608695652174","n","596","0.92","hard","knikjes","3","57700","0","57754","NA","NA","NA","0","68090","57753","218739","247079","247078","0","247512","0","57753","68086","NA","0","NA","0","0","66660","248109","54027","NA","247078","LexicalDecision"
"No","568","1","1","LF","2","1","1","n","/Users/florinecramer/Desktop/CCS 1/Methods in CCS/Methods_in_CCS","515","legacy","xpyriment","0.8793103448275862","n","568","0.96","hard","gleufjes","3","57700","0","57754","NA","NA","NA","0","68090","57753","218739","248193","248191","0","248741","0","57753","68086","NA","0","NA","0","0","66660","249310","54027","NA","248191","LexicalDecision"
"No","677","1","1","LF","2","1","1","n","/Users/florinecramer/Desktop/CCS 1/Methods in CCS/Methods_in_CCS","460","legacy","xpyriment","0.8803418803418803","n","677","0.96","hard","deals","3","57700","0","57754","NA","NA","NA","0","68090","57753","218739","249394","249393","0","249887","0","57753","68086","NA","0","NA","0","0","66660","250565","54027","NA","249393","LexicalDecision"
"No","398","0","1","Pseudo","3","0","0","m","/Users/florinecramer/Desktop/CCS 1/Methods in CCS/Methods_in_CCS","456","legacy","xpyriment","0.8728813559322034","n","398","0.92","hard","geilig","3","57700","0","57754","NA","NA","NA","0","68090","57753","251561","250649","250648","0","251142","0","57753","68086","NA","0","NA","0","0","66660","251541","54027","NA","250647","LexicalDecision"
"No","474","1","1","Pseudo","3","1","1","m","/Users/florinecramer/Desktop/CCS 1/Methods in CCS/Methods_in_CCS","560","legacy","xpyriment","0.8739495798319328","m","474","0.96","hard","farder","3","57700","0","57754","NA","NA","NA","0","68090","57753","251561","253673","253672","0","254268","0","57753","68086","NA","0","NA","0","0","66660","254743","54027","NA","253672","LexicalDecision"
"No","571","0","1","LF","2","0","0","n","/Users/florinecramer/Desktop/CCS 1/Methods in CCS/Methods_in_CCS","448","legacy","xpyriment","0.8666666666666667","m","571","0.92","hard","naampjes","3","57700","0","57754","NA","NA","NA","0","68090","57753","255899","254826","254825","0","255307","0","57753","68086","NA","0","NA","0","0","66660","255878","54027","NA","254825","LexicalDecision"
"No","855","1","1","Random","4","1","1","m","/Users/florinecramer/Desktop/CCS 1/Methods in CCS/Methods_in_CCS","402","legacy","xpyriment","0.8677685950413223","m","855","0.92","easy","hcmoa","3","57700","0","57754","NA","NA","NA","0","68090","57753","255899","258010","258009","0","258444","0","57753","68086","NA","0","NA","0","0","66660","259300","54027","NA","258009","LexicalDecision"
"No","1000","0","1","Pseudo","3","0","0","m","/Users/florinecramer/Desktop/CCS 1/Methods in CCS/Methods_in_CCS","455","legacy","xpyriment","0.860655737704918","n","1000","0.88","hard","geemt","3","57700","0","57754","NA","NA","NA","0","68090","57753","260894","259384","259383","0","259873","0","57753","68086","NA","0","NA","0","0","66660","260873","54027","NA","259383","LexicalDecision"
"No","717","1","1","LF","2","1","1","n","/Users/florinecramer/Desktop/CCS 1/Methods in CCS/Methods_in_CCS","594","legacy","xpyriment","0.8617886178861789","n","717","0.88","hard","trailer","3","57700","0","57754","NA","NA","NA","0","68090","57753","260894","263007","263005","0","263635","0","57753","68086","NA","0","NA","0","0","66660","264353","54027","NA","263005","LexicalDecision"
"No","613","1","1","Pseudo","3","1","1","m","/Users/florinecramer/Desktop/CCS 1/Methods in CCS/Methods_in_CCS","498","legacy","xpyriment","0.8629032258064516","m","613","0.88","hard","lienen","3","57700","0","57754","NA","NA","NA","0","68090","57753","260894","264436","264435","0","264969","0","57753","68086","NA","0","NA","0","0","66660","265583","54027","NA","264435","LexicalDecision"
"No","564","1","1","Pseudo","3","1","1","m","/Users/florinecramer/Desktop/CCS 1/Methods in CCS/Methods_in_CCS","559","legacy","xpyriment","0.864","m","564","0.88","hard","dending","3","57700","0","57754","NA","NA","NA","0","68090","57753","260894","265669","265668","0","266260","0","57753","68086","NA","0","NA","0","0","66660","266824","54027","NA","265667","LexicalDecision"
"No","439","0","1","HF","1","0","0","n","/Users/florinecramer/Desktop/CCS 1/Methods in CCS/Methods_in_CCS","587","legacy","xpyriment","0.8571428571428571","m","439","0.84","easy","durven","3","57700","0","57754","NA","NA","NA","0","68090","57753","267989","266908","266907","0","267528","0","57753","68086","NA","0","NA","0","0","66660","267968","54027","NA","266907","LexicalDecision"
"No","630","1","1","LF","2","1","1","n","/Users/florinecramer/Desktop/CCS 1/Methods in CCS/Methods_in_CCS","483","legacy","xpyriment","0.8582677165354331","n","630","0.84","hard","wekkers","3","57700","0","57754","NA","NA","NA","0","68090","57753","267989","270106","270105","0","270618","0","57753","68086","NA","0","NA","0","0","66660","271249","54027","NA","270105","LexicalDecision"
"No","578","0","1","LF","2","0","0","n","/Users/florinecramer/Desktop/CCS 1/Methods in CCS/Methods_in_CCS","438","legacy","xpyriment","0.8515625","m","578","0.8","hard","sorbet","3","57700","0","57754","NA","NA","NA","0","68090","57753","272406","271333","271332","0","271807","0","57753","68086","NA","0","NA","0","0","66660","272386","54027","NA","271332","LexicalDecision"
"No","629","1","1","Pseudo","3","1","1","m","/Users/florinecramer/Desktop/CCS 1/Methods in CCS/Methods_in_CCS","514","legacy","xpyriment","0.8527131782945736","m","629","0.8","hard","cout","3","57700","0","57754","NA","NA","NA","0","68090","57753","272406","274523","274522","0","275066","0","57753","68086","NA","0","NA","0","0","66660","275696","54027","NA","274522","LexicalDecision"
"No","697","1","1","HF","1","1","1","n","/Users/florinecramer/Desktop/CCS 1/Methods in CCS/Methods_in_CCS","479","legacy","xpyriment","0.8538461538461538","n","697","0.8","easy","leggen","3","57700","0","57754","NA","NA","NA","0","68090","57753","272406","275779","275778","0","276291","0","57753","68086","NA","0","NA","0","0","66660","276989","54027","NA","275778","LexicalDecision"
"No","635","1","1","Random","4","1","1","m","/Users/florinecramer/Desktop/CCS 1/Methods in CCS/Methods_in_CCS","513","legacy","xpyriment","0.8549618320610687","m","635","0.8","easy","tmjaes","3","57700","0","57754","NA","NA","NA","0","68090","57753","272406","277076","277075","0","277623","0","57753","68086","NA","0","NA","0","0","66660","278259","54027","NA","277075","LexicalDecision"
"No","1079","1","1","Pseudo","3","1","1","m","/Users/florinecramer/Desktop/CCS 1/Methods in CCS/Methods_in_CCS","411","legacy","xpyriment","0.8560606060606061","m","1079","0.8","hard","partger","3","57700","0","57754","NA","NA","NA","0","68090","57753","272406","278344","278343","0","278790","0","57753","68086","NA","0","NA","0","0","66660","279870","54027","NA","278342","LexicalDecision"
"No","667","1","1","LF","2","1","1","n","/Users/florinecramer/Desktop/CCS 1/Methods in CCS/Methods_in_CCS","479","legacy","xpyriment","0.8571428571428571","n","667","0.8","hard","zebra's","3","57700","0","57754","NA","NA","NA","0","68090","57753","272406","279955","279954","0","280466","0","57753","68086","NA","0","NA","0","0","66660","281134","54027","NA","279953","LexicalDecision"
"No","661","0","1","Pseudo","3","0","0","m","/Users/florinecramer/Desktop/CCS 1/Methods in CCS/Methods_in_CCS","421","legacy","xpyriment","0.8507462686567164","n","661","0.76","hard","tonaar","3","57700","0","57754","NA","NA","NA","0","68090","57753","282355","281218","281217","0","281673","0","57753","68086","NA","0","NA","0","0","66660","282335","54027","NA","281217","LexicalDecision"
"No","677","1","1","HF","1","1","1","n","/Users/florinecramer/Desktop/CCS 1/Methods in CCS/Methods_in_CCS","460","legacy","xpyriment","0.8518518518518519","n","677","0.76","easy","vermeld","3","57700","0","57754","NA","NA","NA","0","68090","57753","282355","284471","284470","0","284968","0","57753","68086","NA","0","NA","0","0","66660","285646","54027","NA","284469","LexicalDecision"
"No","591","1","2","LF","2","1","1","n","/Users/florinecramer/Desktop/CCS 1/Methods in CCS/Methods_in_CCS","514","legacy","xpyriment","0.8529411764705882","n","591","0.76","hard","baseball","3","57700","0","285755","285678","NA","NA","0","291149","285754","282355","291202","291201","0","291745","0","285754","291145","NA","0","NA","0","0","290392","292337","54027","NA","291201","LexicalDecision"
"No","641","1","2","Pseudo","3","1","1","m","/Users/florinecramer/Desktop/CCS 1/Methods in CCS/Methods_in_CCS","423","legacy","xpyriment","0.8540145985401459","m","641","0.76","hard","berast","3","57700","0","285755","285678","NA","NA","0","291149","285754","282355","292421","292420","0","292881","0","285754","291145","NA","0","NA","0","0","290392","293523","54027","NA","292420","LexicalDecision"
"No","797","1","2","LF","2","1","1","n","/Users/florinecramer/Desktop/CCS 1/Methods in CCS/Methods_in_CCS","594","legacy","xpyriment","0.855072463768116","n","797","0.76","hard","korfbal","3","57700","0","285755","285678","NA","NA","0","291149","285754","282355","293608","293607","0","294239","0","285754","291145","NA","0","NA","0","0","290392","295037","54027","NA","293607","LexicalDecision"
"No","1132","1","2","LF","2","1","1","n","/Users/florinecramer/Desktop/CCS 1/Methods in CCS/Methods_in_CCS","428","legacy","xpyriment","0.8561151079136691","n","1132","0.76","hard","micro's","3","57700","0","285755","285678","NA","NA","0","291149","285754","282355","295122","295121","0","295583","0","285754","291145","NA","0","NA","0","0","290392","296716","54027","NA","295121","LexicalDecision"
"No","864","1","2","Random","4","1","1","m","/Users/florinecramer/Desktop/CCS 1/Methods in CCS/Methods_in_CCS","583","legacy","xpyriment","0.8571428571428571","m","864","0.76","easy","ebalmss","3","57700","0","285755","285678","NA","NA","0","291149","285754","282355","296803","296802","0","297419","0","285754","291145","NA","0","NA","0","0","290392","298284","54027","NA","296802","LexicalDecision"
"No","502","0","2","LF","2","0","0","n","/Users/florinecramer/Desktop/CCS 1/Methods in CCS/Methods_in_CCS","531","legacy","xpyriment","0.851063829787234","m","502","0.72","hard","blondjes","3","57700","0","285755","285678","NA","NA","0","291149","285754","299459","298367","298366","0","298934","0","285754","291145","NA","0","NA","0","0","290392","299437","54027","NA","298366","LexicalDecision"
"No","610","1","2","LF","2","1","1","n","/Users/florinecramer/Desktop/CCS 1/Methods in CCS/Methods_in_CCS","524","legacy","xpyriment","0.852112676056338","n","610","0.72","hard","tekstje","3","57700","0","285755","285678","NA","NA","0","291149","285754","299459","301577","301575","0","302136","0","285754","291145","NA","0","NA","0","0","290392","302747","54027","NA","301575","LexicalDecision"
"No","952","1","2","Pseudo","3","1","1","m","/Users/florinecramer/Desktop/CCS 1/Methods in CCS/Methods_in_CCS","458","legacy","xpyriment","0.8531468531468531","m","952","0.76","hard","gitpen","3","57700","0","285755","285678","NA","NA","0","291149","285754","299459","302832","302831","0","303326","0","285754","291145","NA","0","NA","0","0","290392","304278","54027","NA","302831","LexicalDecision"
"No","749","1","2","LF","2","1","1","n","/Users/florinecramer/Desktop/CCS 1/Methods in CCS/Methods_in_CCS","429","legacy","xpyriment","0.8541666666666666","n","749","0.76","hard","mouwtjes","3","57700","0","285755","285678","NA","NA","0","291149","285754","299459","304363","304362","0","304823","0","285754","291145","NA","0","NA","0","0","290392","305572","54027","NA","304362","LexicalDecision"
"No","849","0","2","Pseudo","3","0","0","m","/Users/florinecramer/Desktop/CCS 1/Methods in CCS/Methods_in_CCS","440","legacy","xpyriment","0.8482758620689655","n","849","0.76","hard","buim","3","57700","0","285755","285678","NA","NA","0","291149","285754","306993","305658","305657","0","306124","0","285754","291145","NA","0","NA","0","0","290392","306973","54027","NA","305657","LexicalDecision"
"No","632","1","2","Pseudo","3","1","1","m","/Users/florinecramer/Desktop/CCS 1/Methods in CCS/Methods_in_CCS","473","legacy","xpyriment","0.8493150684931506","m","632","0.76","hard","jark","3","57700","0","285755","285678","NA","NA","0","291149","285754","306993","309090","309089","0","309598","0","285754","291145","NA","0","NA","0","0","290392","310231","54027","NA","309089","LexicalDecision"
"No","880","1","2","LF","2","1","1","n","/Users/florinecramer/Desktop/CCS 1/Methods in CCS/Methods_in_CCS","570","legacy","xpyriment","0.8503401360544217","n","880","0.8","hard","dwergjes","3","57700","0","285755","285678","NA","NA","0","291149","285754","306993","310315","310314","0","310915","0","285754","291145","NA","0","NA","0","0","290392","311796","54027","NA","310314","LexicalDecision"
"No","828","1","2","LF","2","1","1","n","/Users/florinecramer/Desktop/CCS 1/Methods in CCS/Methods_in_CCS","563","legacy","xpyriment","0.8513513513513513","n","828","0.8","hard","brandje","3","57700","0","285755","285678","NA","NA","0","291149","285754","306993","311880","311879","0","312471","0","285754","291145","NA","0","NA","0","0","290392","313300","54027","NA","311879","LexicalDecision"
"No","558","1","2","Random","4","1","1","m","/Users/florinecramer/Desktop/CCS 1/Methods in CCS/Methods_in_CCS","479","legacy","xpyriment","0.8523489932885906","m","558","0.8","easy","sgjkreoe","3","57700","0","285755","285678","NA","NA","0","291149","285754","306993","313385","313384","0","313897","0","285754","291145","NA","0","NA","0","0","290392","314456","54027","NA","313384","LexicalDecision"
"No","608","0","2","LF","2","0","0","n","/Users/florinecramer/Desktop/CCS 1/Methods in CCS/Methods_in_CCS","571","legacy","xpyriment","0.8466666666666667","m","608","0.76","hard","primeurs","3","57700","0","285755","285678","NA","NA","0","291149","285754","315773","314540","314539","0","315144","0","285754","291145","NA","0","NA","0","0","290392","315753","54027","NA","314539","LexicalDecision"
"No","1198","1","2","Pseudo","3","1","1","m","/Users/florinecramer/Desktop/CCS 1/Methods in CCS/Methods_in_CCS","484","legacy","xpyriment","0.847682119205298","m","1198","0.8","hard","broot","3","57700","0","285755","285678","NA","NA","0","291149","285754","315773","317890","317889","0","318408","0","285754","291145","NA","0","NA","0","0","290392","319607","54027","NA","317889","LexicalDecision"
"No","599","1","2","Pseudo","3","1","1","m","/Users/florinecramer/Desktop/CCS 1/Methods in CCS/Methods_in_CCS","575","legacy","xpyriment","0.8486842105263158","m","599","0.8","hard","ceggen","3","57700","0","285755","285678","NA","NA","0","291149","285754","315773","319692","319691","0","320300","0","285754","291145","NA","0","NA","0","0","290392","320900","54027","NA","319691","LexicalDecision"
"No","782","0","2","LF","2","0","0","n","/Users/florinecramer/Desktop/CCS 1/Methods in CCS/Methods_in_CCS","580","legacy","xpyriment","0.8431372549019608","m","782","0.8","hard","leegten","3","57700","0","285755","285678","NA","NA","0","291149","285754","322408","320985","320984","0","321604","0","285754","291145","NA","0","NA","0","0","290392","322387","54027","NA","320984","LexicalDecision"
"No","654","1","2","LF","2","1","1","n","/Users/florinecramer/Desktop/CCS 1/Methods in CCS/Methods_in_CCS","574","legacy","xpyriment","0.8441558441558441","n","654","0.8","hard","rijder","3","57700","0","285755","285678","NA","NA","0","291149","285754","322408","324523","324522","0","325122","0","285754","291145","NA","0","NA","0","0","290392","325777","54027","NA","324522","LexicalDecision"
"No","597","1","2","Pseudo","3","1","1","m","/Users/florinecramer/Desktop/CCS 1/Methods in CCS/Methods_in_CCS","443","legacy","xpyriment","0.8451612903225807","m","597","0.8","hard","mour","3","57700","0","285755","285678","NA","NA","0","291149","285754","322408","325861","325860","0","326334","0","285754","291145","NA","0","NA","0","0","290392","326932","54027","NA","325860","LexicalDecision"
"No","890","1","2","Pseudo","3","1","1","m","/Users/florinecramer/Desktop/CCS 1/Methods in CCS/Methods_in_CCS","442","legacy","xpyriment","0.8461538461538461","m","890","0.8","hard","luurt","3","57700","0","285755","285678","NA","NA","0","291149","285754","322408","327017","327016","0","327491","0","285754","291145","NA","0","NA","0","0","290392","328382","54027","NA","327016","LexicalDecision"
"No","852","1","2","Pseudo","3","1","1","m","/Users/florinecramer/Desktop/CCS 1/Methods in CCS/Methods_in_CCS","474","legacy","xpyriment","0.8471337579617835","m","852","0.8","hard","geet","3","57700","0","285755","285678","NA","NA","0","291149","285754","322408","328466","328465","0","328976","0","285754","291145","NA","0","NA","0","0","290392","329829","54027","NA","328465","LexicalDecision"
"No","1185","1","2","Pseudo","3","1","1","m","/Users/florinecramer/Desktop/CCS 1/Methods in CCS/Methods_in_CCS","412","legacy","xpyriment","0.8481012658227848","m","1185","0.8","hard","mondim","3","57700","0","285755","285678","NA","NA","0","291149","285754","322408","329913","329912","0","330364","0","285754","291145","NA","0","NA","0","0","290392","331550","54027","NA","329912","LexicalDecision"
"No","2000","0","2","LF","2","0","0","n","/Users/florinecramer/Desktop/CCS 1/Methods in CCS/Methods_in_CCS","507","legacy","xpyriment","0.8427672955974843","None","2000","0.8","hard","spiertje","3","57700","0","285755","285678","NA","NA","0","291149","285754","334197","331634","331633","0","332175","0","285754","291145","NA","0","NA","0","0","290392","334175","54027","NA","331633","LexicalDecision"
"No","746","1","2","HF","1","1","1","n","/Users/florinecramer/Desktop/CCS 1/Methods in CCS/Methods_in_CCS","415","legacy","xpyriment","0.84375","n","746","0.8","easy","snel","3","57700","0","285755","285678","NA","NA","0","291149","285754","334197","336314","336312","0","336763","0","285754","291145","NA","0","NA","0","0","290392","337510","54027","NA","336312","LexicalDecision"
"No","516","1","2","HF","1","1","1","n","/Users/florinecramer/Desktop/CCS 1/Methods in CCS/Methods_in_CCS","400","legacy","xpyriment","0.84472049689441","n","516","0.8","easy","drukken","3","57700","0","285755","285678","NA","NA","0","291149","285754","334197","337594","337593","0","338030","0","285754","291145","NA","0","NA","0","0","290392","338547","54027","NA","337593","LexicalDecision"
"No","701","1","2","LF","2","1","1","n","/Users/florinecramer/Desktop/CCS 1/Methods in CCS/Methods_in_CCS","405","legacy","xpyriment","0.845679012345679","n","701","0.8","hard","setje","3","57700","0","285755","285678","NA","NA","0","291149","285754","334197","338632","338631","0","339065","0","285754","291145","NA","0","NA","0","0","290392","339767","54027","NA","338631","LexicalDecision"
"No","507","1","2","HF","1","1","1","n","/Users/florinecramer/Desktop/CCS 1/Methods in CCS/Methods_in_CCS","559","legacy","xpyriment","0.8466257668711656","n","507","0.8","easy","slapen","3","57700","0","285755","285678","NA","NA","0","291149","285754","334197","339851","339850","0","340440","0","285754","291145","NA","0","NA","0","0","290392","340948","54027","NA","339850","LexicalDecision"
"No","1812","1","2","Pseudo","3","1","1","m","/Users/florinecramer/Desktop/CCS 1/Methods in CCS/Methods_in_CCS","467","legacy","xpyriment","0.8475609756097561","m","1812","0.8","hard","deiring","3","57700","0","285755","285678","NA","NA","0","291149","285754","334197","341032","341031","0","341529","0","285754","291145","NA","0","NA","0","0","290392","343342","54027","NA","341031","LexicalDecision"
"No","869","1","2","Pseudo","3","1","1","m","/Users/florinecramer/Desktop/CCS 1/Methods in CCS/Methods_in_CCS","587","legacy","xpyriment","0.8484848484848485","m","869","0.8","hard","begook","3","57700","0","285755","285678","NA","NA","0","291149","285754","334197","343427","343426","0","344048","0","285754","291145","NA","0","NA","0","0","290392","344918","54027","NA","343426","LexicalDecision"
"No","1922","1","2","LF","2","1","1","n","/Users/florinecramer/Desktop/CCS 1/Methods in CCS/Methods_in_CCS","472","legacy","xpyriment","0.8493975903614458","n","1922","0.84","hard","kloofjes","3","57700","0","285755","285678","NA","NA","0","291149","285754","334197","345002","345001","0","345511","0","285754","291145","NA","0","NA","0","0","290392","347434","54027","NA","345001","LexicalDecision"
"No","991","1","2","Pseudo","3","1","1","m","/Users/florinecramer/Desktop/CCS 1/Methods in CCS/Methods_in_CCS","430","legacy","xpyriment","0.8502994011976048","m","991","0.84","hard","keed","3","57700","0","285755","285678","NA","NA","0","291149","285754","334197","347520","347519","0","347983","0","285754","291145","NA","0","NA","0","0","290392","348975","54027","NA","347519","LexicalDecision"
"No","821","1","2","LF","2","1","1","n","/Users/florinecramer/Desktop/CCS 1/Methods in CCS/Methods_in_CCS","539","legacy","xpyriment","0.8511904761904762","n","821","0.84","hard","rietjes","3","57700","0","285755","285678","NA","NA","0","291149","285754","334197","349059","349058","0","349631","0","285754","291145","NA","0","NA","0","0","290392","350452","54027","NA","349058","LexicalDecision"
"No","886","1","2","Pseudo","3","1","1","m","/Users/florinecramer/Desktop/CCS 1/Methods in CCS/Methods_in_CCS","471","legacy","xpyriment","0.8520710059171598","m","886","0.84","hard","kungen","3","57700","0","285755","285678","NA","NA","0","291149","285754","334197","350537","350536","0","351043","0","285754","291145","NA","0","NA","0","0","290392","351929","54027","NA","350536","LexicalDecision"
"No","844","1","2","HF","1","1","1","n","/Users/florinecramer/Desktop/CCS 1/Methods in CCS/Methods_in_CCS","411","legacy","xpyriment","0.8529411764705882","n","844","0.88","easy","kunnen","3","57700","0","285755","285678","NA","NA","0","291149","285754","334197","352014","352013","0","352461","0","285754","291145","NA","0","NA","0","0","290392","353305","54027","NA","352013","LexicalDecision"
"No","840","1","2","Pseudo","3","1","1","m","/Users/florinecramer/Desktop/CCS 1/Methods in CCS/Methods_in_CCS","576","legacy","xpyriment","0.8538011695906432","m","840","0.88","hard","bobjet","3","57700","0","285755","285678","NA","NA","0","291149","285754","334197","353392","353391","0","354008","0","285754","291145","NA","0","NA","0","0","290392","354848","54027","NA","353391","LexicalDecision"
"No","811","1","2","LF","2","1","1","n","/Users/florinecramer/Desktop/CCS 1/Methods in CCS/Methods_in_CCS","507","legacy","xpyriment","0.8546511627906976","n","811","0.88","hard","rompen","3","57700","0","285755","285678","NA","NA","0","291149","285754","334197","354932","354931","0","355475","0","285754","291145","NA","0","NA","0","0","290392","356286","54027","NA","354931","LexicalDecision"
"No","677","1","2","Pseudo","3","1","1","m","/Users/florinecramer/Desktop/CCS 1/Methods in CCS/Methods_in_CCS","396","legacy","xpyriment","0.8554913294797688","m","677","0.88","hard","beler","3","57700","0","285755","285678","NA","NA","0","291149","285754","334197","356370","356369","0","356806","0","285754","291145","NA","0","NA","0","0","290392","357483","54027","NA","356369","LexicalDecision"
"No","788","1","2","LF","2","1","1","n","/Users/florinecramer/Desktop/CCS 1/Methods in CCS/Methods_in_CCS","417","legacy","xpyriment","0.8563218390804598","n","788","0.88","hard","buggy","3","57700","0","285755","285678","NA","NA","0","291149","285754","334197","357569","357568","0","358016","0","285754","291145","NA","0","NA","0","0","290392","358804","54027","NA","357568","LexicalDecision"
"No","741","0","2","Pseudo","3","0","0","m","/Users/florinecramer/Desktop/CCS 1/Methods in CCS/Methods_in_CCS","407","legacy","xpyriment","0.8514285714285714","n","741","0.88","hard","viet","3","57700","0","285755","285678","NA","NA","0","291149","285754","360086","358889","358888","0","359324","0","285754","291145","NA","0","NA","0","0","290392","360066","54027","NA","358888","LexicalDecision"
"No","854","1","2","Pseudo","3","1","1","m","/Users/florinecramer/Desktop/CCS 1/Methods in CCS/Methods_in_CCS","492","legacy","xpyriment","0.8522727272727273","m","854","0.88","hard","prijgen","3","57700","0","285755","285678","NA","NA","0","291149","285754","360086","362201","362200","0","362726","0","285754","291145","NA","0","NA","0","0","290392","363581","54027","NA","362200","LexicalDecision"
"No","624","1","2","Pseudo","3","1","1","m","/Users/florinecramer/Desktop/CCS 1/Methods in CCS/Methods_in_CCS","536","legacy","xpyriment","0.8531073446327684","m","624","0.88","hard","kicht","3","57700","0","285755","285678","NA","NA","0","291149","285754","360086","363665","363664","0","364236","0","285754","291145","NA","0","NA","0","0","290392","364861","54027","NA","363664","LexicalDecision"
"No","1067","0","2","LF","2","0","0","n","/Users/florinecramer/Desktop/CCS 1/Methods in CCS/Methods_in_CCS","430","legacy","xpyriment","0.848314606741573","m","1067","0.88","hard","rolkraag","3","57700","0","285755","285678","NA","NA","0","291149","285754","366497","364947","364946","0","365408","0","285754","291145","NA","0","NA","0","0","290392","366476","54027","NA","364946","LexicalDecision"
"No","582","1","2","LF","2","1","1","n","/Users/florinecramer/Desktop/CCS 1/Methods in CCS/Methods_in_CCS","507","legacy","xpyriment","0.8491620111731844","n","582","0.88","hard","druifjes","3","57700","0","285755","285678","NA","NA","0","291149","285754","366497","368602","368601","0","369143","0","285754","291145","NA","0","NA","0","0","290392","369726","54027","NA","368601","LexicalDecision"
"No","735","1","2","Pseudo","3","1","1","m","/Users/florinecramer/Desktop/CCS 1/Methods in CCS/Methods_in_CCS","564","legacy","xpyriment","0.85","m","735","0.88","hard","kilms","3","57700","0","285755","285678","NA","NA","0","291149","285754","366497","369811","369810","0","370416","0","285754","291145","NA","0","NA","0","0","290392","371152","54027","NA","369810","LexicalDecision"
"No","965","1","2","LF","2","1","1","n","/Users/florinecramer/Desktop/CCS 1/Methods in CCS/Methods_in_CCS","552","legacy","xpyriment","0.850828729281768","n","965","0.88","hard","fases","3","57700","0","285755","285678","NA","NA","0","291149","285754","366497","371236","371235","0","371831","0","285754","291145","NA","0","NA","0","0","290392","372797","54027","NA","371235","LexicalDecision"
"No","773","1","2","Pseudo","3","1","1","m","/Users/florinecramer/Desktop/CCS 1/Methods in CCS/Methods_in_CCS","546","legacy","xpyriment","0.8516483516483516","m","773","0.88","hard","zellen","3","57700","0","285755","285678","NA","NA","0","291149","285754","366497","372883","372882","0","373462","0","285754","291145","NA","0","NA","0","0","290392","374236","54027","NA","372881","LexicalDecision"
"No","1028","1","2","LF","2","1","1","n","/Users/florinecramer/Desktop/CCS 1/Methods in CCS/Methods_in_CCS","461","legacy","xpyriment","0.8524590163934426","n","1028","0.88","hard","acts","3","57700","0","285755","285678","NA","NA","0","291149","285754","366497","374322","374321","0","374813","0","285754","291145","NA","0","NA","0","0","290392","375842","54027","NA","374321","LexicalDecision"
"No","702","1","2","Pseudo","3","1","1","m","/Users/florinecramer/Desktop/CCS 1/Methods in CCS/Methods_in_CCS","555","legacy","xpyriment","0.8532608695652174","m","702","0.92","hard","aftijn","3","57700","0","285755","285678","NA","NA","0","291149","285754","366497","375927","375926","0","376515","0","285754","291145","NA","0","NA","0","0","290392","377218","54027","NA","375926","LexicalDecision"
"No","1190","1","2","LF","2","1","1","n","/Users/florinecramer/Desktop/CCS 1/Methods in CCS/Methods_in_CCS","592","legacy","xpyriment","0.8540540540540541","n","1190","0.92","hard","peddel","3","57700","0","285755","285678","NA","NA","0","291149","285754","366497","377302","377301","0","377926","0","285754","291145","NA","0","NA","0","0","290392","379117","54027","NA","377301","LexicalDecision"
"No","680","1","2","LF","2","1","1","n","/Users/florinecramer/Desktop/CCS 1/Methods in CCS/Methods_in_CCS","445","legacy","xpyriment","0.8548387096774194","n","680","0.92","hard","chalets","3","57700","0","285755","285678","NA","NA","0","291149","285754","366497","379202","379201","0","379687","0","285754","291145","NA","0","NA","0","0","290392","380368","54027","NA","379201","LexicalDecision"
"No","761","1","2","Pseudo","3","1","1","m","/Users/florinecramer/Desktop/CCS 1/Methods in CCS/Methods_in_CCS","558","legacy","xpyriment","0.8556149732620321","m","761","0.92","hard","faarten","3","57700","0","285755","285678","NA","NA","0","291149","285754","366497","380452","380451","0","381044","0","285754","291145","NA","0","NA","0","0","290392","381806","54027","NA","380451","LexicalDecision"
"No","878","1","2","Pseudo","3","1","1","m","/Users/florinecramer/Desktop/CCS 1/Methods in CCS/Methods_in_CCS","591","legacy","xpyriment","0.8563829787234043","m","878","0.92","hard","spal","3","57700","0","285755","285678","NA","NA","0","291149","285754","366497","381891","381890","0","382513","0","285754","291145","NA","0","NA","0","0","290392","383392","54027","NA","381890","LexicalDecision"
"No","1144","1","2","LF","2","1","1","n","/Users/florinecramer/Desktop/CCS 1/Methods in CCS/Methods_in_CCS","501","legacy","xpyriment","0.8571428571428571","n","1144","0.92","hard","gommen","3","57700","0","285755","285678","NA","NA","0","291149","285754","366497","383478","383477","0","384012","0","285754","291145","NA","0","NA","0","0","290392","385157","54027","NA","383477","LexicalDecision"
"No","1778","1","2","Pseudo","3","1","1","m","/Users/florinecramer/Desktop/CCS 1/Methods in CCS/Methods_in_CCS","521","legacy","xpyriment","0.8578947368421053","m","1778","0.92","hard","kneeën","3","57700","0","285755","285678","NA","NA","0","291149","285754","366497","385242","385241","0","385798","0","285754","291145","NA","0","NA","0","0","290392","387577","54027","NA","385241","LexicalDecision"
"No","575","0","2","LF","2","0","0","n","/Users/florinecramer/Desktop/CCS 1/Methods in CCS/Methods_in_CCS","501","legacy","xpyriment","0.8534031413612565","m","575","0.88","hard","sportlui","3","57700","0","285755","285678","NA","NA","0","291149","285754","388798","387665","387664","0","388201","0","285754","291145","NA","0","NA","0","0","290392","388777","54027","NA","387663","LexicalDecision"
"No","912","0","2","Pseudo","3","0","0","m","/Users/florinecramer/Desktop/CCS 1/Methods in CCS/Methods_in_CCS","460","legacy","xpyriment","0.8489583333333334","n","912","0.84","hard","hentje","3","57700","0","285755","285678","NA","NA","0","291149","285754","392332","390905","390904","0","391399","0","285754","291145","NA","0","NA","0","0","290392","392312","54027","NA","390904","LexicalDecision"
"No","635","1","2","Random","4","1","1","m","/Users/florinecramer/Desktop/CCS 1/Methods in CCS/Methods_in_CCS","576","legacy","xpyriment","0.8497409326424871","m","635","0.84","easy","aalg","3","57700","0","285755","285678","NA","NA","0","291149","285754","392332","394448","394447","0","395063","0","285754","291145","NA","0","NA","0","0","290392","395699","54027","NA","394447","LexicalDecision"
"No","611","1","2","LF","2","1","1","n","/Users/florinecramer/Desktop/CCS 1/Methods in CCS/Methods_in_CCS","595","legacy","xpyriment","0.8505154639175257","n","611","0.84","hard","drums","3","57700","0","285755","285678","NA","NA","0","291149","285754","392332","395782","395781","0","396411","0","285754","291145","NA","0","NA","0","0","290392","397023","54027","NA","395781","LexicalDecision"
"No","626","1","2","Pseudo","3","1","1","m","/Users/florinecramer/Desktop/CCS 1/Methods in CCS/Methods_in_CCS","553","legacy","xpyriment","0.8512820512820513","m","626","0.84","hard","onel","3","57700","0","285755","285678","NA","NA","0","291149","285754","392332","397106","397105","0","397696","0","285754","291145","NA","0","NA","0","0","290392","398322","54027","NA","397105","LexicalDecision"
"No","916","1","2","Pseudo","3","1","1","m","/Users/florinecramer/Desktop/CCS 1/Methods in CCS/Methods_in_CCS","437","legacy","xpyriment","0.8520408163265306","m","916","0.84","hard","kijzen","3","57700","0","285755","285678","NA","NA","0","291149","285754","392332","398407","398406","0","398877","0","285754","291145","NA","0","NA","0","0","290392","399794","54027","NA","398405","LexicalDecision"
"No","1114","1","2","LF","2","1","1","n","/Users/florinecramer/Desktop/CCS 1/Methods in CCS/Methods_in_CCS","574","legacy","xpyriment","0.8527918781725888","n","1114","0.84","hard","toontjes","3","57700","0","285755","285678","NA","NA","0","291149","285754","392332","399879","399878","0","400488","0","285754","291145","NA","0","NA","0","0","290392","401603","54027","NA","399878","LexicalDecision"
"No","2000","0","2","Pseudo","3","0","0","m","/Users/florinecramer/Desktop/CCS 1/Methods in CCS/Methods_in_CCS","480","legacy","xpyriment","0.8484848484848485","None","2000","0.8","hard","biek","3","57700","0","285755","285678","NA","NA","0","291149","285754","404225","401687","401686","0","402203","0","285754","291145","NA","0","NA","0","0","290392","404203","54027","NA","401686","LexicalDecision"
"No","663","1","2","Random","4","1","1","m","/Users/florinecramer/Desktop/CCS 1/Methods in CCS/Methods_in_CCS","452","legacy","xpyriment","0.8492462311557789","m","663","0.8","easy","uentttr","3","57700","0","285755","285678","NA","NA","0","291149","285754","404225","406336","406335","0","406822","0","285754","291145","NA","0","NA","0","0","290392","407486","54027","NA","406335","LexicalDecision"
"No","1255","1","2","Pseudo","3","1","1","m","/Users/florinecramer/Desktop/CCS 1/Methods in CCS/Methods_in_CCS","429","legacy","xpyriment","0.85","m","1255","0.84","hard","herm","3","57700","0","285755","285678","NA","NA","0","291149","285754","404225","407571","407569","0","408033","0","285754","291145","NA","0","NA","0","0","290392","409289","54027","NA","407569","LexicalDecision"
"No","1526","1","2","Pseudo","3","1","1","m","/Users/florinecramer/Desktop/CCS 1/Methods in CCS/Methods_in_CCS","450","legacy","xpyriment","0.8507462686567164","m","1526","0.84","hard","bereel","3","57700","0","285755","285678","NA","NA","0","291149","285754","404225","409375","409374","0","409859","0","285754","291145","NA","0","NA","0","0","290392","411386","54027","NA","409374","LexicalDecision"
"No","1323","1","2","LF","2","1","1","n","/Users/florinecramer/Desktop/CCS 1/Methods in CCS/Methods_in_CCS","552","legacy","xpyriment","0.8514851485148515","n","1323","0.84","hard","cakes","3","57700","0","285755","285678","NA","NA","0","291149","285754","404225","411472","411471","0","412065","0","285754","291145","NA","0","NA","0","0","290392","413389","54027","NA","411471","LexicalDecision"
"No","769","1","2","Random","4","1","1","m","/Users/florinecramer/Desktop/CCS 1/Methods in CCS/Methods_in_CCS","552","legacy","xpyriment","0.8522167487684729","m","769","0.88","easy","nlgtese","3","57700","0","285755","285678","NA","NA","0","291149","285754","404225","413475","413474","0","414063","0","285754","291145","NA","0","NA","0","0","290392","414833","54027","NA","413474","LexicalDecision"
"No","774","0","2","LF","2","0","0","n","/Users/florinecramer/Desktop/CCS 1/Methods in CCS/Methods_in_CCS","459","legacy","xpyriment","0.8480392156862745","m","774","0.84","hard","spatje","3","57700","0","285755","285678","NA","NA","0","291149","285754","416203","414918","414917","0","415408","0","285754","291145","NA","0","NA","0","0","290392","416183","54027","NA","414917","LexicalDecision"
"No","832","1","2","Pseudo","3","1","1","m","/Users/florinecramer/Desktop/CCS 1/Methods in CCS/Methods_in_CCS","398","legacy","xpyriment","0.848780487804878","m","832","0.84","hard","belaap","3","57700","0","285755","285678","NA","NA","0","291149","285754","416203","418315","418314","0","418749","0","285754","291145","NA","0","NA","0","0","290392","419582","54027","NA","418314","LexicalDecision"
"No","764","1","2","LF","2","1","1","n","/Users/florinecramer/Desktop/CCS 1/Methods in CCS/Methods_in_CCS","431","legacy","xpyriment","0.8495145631067961","n","764","0.84","hard","griepje","3","57700","0","285755","285678","NA","NA","0","291149","285754","416203","419665","419664","0","420128","0","285754","291145","NA","0","NA","0","0","290392","420893","54027","NA","419664","LexicalDecision"
"No","630","1","2","Pseudo","3","1","1","m","/Users/florinecramer/Desktop/CCS 1/Methods in CCS/Methods_in_CCS","418","legacy","xpyriment","0.8502415458937198","m","630","0.84","hard","begen","3","57700","0","285755","285678","NA","NA","0","291149","285754","416203","420977","420976","0","421429","0","285754","291145","NA","0","NA","0","0","290392","422060","54027","NA","420976","LexicalDecision"
"No","2000","0","2","LF","2","0","0","n","/Users/florinecramer/Desktop/CCS 1/Methods in CCS/Methods_in_CCS","450","legacy","xpyriment","0.8461538461538461","None","2000","0.8","hard","laagjes","3","57700","0","285755","285678","NA","NA","0","291149","285754","424649","422145","422144","0","422627","0","285754","291145","NA","0","NA","0","0","290392","424627","54027","NA","422144","LexicalDecision"
"No","1142","1","2","HF","1","1","1","n","/Users/florinecramer/Desktop/CCS 1/Methods in CCS/Methods_in_CCS","568","legacy","xpyriment","0.84688995215311","n","1142","0.8","easy","verloop","3","57700","0","285755","285678","NA","NA","0","291149","285754","424649","426766","426765","0","427372","0","285754","291145","NA","0","NA","0","0","290392","428515","54027","NA","426765","LexicalDecision"
"No","551","1","2","LF","2","1","1","n","/Users/florinecramer/Desktop/CCS 1/Methods in CCS/Methods_in_CCS","556","legacy","xpyriment","0.8476190476190476","n","551","0.8","hard","lolly's","3","57700","0","285755","285678","NA","NA","0","291149","285754","424649","428602","428601","0","429193","0","285754","291145","NA","0","NA","0","0","290392","429745","54027","NA","428601","LexicalDecision"
"No","458","1","2","LF","2","1","1","n","/Users/florinecramer/Desktop/CCS 1/Methods in CCS/Methods_in_CCS","545","legacy","xpyriment","0.8483412322274881","n","458","0.8","hard","marker","3","57700","0","285755","285678","NA","NA","0","291149","285754","424649","429830","429829","0","430411","0","285754","291145","NA","0","NA","0","0","290392","430870","54027","NA","429829","LexicalDecision"
"No","391","0","2","Pseudo","3","0","0","m","/Users/florinecramer/Desktop/CCS 1/Methods in CCS/Methods_in_CCS","586","legacy","xpyriment","0.8443396226415094","n","391","0.76","hard","stolm","3","57700","0","285755","285678","NA","NA","0","291149","285754","431984","430955","430954","0","431572","0","285754","291145","NA","0","NA","0","0","290392","431964","54027","NA","430954","LexicalDecision"
"No","683","1","2","HF","1","1","1","n","/Users/florinecramer/Desktop/CCS 1/Methods in CCS/Methods_in_CCS","579","legacy","xpyriment","0.8450704225352113","n","683","0.76","easy","apart","3","57700","0","285755","285678","NA","NA","0","291149","285754","431984","434096","434095","0","434706","0","285754","291145","NA","0","NA","0","0","290392","435390","54027","NA","434095","LexicalDecision"
"No","704","0","2","LF","2","0","0","n","/Users/florinecramer/Desktop/CCS 1/Methods in CCS/Methods_in_CCS","578","legacy","xpyriment","0.8411214953271028","m","704","0.72","hard","hoogtes","3","57700","0","285755","285678","NA","NA","0","291149","285754","436816","435474","435473","0","436091","0","285754","291145","NA","0","NA","0","0","290392","436796","54027","NA","435473","LexicalDecision"
"No","653","1","2","LF","2","1","1","n","/Users/florinecramer/Desktop/CCS 1/Methods in CCS/Methods_in_CCS","529","legacy","xpyriment","0.8418604651162791","n","653","0.72","hard","zeemeeuw","3","57700","0","285755","285678","NA","NA","0","291149","285754","436816","438931","438930","0","439498","0","285754","291145","NA","0","NA","0","0","290392","440152","54027","NA","438930","LexicalDecision"
"No","860","1","2","Pseudo","3","1","1","m","/Users/florinecramer/Desktop/CCS 1/Methods in CCS/Methods_in_CCS","450","legacy","xpyriment","0.8425925925925926","m","860","0.76","hard","vanwels","3","57700","0","285755","285678","NA","NA","0","291149","285754","436816","440237","440236","0","440723","0","285754","291145","NA","0","NA","0","0","290392","441584","54027","NA","440236","LexicalDecision"
"No","1089","1","2","Pseudo","3","1","1","m","/Users/florinecramer/Desktop/CCS 1/Methods in CCS/Methods_in_CCS","506","legacy","xpyriment","0.8433179723502304","m","1089","0.8","hard","groonste","3","57700","0","285755","285678","NA","NA","0","291149","285754","436816","441669","441668","0","442212","0","285754","291145","NA","0","NA","0","0","290392","443302","54027","NA","441668","LexicalDecision"
"No","1124","1","2","Pseudo","3","1","1","m","/Users/florinecramer/Desktop/CCS 1/Methods in CCS/Methods_in_CCS","584","legacy","xpyriment","0.8440366972477065","m","1124","0.8","hard","hien","3","57700","0","285755","285678","NA","NA","0","291149","285754","436816","443388","443387","0","444007","0","285754","291145","NA","0","NA","0","0","290392","445132","54027","NA","443387","LexicalDecision"
"No","793","1","2","LF","2","1","1","n","/Users/florinecramer/Desktop/CCS 1/Methods in CCS/Methods_in_CCS","478","legacy","xpyriment","0.8447488584474886","n","793","0.8","hard","lieverds","3","57700","0","285755","285678","NA","NA","0","291149","285754","436816","445217","445216","0","445726","0","285754","291145","NA","0","NA","0","0","290392","446520","54027","NA","445216","LexicalDecision"
"No","684","1","2","Pseudo","3","1","1","m","/Users/florinecramer/Desktop/CCS 1/Methods in CCS/Methods_in_CCS","458","legacy","xpyriment","0.8454545454545455","m","684","0.8","hard","laler","3","57700","0","285755","285678","NA","NA","0","291149","285754","436816","446603","446602","0","447099","0","285754","291145","NA","0","NA","0","0","290392","447784","54027","NA","446602","LexicalDecision"
"No","834","1","2","LF","2","1","1","n","/Users/florinecramer/Desktop/CCS 1/Methods in CCS/Methods_in_CCS","565","legacy","xpyriment","0.8461538461538461","n","834","0.8","hard","pruikje","3","57700","0","285755","285678","NA","NA","0","291149","285754","436816","447868","447867","0","448466","0","285754","291145","NA","0","NA","0","0","290392","449301","54027","NA","447867","LexicalDecision"
"No","1082","0","2","Pseudo","3","0","0","m","/Users/florinecramer/Desktop/CCS 1/Methods in CCS/Methods_in_CCS","528","legacy","xpyriment","0.8423423423423423","n","1082","0.76","hard","moekten","3","57700","0","285755","285678","NA","NA","0","291149","285754","451062","449387","449386","0","449958","0","285754","291145","NA","0","NA","0","0","290392","451041","54027","NA","449386","LexicalDecision"
"No","1042","1","2","LF","2","1","1","n","/Users/florinecramer/Desktop/CCS 1/Methods in CCS/Methods_in_CCS","471","legacy","xpyriment","0.8430493273542601","n","1042","0.8","hard","koopjes","3","57700","0","285755","285678","NA","NA","0","291149","285754","451062","453180","453179","0","453688","0","285754","291145","NA","0","NA","0","0","290392","454731","54027","NA","453179","LexicalDecision"
"No","744","1","2","HF","1","1","1","n","/Users/florinecramer/Desktop/CCS 1/Methods in CCS/Methods_in_CCS","585","legacy","xpyriment","0.84375","n","744","0.8","easy","fouten","3","57700","0","285755","285678","NA","NA","0","291149","285754","451062","454815","454814","0","455426","0","285754","291145","NA","0","NA","0","0","290392","456171","54027","NA","454814","LexicalDecision"
"No","713","1","2","LF","2","1","1","n","/Users/florinecramer/Desktop/CCS 1/Methods in CCS/Methods_in_CCS","595","legacy","xpyriment","0.8444444444444444","n","713","0.8","hard","borstje","3","57700","0","285755","285678","NA","NA","0","291149","285754","451062","456256","456255","0","456888","0","285754","291145","NA","0","NA","0","0","290392","457601","54027","NA","456255","LexicalDecision"
"No","649","1","2","Random","4","1","1","m","/Users/florinecramer/Desktop/CCS 1/Methods in CCS/Methods_in_CCS","540","legacy","xpyriment","0.8451327433628318","m","649","0.8","easy","osgrle","3","57700","0","285755","285678","NA","NA","0","291149","285754","451062","457686","457685","0","458266","0","285754","291145","NA","0","NA","0","0","290392","458916","54027","NA","457685","LexicalDecision"
"No","974","1","2","LF","2","1","1","n","/Users/florinecramer/Desktop/CCS 1/Methods in CCS/Methods_in_CCS","418","legacy","xpyriment","0.8458149779735683","n","974","0.8","hard","kruikjes","3","57700","0","285755","285678","NA","NA","0","291149","285754","451062","459000","458999","0","459446","0","285754","291145","NA","0","NA","0","0","290392","460421","54027","NA","458999","LexicalDecision"
"No","1053","1","2","Pseudo","3","1","1","m","/Users/florinecramer/Desktop/CCS 1/Methods in CCS/Methods_in_CCS","504","legacy","xpyriment","0.8464912280701754","m","1053","0.8","hard","gebaan","3","57700","0","285755","285678","NA","NA","0","291149","285754","451062","460505","460504","0","461044","0","285754","291145","NA","0","NA","0","0","290392","462098","54027","NA","460504","LexicalDecision"
"No","816","1","2","LF","2","1","1","n","/Users/florinecramer/Desktop/CCS 1/Methods in CCS/Methods_in_CCS","471","legacy","xpyriment","0.8471615720524017","n","816","0.84","hard","item","3","57700","0","285755","285678","NA","NA","0","291149","285754","451062","462183","462182","0","462689","0","285754","291145","NA","0","NA","0","0","290392","463506","54027","NA","462182","LexicalDecision"
"No","1234","1","2","Pseudo","3","1","1","m","/Users/florinecramer/Desktop/CCS 1/Methods in CCS/Methods_in_CCS","563","legacy","xpyriment","0.8478260869565217","m","1234","0.84","hard","tetso","3","57700","0","285755","285678","NA","NA","0","291149","285754","451062","463591","463590","0","464188","0","285754","291145","NA","0","NA","0","0","290392","465423","54027","NA","463590","LexicalDecision"
"No","1696","1","2","Pseudo","3","1","1","m","/Users/florinecramer/Desktop/CCS 1/Methods in CCS/Methods_in_CCS","562","legacy","xpyriment","0.8484848484848485","m","1696","0.84","hard","kieden","3","57700","0","285755","285678","NA","NA","0","291149","285754","451062","465509","465508","0","466099","0","285754","291145","NA","0","NA","0","0","290392","467796","54027","NA","465507","LexicalDecision"
"No","692","1","2","Pseudo","3","1","1","m","/Users/florinecramer/Desktop/CCS 1/Methods in CCS/Methods_in_CCS","460","legacy","xpyriment","0.8491379310344828","m","692","0.84","hard","nonder","3","57700","0","285755","285678","NA","NA","0","291149","285754","451062","467882","467881","0","468373","0","285754","291145","NA","0","NA","0","0","290392","469066","54027","NA","467881","LexicalDecision"
"No","702","1","2","LF","2","1","1","n","/Users/florinecramer/Desktop/CCS 1/Methods in CCS/Methods_in_CCS","568","legacy","xpyriment","0.8497854077253219","n","702","0.88","hard","orgels","3","57700","0","285755","285678","NA","NA","0","291149","285754","451062","469149","469148","0","469747","0","285754","291145","NA","0","NA","0","0","290392","470450","54027","NA","469148","LexicalDecision"
"No","938","1","2","Pseudo","3","1","1","m","/Users/florinecramer/Desktop/CCS 1/Methods in CCS/Methods_in_CCS","530","legacy","xpyriment","0.8504273504273504","m","938","0.88","hard","brop","3","57700","0","285755","285678","NA","NA","0","291149","285754","451062","470534","470533","0","471101","0","285754","291145","NA","0","NA","0","0","290392","472040","54027","NA","470533","LexicalDecision"
"No","676","1","2","HF","1","1","1","n","/Users/florinecramer/Desktop/CCS 1/Methods in CCS/Methods_in_CCS","542","legacy","xpyriment","0.851063829787234","n","676","0.88","easy","staat","3","57700","0","285755","285678","NA","NA","0","291149","285754","451062","472124","472123","0","472702","0","285754","291145","NA","0","NA","0","0","290392","473379","54027","NA","472123","LexicalDecision"
"No","744","1","2","Pseudo","3","1","1","m","/Users/florinecramer/Desktop/CCS 1/Methods in CCS/Methods_in_CCS","547","legacy","xpyriment","0.8516949152542372","m","744","0.88","hard","kichten","3","57700","0","285755","285678","NA","NA","0","291149","285754","451062","473463","473462","0","474038","0","285754","291145","NA","0","NA","0","0","290392","474783","54027","NA","473462","LexicalDecision"
"No","1082","1","2","Pseudo","3","1","1","m","/Users/florinecramer/Desktop/CCS 1/Methods in CCS/Methods_in_CCS","509","legacy","xpyriment","0.8523206751054853","m","1082","0.92","hard","bliemen","3","57700","0","285755","285678","NA","NA","0","291149","285754","451062","474868","474867","0","475414","0","285754","291145","NA","0","NA","0","0","290392","476497","54027","NA","474867","LexicalDecision"
"No","941","1","2","LF","2","1","1","n","/Users/florinecramer/Desktop/CCS 1/Methods in CCS/Methods_in_CCS","461","legacy","xpyriment","0.8529411764705882","n","941","0.92","hard","hoepels","3","57700","0","285755","285678","NA","NA","0","291149","285754","451062","476581","476580","0","477078","0","285754","291145","NA","0","NA","0","0","290392","478020","54027","NA","476580","LexicalDecision"
"No","1602","1","2","LF","2","1","1","n","/Users/florinecramer/Desktop/CCS 1/Methods in CCS/Methods_in_CCS","413","legacy","xpyriment","0.8535564853556485","n","1602","0.96","hard","wieltje","3","57700","0","285755","285678","NA","NA","0","291149","285754","451062","478103","478102","0","478544","0","285754","291145","NA","0","NA","0","0","290392","480147","54027","NA","478102","LexicalDecision"
"No","1287","1","2","Pseudo","3","1","1","m","/Users/florinecramer/Desktop/CCS 1/Methods in CCS/Methods_in_CCS","507","legacy","xpyriment","0.8541666666666666","m","1287","0.96","hard","walruit","3","57700","0","285755","285678","NA","NA","0","291149","285754","451062","480232","480231","0","480774","0","285754","291145","NA","0","NA","0","0","290392","482062","54027","NA","480231","LexicalDecision"
"No","697","1","2","LF","2","1","1","n","/Users/florinecramer/Desktop/CCS 1/Methods in CCS/Methods_in_CCS","572","legacy","xpyriment","0.8547717842323651","n","697","0.96","hard","coupon","3","57700","0","285755","285678","NA","NA","0","291149","285754","451062","482148","482147","0","482753","0","285754","291145","NA","0","NA","0","0","290392","483451","54027","NA","482147","LexicalDecision"
"No","1058","1","2","LF","2","1","1","n","/Users/florinecramer/Desktop/CCS 1/Methods in CCS/Methods_in_CCS","562","legacy","xpyriment","0.8553719008264463","n","1058","0.96","hard","punk","3","57700","0","285755","285678","NA","NA","0","291149","285754","451062","483536","483535","0","484131","0","285754","291145","NA","0","NA","0","0","290392","485190","54027","NA","483535","LexicalDecision"
"No","762","1","2","Pseudo","3","1","1","m","/Users/florinecramer/Desktop/CCS 1/Methods in CCS/Methods_in_CCS","523","legacy","xpyriment","0.8559670781893004","m","762","0.96","hard","pabt","3","57700","0","285755","285678","NA","NA","0","291149","285754","451062","485273","485272","0","485830","0","285754","291145","NA","0","NA","0","0","290392","486593","54027","NA","485272","LexicalDecision"
"No","1363","1","2","Pseudo","3","1","1","m","/Users/florinecramer/Desktop/CCS 1/Methods in CCS/Methods_in_CCS","498","legacy","xpyriment","0.8565573770491803","m","1363","0.96","hard","ribier","3","57700","0","285755","285678","NA","NA","0","291149","285754","451062","486679","486677","0","487210","0","285754","291145","NA","0","NA","0","0","290392","488574","54027","NA","486677","LexicalDecision"
"No","839","1","2","Pseudo","3","1","1","m","/Users/florinecramer/Desktop/CCS 1/Methods in CCS/Methods_in_CCS","435","legacy","xpyriment","0.8571428571428571","m","839","0.96","hard","gemal","3","57700","0","285755","285678","NA","NA","0","291149","285754","451062","488659","488658","0","489130","0","285754","291145","NA","0","NA","0","0","290392","489970","54027","NA","488658","LexicalDecision"
"No","796","1","2","LF","2","1","1","n","/Users/florinecramer/Desktop/CCS 1/Methods in CCS/Methods_in_CCS","398","legacy","xpyriment","0.8577235772357723","n","796","0.96","hard","zangen","3","57700","0","285755","285678","NA","NA","0","291149","285754","451062","490053","490052","0","490488","0","285754","291145","NA","0","NA","0","0","290392","491285","54027","NA","490052","LexicalDecision"
"No","626","1","2","Random","4","1","1","m","/Users/florinecramer/Desktop/CCS 1/Methods in CCS/Methods_in_CCS","459","legacy","xpyriment","0.8582995951417004","m","626","1.0","easy","twrjeas","3","57700","0","285755","285678","NA","NA","0","291149","285754","451062","491369","491368","0","491863","0","285754","291145","NA","0","NA","0","0","290392","492490","54027","NA","491368","LexicalDecision"
"No","1213","1","2","Pseudo","3","1","1","m","/Users/florinecramer/Desktop/CCS 1/Methods in CCS/Methods_in_CCS","554","legacy","xpyriment","0.8588709677419355","m","1213","1.0","hard","meken","3","57700","0","285755","285678","NA","NA","0","291149","285754","451062","492574","492572","0","493159","0","285754","291145","NA","0","NA","0","0","290392","494373","54027","NA","492572","LexicalDecision"
"No","789","1","2","LF","2","1","1","n","/Users/florinecramer/Desktop/CCS 1/Methods in CCS/Methods_in_CCS","500","legacy","xpyriment","0.8594377510040161","n","789","1.0","hard","zwaantje","3","57700","0","285755","285678","NA","NA","0","291149","285754","451062","494458","494457","0","494991","0","285754","291145","NA","0","NA","0","0","290392","495781","54027","NA","494456","LexicalDecision"
"No","1092","1","2","LF","2","1","1","n","/Users/florinecramer/Desktop/CCS 1/Methods in CCS/Methods_in_CCS","572","legacy","xpyriment","0.86","n","1092","1.0","hard","trippen","3","57700","0","285755","285678","NA","NA","0","291149","285754","451062","495865","495864","0","496471","0","285754","291145","NA","0","NA","0","0","290392","497564","54027","NA","495864","LexicalDecision"
"No","660","1","2","LF","2","1","1","n","/Users/florinecramer/Desktop/CCS 1/Methods in CCS/Methods_in_CCS","465","legacy","xpyriment","0.8605577689243028","n","660","1.0","hard","zitjes","3","57700","0","285755","285678","NA","NA","0","291149","285754","451062","497649","497648","0","498147","0","285754","291145","NA","0","NA","0","0","290392","498808","54027","NA","497648","LexicalDecision"
"No","599","1","2","Pseudo","3","1","1","m","/Users/florinecramer/Desktop/CCS 1/Methods in CCS/Methods_in_CCS","455","legacy","xpyriment","0.8611111111111112","m","599","1.0","hard","dintraal","3","57700","0","285755","285678","NA","NA","0","291149","285754","451062","498891","498890","0","499378","0","285754","291145","NA","0","NA","0","0","290392","499978","54027","NA","498890","LexicalDecision"
"No","812","1","2","Pseudo","3","1","1","m","/Users/florinecramer/Desktop/CCS 1/Methods in CCS/Methods_in_CCS","472","legacy","xpyriment","0.8616600790513834","m","812","1.0","hard","goom","3","57700","0","285755","285678","NA","NA","0","291149","285754","451062","500062","500061","0","500567","0","285754","291145","NA","0","NA","0","0","290392","501380","54027","NA","500061","LexicalDecision"
"No","1328","1","2","Pseudo","3","1","1","m","/Users/florinecramer/Desktop/CCS 1/Methods in CCS/Methods_in_CCS","563","legacy","xpyriment","0.8622047244094488","m","1328","1.0","hard","gedecht","3","57700","0","285755","285678","NA","NA","0","291149","285754","451062","501464","501462","0","502056","0","285754","291145","NA","0","NA","0","0","290392","503385","54027","NA","501462","LexicalDecision"
"No","1025","1","2","LF","2","1","1","n","/Users/florinecramer/Desktop/CCS 1/Methods in CCS/Methods_in_CCS","417","legacy","xpyriment","0.8627450980392157","n","1025","1.0","hard","hekjes","3","57700","0","285755","285678","NA","NA","0","291149","285754","451062","503471","503470","0","503918","0","285754","291145","NA","0","NA","0","0","290392","504944","54027","NA","503470","LexicalDecision"
"No","713","1","2","LF","2","1","1","n","/Users/florinecramer/Desktop/CCS 1/Methods in CCS/Methods_in_CCS","444","legacy","xpyriment","0.86328125","n","713","1.0","hard","fooitje","3","57700","0","285755","285678","NA","NA","0","291149","285754","451062","505029","505028","0","505513","0","285754","291145","NA","0","NA","0","0","290392","506227","54027","NA","505028","LexicalDecision"
"No","1199","1","2","Pseudo","3","1","1","m","/Users/florinecramer/Desktop/CCS 1/Methods in CCS/Methods_in_CCS","413","legacy","xpyriment","0.8638132295719845","m","1199","1.0","hard","kwap","3","57700","0","285755","285678","NA","NA","0","291149","285754","451062","506310","506309","0","506759","0","285754","291145","NA","0","NA","0","0","290392","507959","54027","NA","506309","LexicalDecision"
"No","638","1","2","LF","2","1","1","n","/Users/florinecramer/Desktop/CCS 1/Methods in CCS/Methods_in_CCS","487","legacy","xpyriment","0.8643410852713178","n","638","1.0","hard","racist","3","57700","0","285755","285678","NA","NA","0","291149","285754","451062","508043","508042","0","508562","0","285754","291145","NA","0","NA","0","0","290392","509201","54027","NA","508042","LexicalDecision"
"No","678","1","2","LF","2","1","1","n","/Users/florinecramer/Desktop/CCS 1/Methods in CCS/Methods_in_CCS","496","legacy","xpyriment","0.8648648648648649","n","678","1.0","hard","mango's","3","57700","0","285755","285678","NA","NA","0","291149","285754","451062","509285","509284","0","509815","0","285754","291145","NA","0","NA","0","0","290392","510494","54027","NA","509284","LexicalDecision"
"No","937","1","2","LF","2","1","1","n","/Users/florinecramer/Desktop/CCS 1/Methods in CCS/Methods_in_CCS","519","legacy","xpyriment","0.8653846153846154","n","937","1.0","hard","tellers","3","57700","0","285755","285678","NA","NA","0","291149","285754","451062","510578","510577","0","511136","0","285754","291145","NA","0","NA","0","0","290392","512074","54027","NA","510577","LexicalDecision"
"No","593","1","2","LF","2","1","1","n","/Users/florinecramer/Desktop/CCS 1/Methods in CCS/Methods_in_CCS","524","legacy","xpyriment","0.8659003831417624","n","593","1.0","hard","framboos","3","57700","0","285755","285678","NA","NA","0","291149","285754","451062","512159","512158","0","512716","0","285754","291145","NA","0","NA","0","0","290392","513310","54027","NA","512158","LexicalDecision"
"No","717","1","2","Pseudo","3","1","1","m","/Users/florinecramer/Desktop/CCS 1/Methods in CCS/Methods_in_CCS","517","legacy","xpyriment","0.8664122137404581","m","717","1.0","hard","gepricht","3","57700","0","285755","285678","NA","NA","0","291149","285754","451062","513395","513394","0","513948","0","285754","291145","NA","0","NA","0","0","290392","514667","54027","NA","513394","LexicalDecision"
"No","625","1","2","LF","2","1","1","n","/Users/florinecramer/Desktop/CCS 1/Methods in CCS/Methods_in_CCS","404","legacy","xpyriment","0.8669201520912547","n","625","1.0","hard","honkbal","3","57700","0","285755","285678","NA","NA","0","291149","285754","451062","514749","514748","0","515183","0","285754","291145","NA","0","NA","0","0","290392","515809","54027","NA","514748","LexicalDecision"
"No","757","1","2","Pseudo","3","1","1","m","/Users/florinecramer/Desktop/CCS 1/Methods in CCS/Methods_in_CCS","431","legacy","xpyriment","0.8674242424242424","m","757","1.0","hard","kemen","3","57700","0","285755","285678","NA","NA","0","291149","285754","451062","515893","515892","0","516353","0","285754","291145","NA","0","NA","0","0","290392","517111","54027","NA","515892","LexicalDecision"
"No","797","1","2","LF","2","1","1","n","/Users/florinecramer/Desktop/CCS 1/Methods in CCS/Methods_in_CCS","428","legacy","xpyriment","0.8679245283018868","n","797","1.0","hard","starters","3","57700","0","285755","285678","NA","NA","0","291149","285754","451062","517195","517194","0","517651","0","285754","291145","NA","0","NA","0","0","290392","518449","54027","NA","517194","LexicalDecision"
"No","656","1","2","Random","4","1","1","m","/Users/florinecramer/Desktop/CCS 1/Methods in CCS/Methods_in_CCS","436","legacy","xpyriment","0.868421052631579","m","656","1.0","easy","egtjjwi","3","57700","0","285755","285678","NA","NA","0","291149","285754","451062","518534","518533","0","519006","0","285754","291145","NA","0","NA","0","0","290392","519663","54027","NA","518533","LexicalDecision"
"No","736","1","2","Pseudo","3","1","1","m","/Users/florinecramer/Desktop/CCS 1/Methods in CCS/Methods_in_CCS","528","legacy","xpyriment","0.8689138576779026","m","736","1.0","hard","verheerd","3","57700","0","285755","285678","NA","NA","0","291149","285754","451062","519747","519746","0","520314","0","285754","291145","NA","0","NA","0","0","290392","521051","54027","NA","519746","LexicalDecision"
"No","797","1","2","LF","2","1","1","n","/Users/florinecramer/Desktop/CCS 1/Methods in CCS/Methods_in_CCS","397","legacy","xpyriment","0.8694029850746269","n","797","1.0","hard","poepje","3","57700","0","285755","285678","NA","NA","0","291149","285754","451062","521135","521134","0","521572","0","285754","291145","NA","0","NA","0","0","290392","522370","54027","NA","521134","LexicalDecision"
"No","781","1","2","LF","2","1","1","n","/Users/florinecramer/Desktop/CCS 1/Methods in CCS/Methods_in_CCS","518","legacy","xpyriment","0.8698884758364313","n","781","1.0","hard","forums","3","57700","0","285755","285678","NA","NA","0","291149","285754","451062","522454","522453","0","523009","0","285754","291145","NA","0","NA","0","0","290392","523792","54027","NA","522453","LexicalDecision"
"No","683","1","2","Pseudo","3","1","1","m","/Users/florinecramer/Desktop/CCS 1/Methods in CCS/Methods_in_CCS","590","legacy","xpyriment","0.8703703703703703","m","683","1.0","hard","mard","3","57700","0","285755","285678","NA","NA","0","291149","285754","451062","523877","523876","0","524500","0","285754","291145","NA","0","NA","0","0","290392","525184","54027","NA","523875","LexicalDecision"
"No","568","0","3","LF","2","0","0","n","/Users/florinecramer/Desktop/CCS 1/Methods in CCS/Methods_in_CCS","441","legacy","xpyriment","0.8671586715867159","m","568","0.96","hard","boezems","3","57700","0","525292","525216","NA","NA","0","530720","525291","531857","530774","530773","0","531267","0","525291","530717","NA","0","NA","0","0","529964","531836","54027","NA","530773","LexicalDecision"
"No","660","1","3","Pseudo","3","1","1","m","/Users/florinecramer/Desktop/CCS 1/Methods in CCS/Methods_in_CCS","444","legacy","xpyriment","0.8676470588235294","m","660","0.96","hard","voorbern","3","57700","0","525292","525216","NA","NA","0","530720","525291","531857","533963","533962","0","534444","0","525291","530717","NA","0","NA","0","0","529964","535105","54027","NA","533962","LexicalDecision"
"No","526","0","3","LF","2","0","0","n","/Users/florinecramer/Desktop/CCS 1/Methods in CCS/Methods_in_CCS","484","legacy","xpyriment","0.8644688644688645","m","526","0.92","hard","shirts","3","57700","0","525292","525216","NA","NA","0","530720","525291","536248","535189","535188","0","535702","0","525291","530717","NA","0","NA","0","0","529964","536229","54027","NA","535188","LexicalDecision"
"No","729","1","3","Random","4","1","1","m","/Users/florinecramer/Desktop/CCS 1/Methods in CCS/Methods_in_CCS","466","legacy","xpyriment","0.864963503649635","m","729","0.92","easy","ujekde","3","57700","0","525292","525216","NA","NA","0","530720","525291","536248","538367","538366","0","538865","0","525291","530717","NA","0","NA","0","0","529964","539595","54027","NA","538366","LexicalDecision"
"No","955","1","3","LF","2","1","1","n","/Users/florinecramer/Desktop/CCS 1/Methods in CCS/Methods_in_CCS","474","legacy","xpyriment","0.8654545454545455","n","955","0.92","hard","leeuwtje","3","57700","0","525292","525216","NA","NA","0","530720","525291","536248","539679","539678","0","540187","0","525291","530717","NA","0","NA","0","0","529964","541143","54027","NA","539678","LexicalDecision"
"No","736","1","3","Pseudo","3","1","1","m","/Users/florinecramer/Desktop/CCS 1/Methods in CCS/Methods_in_CCS","590","legacy","xpyriment","0.8659420289855072","m","736","0.92","hard","fede","3","57700","0","525292","525216","NA","NA","0","530720","525291","536248","541227","541226","0","541856","0","525291","530717","NA","0","NA","0","0","529964","542593","54027","NA","541226","LexicalDecision"
"No","1701","1","3","LF","2","1","1","n","/Users/florinecramer/Desktop/CCS 1/Methods in CCS/Methods_in_CCS","441","legacy","xpyriment","0.8664259927797834","n","1701","0.92","hard","stunts","3","57700","0","525292","525216","NA","NA","0","530720","525291","536248","542678","542677","0","543147","0","525291","530717","NA","0","NA","0","0","529964","544849","54027","NA","542677","LexicalDecision"
"No","641","1","3","Random","4","1","1","m","/Users/florinecramer/Desktop/CCS 1/Methods in CCS/Methods_in_CCS","483","legacy","xpyriment","0.8669064748201439","m","641","0.92","easy","dnoser","3","57700","0","525292","525216","NA","NA","0","530720","525291","536248","544934","544933","0","545457","0","525291","530717","NA","0","NA","0","0","529964","546099","54027","NA","544933","LexicalDecision"
"No","950","0","3","Pseudo","3","0","0","m","/Users/florinecramer/Desktop/CCS 1/Methods in CCS/Methods_in_CCS","430","legacy","xpyriment","0.8637992831541219","n","950","0.88","hard","dechten","3","57700","0","525292","525216","NA","NA","0","530720","525291","547614","546183","546182","0","546643","0","525291","530717","NA","0","NA","0","0","529964","547594","54027","NA","546182","LexicalDecision"
"No","657","1","3","LF","2","1","1","n","/Users/florinecramer/Desktop/CCS 1/Methods in CCS/Methods_in_CCS","489","legacy","xpyriment","0.8642857142857143","n","657","0.88","hard","strikje","3","57700","0","525292","525216","NA","NA","0","530720","525291","547614","549726","549725","0","550248","0","525291","530717","NA","0","NA","0","0","529964","550906","54027","NA","549725","LexicalDecision"
"No","678","1","3","Pseudo","3","1","1","m","/Users/florinecramer/Desktop/CCS 1/Methods in CCS/Methods_in_CCS","498","legacy","xpyriment","0.8647686832740213","m","678","0.88","hard","vinter","3","57700","0","525292","525216","NA","NA","0","530720","525291","547614","550991","550990","0","551520","0","525291","530717","NA","0","NA","0","0","529964","552199","54027","NA","550990","LexicalDecision"
"No","647","1","3","LF","2","1","1","n","/Users/florinecramer/Desktop/CCS 1/Methods in CCS/Methods_in_CCS","501","legacy","xpyriment","0.8652482269503546","n","647","0.88","hard","miertje","3","57700","0","525292","525216","NA","NA","0","530720","525291","547614","552283","552282","0","552817","0","525291","530717","NA","0","NA","0","0","529964","553465","54027","NA","552282","LexicalDecision"
"No","654","1","3","HF","1","1","1","n","/Users/florinecramer/Desktop/CCS 1/Methods in CCS/Methods_in_CCS","567","legacy","xpyriment","0.8657243816254417","n","654","0.88","easy","titel","3","57700","0","525292","525216","NA","NA","0","530720","525291","547614","553549","553548","0","554148","0","525291","530717","NA","0","NA","0","0","529964","554803","54027","NA","553548","LexicalDecision"
"No","640","1","3","Random","4","1","1","m","/Users/florinecramer/Desktop/CCS 1/Methods in CCS/Methods_in_CCS","576","legacy","xpyriment","0.8661971830985915","m","640","0.88","easy","esdsetrs","3","57700","0","525292","525216","NA","NA","0","530720","525291","547614","554887","554886","0","555503","0","525291","530717","NA","0","NA","0","0","529964","556144","54027","NA","554886","LexicalDecision"
"No","709","0","3","Pseudo","3","0","0","m","/Users/florinecramer/Desktop/CCS 1/Methods in CCS/Methods_in_CCS","481","legacy","xpyriment","0.8631578947368421","n","709","0.84","hard","bijders","3","57700","0","525292","525216","NA","NA","0","530720","525291","557480","556229","556228","0","556750","0","525291","530717","NA","0","NA","0","0","529964","557459","54027","NA","556228","LexicalDecision"
"No","1286","1","3","LF","2","1","1","n","/Users/florinecramer/Desktop/CCS 1/Methods in CCS/Methods_in_CCS","487","legacy","xpyriment","0.8636363636363636","n","1286","0.84","hard","zalfjes","3","57700","0","525292","525216","NA","NA","0","530720","525291","557480","559592","559591","0","560112","0","525291","530717","NA","0","NA","0","0","529964","561400","54027","NA","559591","LexicalDecision"
"No","557","1","3","HF","1","1","1","n","/Users/florinecramer/Desktop/CCS 1/Methods in CCS/Methods_in_CCS","590","legacy","xpyriment","0.8641114982578397","n","557","0.84","easy","scheppen","3","57700","0","525292","525216","NA","NA","0","530720","525291","557480","561485","561484","0","562109","0","525291","530717","NA","0","NA","0","0","529964","562667","54027","NA","561484","LexicalDecision"
"No","666","1","3","LF","2","1","1","n","/Users/florinecramer/Desktop/CCS 1/Methods in CCS/Methods_in_CCS","470","legacy","xpyriment","0.8645833333333334","n","666","0.84","hard","esdoorn","3","57700","0","525292","525216","NA","NA","0","530720","525291","557480","562753","562752","0","563268","0","525291","530717","NA","0","NA","0","0","529964","563935","54027","NA","562752","LexicalDecision"
"No","652","1","3","HF","1","1","1","n","/Users/florinecramer/Desktop/CCS 1/Methods in CCS/Methods_in_CCS","409","legacy","xpyriment","0.8650519031141869","n","652","0.84","easy","groter","3","57700","0","525292","525216","NA","NA","0","530720","525291","557480","564019","564018","0","564465","0","525291","530717","NA","0","NA","0","0","529964","565118","54027","NA","564018","LexicalDecision"
"No","596","1","3","HF","1","1","1","n","/Users/florinecramer/Desktop/CCS 1/Methods in CCS/Methods_in_CCS","540","legacy","xpyriment","0.8655172413793103","n","596","0.84","easy","wijs","3","57700","0","525292","525216","NA","NA","0","530720","525291","557480","565201","565200","0","565779","0","525291","530717","NA","0","NA","0","0","529964","566376","54027","NA","565200","LexicalDecision"
"No","466","0","3","Pseudo","3","0","0","m","/Users/florinecramer/Desktop/CCS 1/Methods in CCS/Methods_in_CCS","441","legacy","xpyriment","0.8625429553264605","n","466","0.8","hard","hoemen","3","57700","0","525292","525216","NA","NA","0","530720","525291","567424","566462","566461","0","566937","0","525291","530717","NA","0","NA","0","0","529964","567404","54027","NA","566461","LexicalDecision"
"No","655","1","3","LF","2","1","1","n","/Users/florinecramer/Desktop/CCS 1/Methods in CCS/Methods_in_CCS","571","legacy","xpyriment","0.863013698630137","n","655","0.8","hard","biscuits","3","57700","0","525292","525216","NA","NA","0","530720","525291","567424","569543","569542","0","570143","0","525291","530717","NA","0","NA","0","0","529964","570799","54027","NA","569542","LexicalDecision"
"No","966","1","3","HF","1","1","1","n","/Users/florinecramer/Desktop/CCS 1/Methods in CCS/Methods_in_CCS","562","legacy","xpyriment","0.863481228668942","n","966","0.8","easy","sporen","3","57700","0","525292","525216","NA","NA","0","530720","525291","567424","570883","570882","0","571478","0","525291","530717","NA","0","NA","0","0","529964","572445","54027","NA","570881","LexicalDecision"
"No","642","1","3","Pseudo","3","1","1","m","/Users/florinecramer/Desktop/CCS 1/Methods in CCS/Methods_in_CCS","585","legacy","xpyriment","0.8639455782312925","m","642","0.8","hard","oken","3","57700","0","525292","525216","NA","NA","0","530720","525291","567424","572530","572528","0","573145","0","525291","530717","NA","0","NA","0","0","529964","573788","54027","NA","572528","LexicalDecision"
"No","629","1","3","LF","2","1","1","n","/Users/florinecramer/Desktop/CCS 1/Methods in CCS/Methods_in_CCS","488","legacy","xpyriment","0.864406779661017","n","629","0.8","hard","augurk","3","57700","0","525292","525216","NA","NA","0","530720","525291","567424","573873","573872","0","574392","0","525291","530717","NA","0","NA","0","0","529964","575022","54027","NA","573872","LexicalDecision"
"No","592","1","3","HF","1","1","1","n","/Users/florinecramer/Desktop/CCS 1/Methods in CCS/Methods_in_CCS","594","legacy","xpyriment","0.8648648648648649","n","592","0.84","easy","verliefd","3","57700","0","525292","525216","NA","NA","0","530720","525291","567424","575106","575105","0","575736","0","525291","530717","NA","0","NA","0","0","529964","576329","54027","NA","575105","LexicalDecision"
"No","578","1","3","HF","1","1","1","n","/Users/florinecramer/Desktop/CCS 1/Methods in CCS/Methods_in_CCS","414","legacy","xpyriment","0.8653198653198653","n","578","0.84","easy","persoon","3","57700","0","525292","525216","NA","NA","0","530720","525291","567424","576412","576411","0","576856","0","525291","530717","NA","0","NA","0","0","529964","577435","54027","NA","576411","LexicalDecision"
"No","748","1","3","Pseudo","3","1","1","m","/Users/florinecramer/Desktop/CCS 1/Methods in CCS/Methods_in_CCS","503","legacy","xpyriment","0.8657718120805369","m","748","0.88","hard","kicht","3","57700","0","525292","525216","NA","NA","0","530720","525291","567424","577519","577518","0","578050","0","525291","530717","NA","0","NA","0","0","529964","578799","54027","NA","577518","LexicalDecision"
"No","622","1","3","Pseudo","3","1","1","m","/Users/florinecramer/Desktop/CCS 1/Methods in CCS/Methods_in_CCS","500","legacy","xpyriment","0.8662207357859532","m","622","0.88","hard","ting","3","57700","0","525292","525216","NA","NA","0","530720","525291","567424","578883","578882","0","579412","0","525291","530717","NA","0","NA","0","0","529964","580035","54027","NA","578882","LexicalDecision"
"No","705","1","3","Pseudo","3","1","1","m","/Users/florinecramer/Desktop/CCS 1/Methods in CCS/Methods_in_CCS","571","legacy","xpyriment","0.8666666666666667","m","705","0.88","hard","strag","3","57700","0","525292","525216","NA","NA","0","530720","525291","567424","580119","580118","0","580720","0","525291","530717","NA","0","NA","0","0","529964","581426","54027","NA","580118","LexicalDecision"
"No","809","1","3","LF","2","1","1","n","/Users/florinecramer/Desktop/CCS 1/Methods in CCS/Methods_in_CCS","425","legacy","xpyriment","0.867109634551495","n","809","0.88","hard","traantje","3","57700","0","525292","525216","NA","NA","0","530720","525291","567424","581510","581509","0","581976","0","525291","530717","NA","0","NA","0","0","529964","582786","54027","NA","581509","LexicalDecision"
"No","806","1","3","Pseudo","3","1","1","m","/Users/florinecramer/Desktop/CCS 1/Methods in CCS/Methods_in_CCS","457","legacy","xpyriment","0.8675496688741722","m","806","0.88","hard","behurg","3","57700","0","525292","525216","NA","NA","0","530720","525291","567424","582869","582868","0","583363","0","525291","530717","NA","0","NA","0","0","529964","584170","54027","NA","582868","LexicalDecision"
"No","669","0","3","Pseudo","3","0","0","m","/Users/florinecramer/Desktop/CCS 1/Methods in CCS/Methods_in_CCS","451","legacy","xpyriment","0.8646864686468647","n","669","0.84","hard","donter","3","57700","0","525292","525216","NA","NA","0","530720","525291","585428","584254","584253","0","584738","0","525291","530717","NA","0","NA","0","0","529964","585408","54027","NA","584253","LexicalDecision"
"No","1452","1","3","LF","2","1","1","n","/Users/florinecramer/Desktop/CCS 1/Methods in CCS/Methods_in_CCS","525","legacy","xpyriment","0.8651315789473685","n","1452","0.88","hard","gleufje","3","57700","0","525292","525216","NA","NA","0","530720","525291","585428","587547","587546","0","588100","0","525291","530717","NA","0","NA","0","0","529964","589553","54027","NA","587546","LexicalDecision"
"No","463","1","3","LF","2","1","1","n","/Users/florinecramer/Desktop/CCS 1/Methods in CCS/Methods_in_CCS","581","legacy","xpyriment","0.8655737704918033","n","463","0.88","hard","kapjes","3","57700","0","525292","525216","NA","NA","0","530720","525291","585428","589640","589639","0","590256","0","525291","530717","NA","0","NA","0","0","529964","590720","54027","NA","589639","LexicalDecision"
"No","640","1","3","LF","2","1","1","n","/Users/florinecramer/Desktop/CCS 1/Methods in CCS/Methods_in_CCS","454","legacy","xpyriment","0.8660130718954249","n","640","0.88","hard","jokers","3","57700","0","525292","525216","NA","NA","0","530720","525291","585428","590803","590802","0","591290","0","525291","530717","NA","0","NA","0","0","529964","591931","54027","NA","590802","LexicalDecision"
"No","564","1","3","LF","2","1","1","n","/Users/florinecramer/Desktop/CCS 1/Methods in CCS/Methods_in_CCS","571","legacy","xpyriment","0.8664495114006515","n","564","0.88","hard","tractors","3","57700","0","525292","525216","NA","NA","0","530720","525291","585428","592015","592013","0","592619","0","525291","530717","NA","0","NA","0","0","529964","593184","54027","NA","592013","LexicalDecision"
"No","851","1","3","LF","2","1","1","n","/Users/florinecramer/Desktop/CCS 1/Methods in CCS/Methods_in_CCS","535","legacy","xpyriment","0.8668831168831169","n","851","0.88","hard","giraf","3","57700","0","525292","525216","NA","NA","0","530720","525291","585428","593269","593268","0","593835","0","525291","530717","NA","0","NA","0","0","529964","594687","54027","NA","593268","LexicalDecision"
"No","630","1","3","LF","2","1","1","n","/Users/florinecramer/Desktop/CCS 1/Methods in CCS/Methods_in_CCS","432","legacy","xpyriment","0.8673139158576052","n","630","0.88","hard","sfeertje","3","57700","0","525292","525216","NA","NA","0","530720","525291","585428","594770","594769","0","595246","0","525291","530717","NA","0","NA","0","0","529964","595877","54027","NA","594769","LexicalDecision"
"No","873","1","3","Random","4","1","1","m","/Users/florinecramer/Desktop/CCS 1/Methods in CCS/Methods_in_CCS","523","legacy","xpyriment","0.867741935483871","m","873","0.92","easy","jorpesot","3","57700","0","525292","525216","NA","NA","0","530720","525291","585428","595961","595960","0","596518","0","525291","530717","NA","0","NA","0","0","529964","597392","54027","NA","595960","LexicalDecision"
"No","861","1","3","LF","2","1","1","n","/Users/florinecramer/Desktop/CCS 1/Methods in CCS/Methods_in_CCS","561","legacy","xpyriment","0.8681672025723473","n","861","0.92","hard","kaasje","3","57700","0","525292","525216","NA","NA","0","530720","525291","585428","597475","597474","0","598067","0","525291","530717","NA","0","NA","0","0","529964","598929","54027","NA","597474","LexicalDecision"
"No","684","1","3","Pseudo","3","1","1","m","/Users/florinecramer/Desktop/CCS 1/Methods in CCS/Methods_in_CCS","520","legacy","xpyriment","0.8685897435897436","m","684","0.92","hard","serste","3","57700","0","525292","525216","NA","NA","0","530720","525291","585428","599013","599012","0","599567","0","525291","530717","NA","0","NA","0","0","529964","600252","54027","NA","599012","LexicalDecision"
"No","829","1","3","LF","2","1","1","n","/Users/florinecramer/Desktop/CCS 1/Methods in CCS/Methods_in_CCS","530","legacy","xpyriment","0.8690095846645367","n","829","0.92","hard","tandje","3","57700","0","525292","525216","NA","NA","0","530720","525291","585428","600335","600334","0","600898","0","525291","530717","NA","0","NA","0","0","529964","601728","54027","NA","600334","LexicalDecision"
"No","738","1","3","Pseudo","3","1","1","m","/Users/florinecramer/Desktop/CCS 1/Methods in CCS/Methods_in_CCS","451","legacy","xpyriment","0.8694267515923567","m","738","0.92","hard","hood","3","57700","0","525292","525216","NA","NA","0","530720","525291","585428","601812","601811","0","602292","0","525291","530717","NA","0","NA","0","0","529964","603031","54027","NA","601811","LexicalDecision"
"No","1050","1","3","LF","2","1","1","n","/Users/florinecramer/Desktop/CCS 1/Methods in CCS/Methods_in_CCS","505","legacy","xpyriment","0.8698412698412699","n","1050","0.92","hard","schaapje","3","57700","0","525292","525216","NA","NA","0","530720","525291","585428","603116","603115","0","603660","0","525291","530717","NA","0","NA","0","0","529964","604711","54027","NA","603115","LexicalDecision"
"No","1067","0","3","Pseudo","3","0","0","m","/Users/florinecramer/Desktop/CCS 1/Methods in CCS/Methods_in_CCS","402","legacy","xpyriment","0.8670886075949367","n","1067","0.92","hard","schrak","3","57700","0","525292","525216","NA","NA","0","530720","525291","606320","604796","604795","0","605231","0","525291","530717","NA","0","NA","0","0","529964","606299","54027","NA","604795","LexicalDecision"
"No","524","0","3","Pseudo","3","0","0","m","/Users/florinecramer/Desktop/CCS 1/Methods in CCS/Methods_in_CCS","438","legacy","xpyriment","0.8643533123028391","n","524","0.88","hard","aand","3","57700","0","525292","525216","NA","NA","0","530720","525291","609455","608439","608438","0","608909","0","525291","530717","NA","0","NA","0","0","529964","609435","54027","NA","608438","LexicalDecision"
"No","674","1","3","Random","4","1","1","m","/Users/florinecramer/Desktop/CCS 1/Methods in CCS/Methods_in_CCS","544","legacy","xpyriment","0.8647798742138365","m","674","0.88","easy","pprelis","3","57700","0","525292","525216","NA","NA","0","530720","525291","609455","611567","611566","0","612141","0","525291","530717","NA","0","NA","0","0","529964","612816","54027","NA","611566","LexicalDecision"
"No","681","0","3","LF","2","0","0","n","/Users/florinecramer/Desktop/CCS 1/Methods in CCS/Methods_in_CCS","551","legacy","xpyriment","0.8620689655172413","m","681","0.84","hard","aktes","3","57700","0","525292","525216","NA","NA","0","530720","525291","614182","612900","612899","0","613479","0","525291","530717","NA","0","NA","0","0","529964","614162","54027","NA","612899","LexicalDecision"
"No","1003","1","3","Pseudo","3","1","1","m","/Users/florinecramer/Desktop/CCS 1/Methods in CCS/Methods_in_CCS","423","legacy","xpyriment","0.8625","m","1003","0.84","hard","striek","3","57700","0","525292","525216","NA","NA","0","530720","525291","614182","616300","616299","0","616757","0","525291","530717","NA","0","NA","0","0","529964","617762","54027","NA","616299","LexicalDecision"
"No","820","1","3","Random","4","1","1","m","/Users/florinecramer/Desktop/CCS 1/Methods in CCS/Methods_in_CCS","425","legacy","xpyriment","0.8629283489096573","m","820","0.84","easy","eilabs","3","57700","0","525292","525216","NA","NA","0","530720","525291","614182","617846","617845","0","618309","0","525291","530717","NA","0","NA","0","0","529964","619130","54027","NA","617845","LexicalDecision"
"No","1144","1","3","Pseudo","3","1","1","m","/Users/florinecramer/Desktop/CCS 1/Methods in CCS/Methods_in_CCS","410","legacy","xpyriment","0.8633540372670807","m","1144","0.84","hard","clisas","3","57700","0","525292","525216","NA","NA","0","530720","525291","614182","619215","619214","0","619660","0","525291","530717","NA","0","NA","0","0","529964","620805","54027","NA","619213","LexicalDecision"
"No","606","1","3","Pseudo","3","1","1","m","/Users/florinecramer/Desktop/CCS 1/Methods in CCS/Methods_in_CCS","409","legacy","xpyriment","0.8637770897832817","m","606","0.84","hard","focht","3","57700","0","525292","525216","NA","NA","0","530720","525291","614182","620891","620890","0","621336","0","525291","530717","NA","0","NA","0","0","529964","621943","54027","NA","620889","LexicalDecision"
"No","759","0","3","LF","2","0","0","n","/Users/florinecramer/Desktop/CCS 1/Methods in CCS/Methods_in_CCS","591","legacy","xpyriment","0.8611111111111112","m","759","0.8","hard","stroppen","3","57700","0","525292","525216","NA","NA","0","530720","525291","623437","622027","622026","0","622656","0","525291","530717","NA","0","NA","0","0","529964","623416","54027","NA","622026","LexicalDecision"
"No","955","1","3","HF","1","1","1","n","/Users/florinecramer/Desktop/CCS 1/Methods in CCS/Methods_in_CCS","564","legacy","xpyriment","0.8615384615384616","n","955","0.8","easy","vrije","3","57700","0","525292","525216","NA","NA","0","530720","525291","623437","625545","625543","0","626145","0","525291","530717","NA","0","NA","0","0","529964","627101","54027","NA","625543","LexicalDecision"
"No","796","1","3","Pseudo","3","1","1","m","/Users/florinecramer/Desktop/CCS 1/Methods in CCS/Methods_in_CCS","587","legacy","xpyriment","0.8619631901840491","m","796","0.8","hard","draten","3","57700","0","525292","525216","NA","NA","0","530720","525291","623437","627184","627183","0","627804","0","525291","530717","NA","0","NA","0","0","529964","628601","54027","NA","627183","LexicalDecision"
"No","1323","1","3","LF","2","1","1","n","/Users/florinecramer/Desktop/CCS 1/Methods in CCS/Methods_in_CCS","510","legacy","xpyriment","0.8623853211009175","n","1323","0.8","hard","snoetjes","3","57700","0","525292","525216","NA","NA","0","530720","525291","623437","628685","628684","0","629225","0","525291","530717","NA","0","NA","0","0","529964","630549","54027","NA","628684","LexicalDecision"
"No","778","0","3","Pseudo","3","0","0","m","/Users/florinecramer/Desktop/CCS 1/Methods in CCS/Methods_in_CCS","549","legacy","xpyriment","0.8597560975609756","n","778","0.8","hard","gezot","3","57700","0","525292","525216","NA","NA","0","530720","525291","632013","630635","630634","0","631214","0","525291","530717","NA","0","NA","0","0","529964","631993","54027","NA","630634","LexicalDecision"
"No","825","1","3","Pseudo","3","1","1","m","/Users/florinecramer/Desktop/CCS 1/Methods in CCS/Methods_in_CCS","485","legacy","xpyriment","0.8601823708206687","m","825","0.8","hard","schadar","3","57700","0","525292","525216","NA","NA","0","530720","525291","632013","634123","634122","0","634637","0","525291","530717","NA","0","NA","0","0","529964","635463","54027","NA","634122","LexicalDecision"
"No","758","1","3","LF","2","1","1","n","/Users/florinecramer/Desktop/CCS 1/Methods in CCS/Methods_in_CCS","444","legacy","xpyriment","0.8606060606060606","n","758","0.8","hard","hoorntje","3","57700","0","525292","525216","NA","NA","0","530720","525291","632013","635546","635545","0","636023","0","525291","530717","NA","0","NA","0","0","529964","636782","54027","NA","635545","LexicalDecision"
"No","625","1","3","Pseudo","3","1","1","m","/Users/florinecramer/Desktop/CCS 1/Methods in CCS/Methods_in_CCS","506","legacy","xpyriment","0.8610271903323263","m","625","0.8","hard","hiedden","3","57700","0","525292","525216","NA","NA","0","530720","525291","632013","636866","636865","0","637413","0","525291","530717","NA","0","NA","0","0","529964","638039","54027","NA","636865","LexicalDecision"
"No","935","1","3","Pseudo","3","1","1","m","/Users/florinecramer/Desktop/CCS 1/Methods in CCS/Methods_in_CCS","523","legacy","xpyriment","0.8614457831325302","m","935","0.8","hard","broog","3","57700","0","525292","525216","NA","NA","0","530720","525291","632013","638122","638121","0","638675","0","525291","530717","NA","0","NA","0","0","529964","639611","54027","NA","638121","LexicalDecision"
"No","755","0","3","HF","1","0","0","n","/Users/florinecramer/Desktop/CCS 1/Methods in CCS/Methods_in_CCS","572","legacy","xpyriment","0.8588588588588588","m","755","0.76","easy","lacht","3","57700","0","525292","525216","NA","NA","0","530720","525291","641076","639695","639694","0","640300","0","525291","530717","NA","0","NA","0","0","529964","641056","54027","NA","639694","LexicalDecision"
"No","789","1","3","Pseudo","3","1","1","m","/Users/florinecramer/Desktop/CCS 1/Methods in CCS/Methods_in_CCS","446","legacy","xpyriment","0.8592814371257484","m","789","0.76","hard","pricht","3","57700","0","525292","525216","NA","NA","0","530720","525291","641076","643187","643186","0","643666","0","525291","530717","NA","0","NA","0","0","529964","644456","54027","NA","643186","LexicalDecision"
"No","703","1","3","HF","1","1","1","n","/Users/florinecramer/Desktop/CCS 1/Methods in CCS/Methods_in_CCS","464","legacy","xpyriment","0.8597014925373134","n","703","0.76","easy","ziekte","3","57700","0","525292","525216","NA","NA","0","530720","525291","641076","644540","644539","0","645038","0","525291","530717","NA","0","NA","0","0","529964","645742","54027","NA","644539","LexicalDecision"
"No","943","1","3","HF","1","1","1","n","/Users/florinecramer/Desktop/CCS 1/Methods in CCS/Methods_in_CCS","595","legacy","xpyriment","0.8601190476190477","n","943","0.76","easy","klap","3","57700","0","525292","525216","NA","NA","0","530720","525291","641076","645825","645824","0","646454","0","525291","530717","NA","0","NA","0","0","529964","647398","54027","NA","645824","LexicalDecision"
"No","960","1","3","Pseudo","3","1","1","m","/Users/florinecramer/Desktop/CCS 1/Methods in CCS/Methods_in_CCS","400","legacy","xpyriment","0.8605341246290801","m","960","0.76","hard","deiden","3","57700","0","525292","525216","NA","NA","0","530720","525291","641076","647481","647480","0","647917","0","525291","530717","NA","0","NA","0","0","529964","648878","54027","NA","647480","LexicalDecision"
"No","607","1","3","LF","2","1","1","n","/Users/florinecramer/Desktop/CCS 1/Methods in CCS/Methods_in_CCS","548","legacy","xpyriment","0.8609467455621301","n","607","0.76","hard","gamma's","3","57700","0","525292","525216","NA","NA","0","530720","525291","641076","648961","648960","0","649543","0","525291","530717","NA","0","NA","0","0","529964","650151","54027","NA","648960","LexicalDecision"
"No","550","1","3","LF","2","1","1","n","/Users/florinecramer/Desktop/CCS 1/Methods in CCS/Methods_in_CCS","488","legacy","xpyriment","0.8613569321533924","n","550","0.76","hard","cartoon","3","57700","0","525292","525216","NA","NA","0","530720","525291","641076","650235","650234","0","650752","0","525291","530717","NA","0","NA","0","0","529964","651303","54027","NA","650234","LexicalDecision"
"No","794","1","3","Pseudo","3","1","1","m","/Users/florinecramer/Desktop/CCS 1/Methods in CCS/Methods_in_CCS","466","legacy","xpyriment","0.861764705882353","m","794","0.76","hard","doon","3","57700","0","525292","525216","NA","NA","0","530720","525291","641076","651388","651387","0","651887","0","525291","530717","NA","0","NA","0","0","529964","652682","54027","NA","651386","LexicalDecision"
"No","861","1","3","Random","4","1","1","m","/Users/florinecramer/Desktop/CCS 1/Methods in CCS/Methods_in_CCS","509","legacy","xpyriment","0.8621700879765396","m","861","0.8","easy","olrt","3","57700","0","525292","525216","NA","NA","0","530720","525291","641076","652766","652765","0","653315","0","525291","530717","NA","0","NA","0","0","529964","654177","54027","NA","652765","LexicalDecision"
"No","1802","1","3","Pseudo","3","1","1","m","/Users/florinecramer/Desktop/CCS 1/Methods in CCS/Methods_in_CCS","441","legacy","xpyriment","0.8625730994152047","m","1802","0.84","hard","lolk","3","57700","0","525292","525216","NA","NA","0","530720","525291","641076","654261","654260","0","654731","0","525291","530717","NA","0","NA","0","0","529964","656534","54027","NA","654260","LexicalDecision"
"No","1036","0","3","LF","2","0","0","n","/Users/florinecramer/Desktop/CCS 1/Methods in CCS/Methods_in_CCS","544","legacy","xpyriment","0.8600583090379009","m","1036","0.8","hard","cola's","3","57700","0","525292","525216","NA","NA","0","530720","525291","658273","656620","656619","0","657200","0","525291","530717","NA","0","NA","0","0","529964","658238","54027","NA","656619","LexicalDecision"
"No","838","1","3","Random","4","1","1","m","/Users/florinecramer/Desktop/CCS 1/Methods in CCS/Methods_in_CCS","543","legacy","xpyriment","0.8604651162790697","m","838","0.84","easy","'raoscb","3","57700","0","525292","525216","NA","NA","0","530720","525291","658273","660391","660390","0","660970","0","525291","530717","NA","0","NA","0","0","529964","661809","54027","NA","660390","LexicalDecision"
"No","1545","1","3","LF","2","1","1","n","/Users/florinecramer/Desktop/CCS 1/Methods in CCS/Methods_in_CCS","482","legacy","xpyriment","0.8608695652173913","n","1545","0.84","hard","wiegjes","3","57700","0","525292","525216","NA","NA","0","530720","525291","658273","661895","661894","0","662412","0","525291","530717","NA","0","NA","0","0","529964","663959","54027","NA","661894","LexicalDecision"
"No","1003","1","3","Pseudo","3","1","1","m","/Users/florinecramer/Desktop/CCS 1/Methods in CCS/Methods_in_CCS","481","legacy","xpyriment","0.861271676300578","m","1003","0.84","hard","denst","3","57700","0","525292","525216","NA","NA","0","530720","525291","658273","664045","664044","0","664565","0","525291","530717","NA","0","NA","0","0","529964","665569","54027","NA","664044","LexicalDecision"
"No","804","1","3","Pseudo","3","1","1","m","/Users/florinecramer/Desktop/CCS 1/Methods in CCS/Methods_in_CCS","569","legacy","xpyriment","0.861671469740634","m","804","0.84","hard","klerde","3","57700","0","525292","525216","NA","NA","0","530720","525291","658273","665653","665652","0","666258","0","525291","530717","NA","0","NA","0","0","529964","667063","54027","NA","665652","LexicalDecision"
"No","1016","0","3","Pseudo","3","0","0","m","/Users/florinecramer/Desktop/CCS 1/Methods in CCS/Methods_in_CCS","458","legacy","xpyriment","0.8591954022988506","n","1016","0.8","hard","bezoofd","3","57700","0","525292","525216","NA","NA","0","530720","525291","668677","667149","667148","0","667639","0","525291","530717","NA","0","NA","0","0","529964","668656","54027","NA","667148","LexicalDecision"
"No","628","1","3","Pseudo","3","1","1","m","/Users/florinecramer/Desktop/CCS 1/Methods in CCS/Methods_in_CCS","410","legacy","xpyriment","0.8595988538681948","m","628","0.84","hard","dalmbij","3","57700","0","525292","525216","NA","NA","0","530720","525291","668677","670789","670787","0","671238","0","525291","530717","NA","0","NA","0","0","529964","671867","54027","NA","670787","LexicalDecision"
"No","701","1","3","LF","2","1","1","n","/Users/florinecramer/Desktop/CCS 1/Methods in CCS/Methods_in_CCS","551","legacy","xpyriment","0.86","n","701","0.84","hard","sletje","3","57700","0","525292","525216","NA","NA","0","530720","525291","668677","671951","671950","0","672531","0","525291","530717","NA","0","NA","0","0","529964","673233","54027","NA","671950","LexicalDecision"
"No","684","1","3","LF","2","1","1","n","/Users/florinecramer/Desktop/CCS 1/Methods in CCS/Methods_in_CCS","448","legacy","xpyriment","0.8603988603988604","n","684","0.84","hard","jojo's","3","57700","0","525292","525216","NA","NA","0","530720","525291","668677","673317","673316","0","673803","0","525291","530717","NA","0","NA","0","0","529964","674488","54027","NA","673316","LexicalDecision"
"No","703","1","3","Pseudo","3","1","1","m","/Users/florinecramer/Desktop/CCS 1/Methods in CCS/Methods_in_CCS","486","legacy","xpyriment","0.8607954545454546","m","703","0.84","hard","nover","3","57700","0","525292","525216","NA","NA","0","530720","525291","668677","674572","674571","0","675095","0","525291","530717","NA","0","NA","0","0","529964","675799","54027","NA","674571","LexicalDecision"
"No","865","1","3","Pseudo","3","1","1","m","/Users/florinecramer/Desktop/CCS 1/Methods in CCS/Methods_in_CCS","416","legacy","xpyriment","0.8611898016997167","m","865","0.88","hard","pape","3","57700","0","525292","525216","NA","NA","0","530720","525291","668677","675884","675883","0","676334","0","525291","530717","NA","0","NA","0","0","529964","677200","54027","NA","675883","LexicalDecision"
"No","801","1","3","HF","1","1","1","n","/Users/florinecramer/Desktop/CCS 1/Methods in CCS/Methods_in_CCS","403","legacy","xpyriment","0.8615819209039548","n","801","0.88","easy","totdat","3","57700","0","525292","525216","NA","NA","0","530720","525291","668677","677284","677283","0","677715","0","525291","530717","NA","0","NA","0","0","529964","678517","54027","NA","677283","LexicalDecision"
"No","675","1","3","LF","2","1","1","n","/Users/florinecramer/Desktop/CCS 1/Methods in CCS/Methods_in_CCS","592","legacy","xpyriment","0.8619718309859155","n","675","0.88","hard","etters","3","57700","0","525292","525216","NA","NA","0","530720","525291","668677","678602","678601","0","679231","0","525291","530717","NA","0","NA","0","0","529964","679907","54027","NA","678601","LexicalDecision"
"No","608","1","3","LF","2","1","1","n","/Users/florinecramer/Desktop/CCS 1/Methods in CCS/Methods_in_CCS","521","legacy","xpyriment","0.8623595505617978","n","608","0.88","hard","cruises","3","57700","0","525292","525216","NA","NA","0","530720","525291","668677","679991","679990","0","680548","0","525291","530717","NA","0","NA","0","0","529964","681157","54027","NA","679990","LexicalDecision"
"No","651","1","3","HF","1","1","1","n","/Users/florinecramer/Desktop/CCS 1/Methods in CCS/Methods_in_CCS","585","legacy","xpyriment","0.8627450980392157","n","651","0.88","easy","jouw","3","57700","0","525292","525216","NA","NA","0","530720","525291","668677","681240","681239","0","681858","0","525291","530717","NA","0","NA","0","0","529964","682510","54027","NA","681239","LexicalDecision"
"No","630","1","3","Pseudo","3","1","1","m","/Users/florinecramer/Desktop/CCS 1/Methods in CCS/Methods_in_CCS","561","legacy","xpyriment","0.8631284916201117","m","630","0.92","hard","derken","3","57700","0","525292","525216","NA","NA","0","530720","525291","668677","682594","682593","0","683189","0","525291","530717","NA","0","NA","0","0","529964","683820","54027","NA","682593","LexicalDecision"
"No","745","0","3","Pseudo","3","0","0","m","/Users/florinecramer/Desktop/CCS 1/Methods in CCS/Methods_in_CCS","588","legacy","xpyriment","0.8607242339832869","n","745","0.88","hard","greffen","3","57700","0","525292","525216","NA","NA","0","530720","525291","685296","683904","683903","0","684531","0","525291","530717","NA","0","NA","0","0","529964","685277","54027","NA","683903","LexicalDecision"
"No","913","1","3","Pseudo","3","1","1","m","/Users/florinecramer/Desktop/CCS 1/Methods in CCS/Methods_in_CCS","520","legacy","xpyriment","0.8611111111111112","m","913","0.88","hard","katuit","3","57700","0","525292","525216","NA","NA","0","530720","525291","685296","687415","687414","0","687973","0","525291","530717","NA","0","NA","0","0","529964","688887","54027","NA","687414","LexicalDecision"
"No","595","1","3","Pseudo","3","1","1","m","/Users/florinecramer/Desktop/CCS 1/Methods in CCS/Methods_in_CCS","519","legacy","xpyriment","0.8614958448753463","m","595","0.88","hard","grees","3","57700","0","525292","525216","NA","NA","0","530720","525291","685296","688971","688970","0","689519","0","525291","530717","NA","0","NA","0","0","529964","690115","54027","NA","688970","LexicalDecision"
"No","728","1","3","LF","2","1","1","n","/Users/florinecramer/Desktop/CCS 1/Methods in CCS/Methods_in_CCS","542","legacy","xpyriment","0.861878453038674","n","728","0.88","hard","wandkast","3","57700","0","525292","525216","NA","NA","0","530720","525291","685296","690198","690197","0","690778","0","525291","530717","NA","0","NA","0","0","529964","691507","54027","NA","690197","LexicalDecision"
"No","818","1","3","LF","2","1","1","n","/Users/florinecramer/Desktop/CCS 1/Methods in CCS/Methods_in_CCS","413","legacy","xpyriment","0.8622589531680441","n","818","0.88","hard","vijltje","3","57700","0","525292","525216","NA","NA","0","530720","525291","685296","691591","691590","0","692040","0","525291","530717","NA","0","NA","0","0","529964","692859","54027","NA","691590","LexicalDecision"
"No","735","1","3","Pseudo","3","1","1","m","/Users/florinecramer/Desktop/CCS 1/Methods in CCS/Methods_in_CCS","410","legacy","xpyriment","0.8626373626373627","m","735","0.88","hard","genorgd","3","57700","0","525292","525216","NA","NA","0","530720","525291","685296","692942","692941","0","693388","0","525291","530717","NA","0","NA","0","0","529964","694124","54027","NA","692940","LexicalDecision"
"No","606","1","3","LF","2","1","1","n","/Users/florinecramer/Desktop/CCS 1/Methods in CCS/Methods_in_CCS","590","legacy","xpyriment","0.863013698630137","n","606","0.88","hard","bosbes","3","57700","0","525292","525216","NA","NA","0","530720","525291","685296","694207","694206","0","694835","0","525291","530717","NA","0","NA","0","0","529964","695442","54027","NA","694206","LexicalDecision"
"No","830","1","3","LF","2","1","1","n","/Users/florinecramer/Desktop/CCS 1/Methods in CCS/Methods_in_CCS","408","legacy","xpyriment","0.8633879781420765","n","830","0.88","hard","soepbord","3","57700","0","525292","525216","NA","NA","0","530720","525291","685296","695525","695524","0","695970","0","525291","530717","NA","0","NA","0","0","529964","696801","54027","NA","695524","LexicalDecision"
"No","728","1","3","Pseudo","3","1","1","m","/Users/florinecramer/Desktop/CCS 1/Methods in CCS/Methods_in_CCS","575","legacy","xpyriment","0.8637602179836512","m","728","0.88","hard","bopen","3","57700","0","525292","525216","NA","NA","0","530720","525291","685296","696885","696884","0","697491","0","525291","530717","NA","0","NA","0","0","529964","698220","54027","NA","696884","LexicalDecision"
"No","755","1","3","LF","2","1","1","n","/Users/florinecramer/Desktop/CCS 1/Methods in CCS/Methods_in_CCS","424","legacy","xpyriment","0.8641304347826086","n","755","0.92","hard","letsels","3","57700","0","525292","525216","NA","NA","0","530720","525291","685296","698304","698303","0","698761","0","525291","530717","NA","0","NA","0","0","529964","699517","54027","NA","698303","LexicalDecision"
"No","664","1","3","Pseudo","3","1","1","m","/Users/florinecramer/Desktop/CCS 1/Methods in CCS/Methods_in_CCS","580","legacy","xpyriment","0.8644986449864499","m","664","0.92","hard","braag","3","57700","0","525292","525216","NA","NA","0","530720","525291","685296","699601","699600","0","700213","0","525291","530717","NA","0","NA","0","0","529964","700879","54027","NA","699600","LexicalDecision"
"No","598","0","3","Pseudo","3","0","0","m","/Users/florinecramer/Desktop/CCS 1/Methods in CCS/Methods_in_CCS","415","legacy","xpyriment","0.8621621621621621","n","598","0.88","hard","dond","3","57700","0","525292","525216","NA","NA","0","530720","525291","702030","700961","700960","0","701411","0","525291","530717","NA","0","NA","0","0","529964","702010","54027","NA","700960","LexicalDecision"
"No","588","1","3","LF","2","1","1","n","/Users/florinecramer/Desktop/CCS 1/Methods in CCS/Methods_in_CCS","574","legacy","xpyriment","0.862533692722372","n","588","0.88","hard","frietjes","3","57700","0","525292","525216","NA","NA","0","530720","525291","702030","704148","704147","0","704754","0","525291","530717","NA","0","NA","0","0","529964","705344","54027","NA","704147","LexicalDecision"
"No","1024","1","3","LF","2","1","1","n","/Users/florinecramer/Desktop/CCS 1/Methods in CCS/Methods_in_CCS","550","legacy","xpyriment","0.8629032258064516","n","1024","0.88","hard","prooien","3","57700","0","525292","525216","NA","NA","0","530720","525291","702030","705428","705427","0","706012","0","525291","530717","NA","0","NA","0","0","529964","707037","54027","NA","705427","LexicalDecision"
"No","787","1","3","Pseudo","3","1","1","m","/Users/florinecramer/Desktop/CCS 1/Methods in CCS/Methods_in_CCS","475","legacy","xpyriment","0.8632707774798928","m","787","0.92","hard","geden","3","57700","0","525292","525216","NA","NA","0","530720","525291","702030","707122","707121","0","707628","0","525291","530717","NA","0","NA","0","0","529964","708416","54027","NA","707121","LexicalDecision"
"No","810","0","3","LF","2","0","0","n","/Users/florinecramer/Desktop/CCS 1/Methods in CCS/Methods_in_CCS","469","legacy","xpyriment","0.8609625668449198","m","810","0.88","hard","unies","3","57700","0","525292","525216","NA","NA","0","530720","525291","709836","708501","708500","0","709004","0","525291","530717","NA","0","NA","0","0","529964","709816","54027","NA","708500","LexicalDecision"
"No","884","1","3","Random","4","1","1","m","/Users/florinecramer/Desktop/CCS 1/Methods in CCS/Methods_in_CCS","536","legacy","xpyriment","0.8613333333333333","m","884","0.88","easy","kskderid","3","57700","0","525292","525216","NA","NA","0","530720","525291","709836","711942","711940","0","712512","0","525291","530717","NA","0","NA","0","0","529964","713397","54027","NA","711940","LexicalDecision"
"No","607","1","3","Pseudo","3","1","1","m","/Users/florinecramer/Desktop/CCS 1/Methods in CCS/Methods_in_CCS","566","legacy","xpyriment","0.8617021276595744","m","607","0.88","hard","took","3","57700","0","525292","525216","NA","NA","0","530720","525291","709836","713482","713481","0","714086","0","525291","530717","NA","0","NA","0","0","529964","714694","54027","NA","713481","LexicalDecision"
"No","798","1","3","LF","2","1","1","n","/Users/florinecramer/Desktop/CCS 1/Methods in CCS/Methods_in_CCS","576","legacy","xpyriment","0.8620689655172413","n","798","0.88","hard","vlaaien","3","57700","0","525292","525216","NA","NA","0","530720","525291","709836","714778","714777","0","715387","0","525291","530717","NA","0","NA","0","0","529964","716186","54027","NA","714777","LexicalDecision"
"No","795","1","3","Pseudo","3","1","1","m","/Users/florinecramer/Desktop/CCS 1/Methods in CCS/Methods_in_CCS","534","legacy","xpyriment","0.8624338624338624","m","795","0.88","hard","trief","3","57700","0","525292","525216","NA","NA","0","530720","525291","709836","716271","716269","0","716840","0","525291","530717","NA","0","NA","0","0","529964","717636","54027","NA","716269","LexicalDecision"
"No","1033","0","3","Pseudo","3","0","0","m","/Users/florinecramer/Desktop/CCS 1/Methods in CCS/Methods_in_CCS","564","legacy","xpyriment","0.8601583113456465","n","1033","0.84","hard","fuist","3","57700","0","525292","525216","NA","NA","0","530720","525291","719373","717720","717719","0","718318","0","525291","530717","NA","0","NA","0","0","529964","719352","54027","NA","717719","LexicalDecision"
"No","1731","1","3","LF","2","1","1","n","/Users/florinecramer/Desktop/CCS 1/Methods in CCS/Methods_in_CCS","557","legacy","xpyriment","0.8605263157894737","n","1731","0.84","hard","boffen","3","57700","0","525292","525216","NA","NA","0","530720","525291","719373","721487","721486","0","722082","0","525291","530717","NA","0","NA","0","0","529964","723815","54027","NA","721486","LexicalDecision"
"No","730","1","3","LF","2","1","1","n","/Users/florinecramer/Desktop/CCS 1/Methods in CCS/Methods_in_CCS","577","legacy","xpyriment","0.8608923884514436","n","730","0.84","hard","hoofdzin","3","57700","0","525292","525216","NA","NA","0","530720","525291","719373","723901","723900","0","724518","0","525291","530717","NA","0","NA","0","0","529964","725249","54027","NA","723900","LexicalDecision"
"No","554","1","3","LF","2","1","1","n","/Users/florinecramer/Desktop/CCS 1/Methods in CCS/Methods_in_CCS","485","legacy","xpyriment","0.8612565445026178","n","554","0.84","hard","shirtje","3","57700","0","525292","525216","NA","NA","0","530720","525291","719373","725333","725332","0","725847","0","525291","530717","NA","0","NA","0","0","529964","726402","54027","NA","725332","LexicalDecision"
"No","570","0","3","Pseudo","3","0","0","m","/Users/florinecramer/Desktop/CCS 1/Methods in CCS/Methods_in_CCS","451","legacy","xpyriment","0.8590078328981723","n","570","0.8","hard","gelzen","3","57700","0","525292","525216","NA","NA","0","530720","525291","727563","726486","726485","0","726972","0","525291","530717","NA","0","NA","0","0","529964","727543","54027","NA","726485","LexicalDecision"
"No","1430","0","3","LF","2","0","0","n","/Users/florinecramer/Desktop/CCS 1/Methods in CCS/Methods_in_CCS","524","legacy","xpyriment","0.8567708333333334","m","1430","0.8","hard","motto's","3","57700","0","525292","525216","NA","NA","0","530720","525291","731691","729680","729679","0","730238","0","525291","530717","NA","0","NA","0","0","529964","731669","54027","NA","729679","LexicalDecision"
"No","953","1","3","Pseudo","3","1","1","m","/Users/florinecramer/Desktop/CCS 1/Methods in CCS/Methods_in_CCS","398","legacy","xpyriment","0.8571428571428571","m","953","0.8","hard","bijbet","3","57700","0","525292","525216","NA","NA","0","530720","525291","731691","733798","733796","0","734232","0","525291","530717","NA","0","NA","0","0","529964","735187","54027","NA","733796","LexicalDecision"
"No","837","1","3","Pseudo","3","1","1","m","/Users/florinecramer/Desktop/CCS 1/Methods in CCS/Methods_in_CCS","446","legacy","xpyriment","0.8575129533678757","m","837","0.8","hard","vant","3","57700","0","525292","525216","NA","NA","0","530720","525291","731691","735270","735269","0","735753","0","525291","530717","NA","0","NA","0","0","529964","736591","54027","NA","735269","LexicalDecision"
"No","698","1","3","LF","2","1","1","n","/Users/florinecramer/Desktop/CCS 1/Methods in CCS/Methods_in_CCS","541","legacy","xpyriment","0.8578811369509044","n","698","0.8","hard","deuntjes","3","57700","0","525292","525216","NA","NA","0","530720","525291","731691","736674","736673","0","737251","0","525291","530717","NA","0","NA","0","0","529964","737949","54027","NA","736673","LexicalDecision"
"No","739","1","3","Pseudo","3","1","1","m","/Users/florinecramer/Desktop/CCS 1/Methods in CCS/Methods_in_CCS","583","legacy","xpyriment","0.8582474226804123","m","739","0.8","hard","diedde","3","57700","0","525292","525216","NA","NA","0","530720","525291","731691","738034","738033","0","738648","0","525291","530717","NA","0","NA","0","0","529964","739388","54027","NA","738033","LexicalDecision"
"No","623","1","3","HF","1","1","1","n","/Users/florinecramer/Desktop/CCS 1/Methods in CCS/Methods_in_CCS","468","legacy","xpyriment","0.8586118251928021","n","623","0.8","easy","bracht","3","57700","0","525292","525216","NA","NA","0","530720","525291","731691","739473","739472","0","739980","0","525291","530717","NA","0","NA","0","0","529964","740604","54027","NA","739472","LexicalDecision"
"No","1012","1","3","LF","2","1","1","n","/Users/florinecramer/Desktop/CCS 1/Methods in CCS/Methods_in_CCS","452","legacy","xpyriment","0.8589743589743589","n","1012","0.8","hard","roggen","3","57700","0","525292","525216","NA","NA","0","530720","525291","731691","740687","740686","0","741171","0","525291","530717","NA","0","NA","0","0","529964","742184","54027","NA","740686","LexicalDecision"
"No","569","1","3","Random","4","1","1","m","/Users/florinecramer/Desktop/CCS 1/Methods in CCS/Methods_in_CCS","555","legacy","xpyriment","0.8593350383631714","m","569","0.8","easy","bsireej","3","57700","0","525292","525216","NA","NA","0","530720","525291","731691","742268","742267","0","742858","0","525291","530717","NA","0","NA","0","0","529964","743428","54027","NA","742267","LexicalDecision"
"No","719","0","3","Pseudo","3","0","0","m","/Users/florinecramer/Desktop/CCS 1/Methods in CCS/Methods_in_CCS","540","legacy","xpyriment","0.8571428571428571","n","719","0.76","hard","tevers","3","57700","0","525292","525216","NA","NA","0","530720","525291","744831","743512","743511","0","744091","0","525291","530717","NA","0","NA","0","0","529964","744811","54027","NA","743511","LexicalDecision"
"No","1858","1","3","LF","2","1","1","n","/Users/florinecramer/Desktop/CCS 1/Methods in CCS/Methods_in_CCS","464","legacy","xpyriment","0.8575063613231552","n","1858","0.76","hard","cross","3","57700","0","525292","525216","NA","NA","0","530720","525291","744831","746949","746948","0","747445","0","525291","530717","NA","0","NA","0","0","529964","749304","54027","NA","746948","LexicalDecision"
"No","749","0","3","Pseudo","3","0","0","m","/Users/florinecramer/Desktop/CCS 1/Methods in CCS/Methods_in_CCS","591","legacy","xpyriment","0.8553299492385786","n","749","0.72","hard","asts","3","57700","0","525292","525216","NA","NA","0","530720","525291","750789","749390","749389","0","750019","0","525291","530717","NA","0","NA","0","0","529964","750769","54027","NA","749389","LexicalDecision"
"No","693","1","3","LF","2","1","1","n","/Users/florinecramer/Desktop/CCS 1/Methods in CCS/Methods_in_CCS","588","legacy","xpyriment","0.8556962025316456","n","693","0.76","hard","vleesmes","3","57700","0","525292","525216","NA","NA","0","530720","525291","750789","752905","752904","0","753527","0","525291","530717","NA","0","NA","0","0","529964","754221","54027","NA","752904","LexicalDecision"
"No","760","1","3","Pseudo","3","1","1","m","/Users/florinecramer/Desktop/CCS 1/Methods in CCS/Methods_in_CCS","562","legacy","xpyriment","0.8560606060606061","m","760","0.76","hard","geklees","3","57700","0","525292","525216","NA","NA","0","530720","525291","750789","754305","754304","0","754900","0","525291","530717","NA","0","NA","0","0","529964","755661","54027","NA","754304","LexicalDecision"
"No","837","0","3","LF","2","0","0","n","/Users/florinecramer/Desktop/CCS 1/Methods in CCS/Methods_in_CCS","475","legacy","xpyriment","0.853904282115869","m","837","0.72","hard","muskiet","3","57700","0","525292","525216","NA","NA","0","530720","525291","757114","755745","755744","0","756256","0","525291","530717","NA","0","NA","0","0","529964","757094","54027","NA","755744","LexicalDecision"
"No","2000","0","3","LF","2","0","0","n","/Users/florinecramer/Desktop/CCS 1/Methods in CCS/Methods_in_CCS","493","legacy","xpyriment","0.8517587939698492","None","2000","0.68","hard","boksers","3","57700","0","525292","525216","NA","NA","0","530720","525291","761777","759224","759223","0","759755","0","525291","530717","NA","0","NA","0","0","529964","761755","54027","NA","759222","LexicalDecision"
"No","1567","1","3","Pseudo","3","1","1","m","/Users/florinecramer/Desktop/CCS 1/Methods in CCS/Methods_in_CCS","549","legacy","xpyriment","0.8521303258145363","m","1567","0.72","hard","krolijn","3","57700","0","525292","525216","NA","NA","0","530720","525291","761777","763894","763893","0","764477","0","525291","530717","NA","0","NA","0","0","529964","766045","54027","NA","763893","LexicalDecision"
"No","941","1","3","LF","2","1","1","n","/Users/florinecramer/Desktop/CCS 1/Methods in CCS/Methods_in_CCS","488","legacy","xpyriment","0.8525","n","941","0.72","hard","poema's","3","57700","0","525292","525216","NA","NA","0","530720","525291","761777","766131","766130","0","766649","0","525291","530717","NA","0","NA","0","0","529964","767591","54027","NA","766130","LexicalDecision"
"No","575","1","3","Random","4","1","1","m","/Users/florinecramer/Desktop/CCS 1/Methods in CCS/Methods_in_CCS","559","legacy","xpyriment","0.8528678304239401","m","575","0.72","easy","eletjiz","3","57700","0","525292","525216","NA","NA","0","530720","525291","761777","767675","767674","0","768267","0","525291","530717","NA","0","NA","0","0","529964","768843","54027","NA","767674","LexicalDecision"
"No","855","1","3","LF","2","1","1","n","/Users/florinecramer/Desktop/CCS 1/Methods in CCS/Methods_in_CCS","404","legacy","xpyriment","0.8532338308457711","n","855","0.72","hard","witloof","3","57700","0","525292","525216","NA","NA","0","530720","525291","761777","768926","768925","0","769363","0","525291","530717","NA","0","NA","0","0","529964","770219","54027","NA","768925","LexicalDecision"
"No","750","1","3","LF","2","1","1","n","/Users/florinecramer/Desktop/CCS 1/Methods in CCS/Methods_in_CCS","523","legacy","xpyriment","0.8535980148883374","n","750","0.72","hard","designs","3","57700","0","525292","525216","NA","NA","0","530720","525291","761777","770303","770302","0","770853","0","525291","530717","NA","0","NA","0","0","529964","771604","54027","NA","770302","LexicalDecision"
"No","849","1","3","Pseudo","3","1","1","m","/Users/florinecramer/Desktop/CCS 1/Methods in CCS/Methods_in_CCS","417","legacy","xpyriment","0.8539603960396039","m","849","0.76","hard","hillen","3","57700","0","525292","525216","NA","NA","0","530720","525291","761777","771689","771688","0","772139","0","525291","530717","NA","0","NA","0","0","529964","772989","54027","NA","771688","LexicalDecision"
"No","496","1","3","LF","2","1","1","n","/Users/florinecramer/Desktop/CCS 1/Methods in CCS/Methods_in_CCS","547","legacy","xpyriment","0.854320987654321","n","496","0.76","hard","kaasjes","3","57700","0","525292","525216","NA","NA","0","530720","525291","761777","773073","773072","0","773655","0","525291","530717","NA","0","NA","0","0","529964","774152","54027","NA","773072","LexicalDecision"
"No","596","1","4","Pseudo","3","1","1","m","/Users/florinecramer/Desktop/CCS 1/Methods in CCS/Methods_in_CCS","401","legacy","xpyriment","0.854679802955665","m","596","0.76","hard","loorste","3","57700","0","774261","774185","NA","NA","0","778430","774260","761777","778484","778483","0","778922","0","774260","778426","NA","0","NA","0","0","777755","779519","54027","NA","778483","LexicalDecision"
"No","587","1","4","LF","2","1","1","n","/Users/florinecramer/Desktop/CCS 1/Methods in CCS/Methods_in_CCS","522","legacy","xpyriment","0.855036855036855","n","587","0.76","hard","vraagjes","3","57700","0","774261","774185","NA","NA","0","778430","774260","761777","779603","779602","0","780162","0","774260","778426","NA","0","NA","0","0","777755","780750","54027","NA","779602","LexicalDecision"
"No","711","1","4","LF","2","1","1","n","/Users/florinecramer/Desktop/CCS 1/Methods in CCS/Methods_in_CCS","436","legacy","xpyriment","0.8553921568627451","n","711","0.76","hard","gieters","3","57700","0","774261","774185","NA","NA","0","778430","774260","761777","780834","780833","0","781307","0","774260","778426","NA","0","NA","0","0","777755","782019","54027","NA","780833","LexicalDecision"
"No","678","1","4","Pseudo","3","1","1","m","/Users/florinecramer/Desktop/CCS 1/Methods in CCS/Methods_in_CCS","554","legacy","xpyriment","0.8557457212713936","m","678","0.76","hard","beloort","3","57700","0","774261","774185","NA","NA","0","778430","774260","761777","782104","782103","0","782688","0","774260","778426","NA","0","NA","0","0","777755","783367","54027","NA","782103","LexicalDecision"
"No","838","1","4","Random","4","1","1","m","/Users/florinecramer/Desktop/CCS 1/Methods in CCS/Methods_in_CCS","412","legacy","xpyriment","0.8560975609756097","m","838","0.76","easy","erdesl","3","57700","0","774261","774185","NA","NA","0","778430","774260","761777","783450","783449","0","783895","0","774260","778426","NA","0","NA","0","0","777755","784734","54027","NA","783449","LexicalDecision"
"No","609","1","4","Pseudo","3","1","1","m","/Users/florinecramer/Desktop/CCS 1/Methods in CCS/Methods_in_CCS","566","legacy","xpyriment","0.8564476885644768","m","609","0.76","hard","crong","3","57700","0","774261","774185","NA","NA","0","778430","774260","761777","784818","784817","0","785415","0","774260","778426","NA","0","NA","0","0","777755","786025","54027","NA","784817","LexicalDecision"
"No","646","1","4","Pseudo","3","1","1","m","/Users/florinecramer/Desktop/CCS 1/Methods in CCS/Methods_in_CCS","461","legacy","xpyriment","0.8567961165048543","m","646","0.76","hard","vrode","3","57700","0","774261","774185","NA","NA","0","778430","774260","761777","786110","786109","0","786605","0","774260","778426","NA","0","NA","0","0","777755","787252","54027","NA","786109","LexicalDecision"
"No","667","1","4","LF","2","1","1","n","/Users/florinecramer/Desktop/CCS 1/Methods in CCS/Methods_in_CCS","452","legacy","xpyriment","0.8571428571428571","n","667","0.76","hard","sheriffs","3","57700","0","774261","774185","NA","NA","0","778430","774260","761777","787338","787337","0","787819","0","774260","778426","NA","0","NA","0","0","777755","788487","54027","NA","787337","LexicalDecision"
"No","903","1","4","Pseudo","3","1","1","m","/Users/florinecramer/Desktop/CCS 1/Methods in CCS/Methods_in_CCS","403","legacy","xpyriment","0.857487922705314","m","903","0.76","hard","hatte","3","57700","0","774261","774185","NA","NA","0","778430","774260","761777","788571","788570","0","789003","0","774260","778426","NA","0","NA","0","0","777755","789907","54027","NA","788570","LexicalDecision"
"No","848","1","4","Pseudo","3","1","1","m","/Users/florinecramer/Desktop/CCS 1/Methods in CCS/Methods_in_CCS","443","legacy","xpyriment","0.8578313253012049","m","848","0.76","hard","kraad","3","57700","0","774261","774185","NA","NA","0","778430","774260","761777","789990","789989","0","790463","0","774260","778426","NA","0","NA","0","0","777755","791312","54027","NA","789989","LexicalDecision"
"No","1172","1","4","Random","4","1","1","m","/Users/florinecramer/Desktop/CCS 1/Methods in CCS/Methods_in_CCS","494","legacy","xpyriment","0.8581730769230769","m","1172","0.76","easy","tetozn","3","57700","0","774261","774185","NA","NA","0","778430","774260","761777","791395","791394","0","791920","0","774260","778426","NA","0","NA","0","0","777755","793093","54027","NA","791394","LexicalDecision"
"No","605","1","4","Pseudo","3","1","1","m","/Users/florinecramer/Desktop/CCS 1/Methods in CCS/Methods_in_CCS","398","legacy","xpyriment","0.8585131894484412","m","605","0.76","hard","verblek","3","57700","0","774261","774185","NA","NA","0","778430","774260","761777","793178","793177","0","793614","0","774260","778426","NA","0","NA","0","0","777755","794220","54027","NA","793177","LexicalDecision"
"No","742","1","4","HF","1","1","1","n","/Users/florinecramer/Desktop/CCS 1/Methods in CCS/Methods_in_CCS","472","legacy","xpyriment","0.8588516746411483","n","742","0.76","easy","vallen","3","57700","0","774261","774185","NA","NA","0","778430","774260","761777","794306","794305","0","794815","0","774260","778426","NA","0","NA","0","0","777755","795558","54027","NA","794305","LexicalDecision"
"No","767","1","4","Pseudo","3","1","1","m","/Users/florinecramer/Desktop/CCS 1/Methods in CCS/Methods_in_CCS","462","legacy","xpyriment","0.8591885441527446","m","767","0.76","hard","kolgt","3","57700","0","774261","774185","NA","NA","0","778430","774260","761777","795641","795640","0","796139","0","774260","778426","NA","0","NA","0","0","777755","796908","54027","NA","795640","LexicalDecision"
"No","592","1","4","LF","2","1","1","n","/Users/florinecramer/Desktop/CCS 1/Methods in CCS/Methods_in_CCS","474","legacy","xpyriment","0.8595238095238096","n","592","0.76","hard","dweiltje","3","57700","0","774261","774185","NA","NA","0","778430","774260","761777","796991","796990","0","797499","0","774260","778426","NA","0","NA","0","0","777755","798093","54027","NA","796990","LexicalDecision"
"No","748","1","4","Pseudo","3","1","1","m","/Users/florinecramer/Desktop/CCS 1/Methods in CCS/Methods_in_CCS","461","legacy","xpyriment","0.8598574821852731","m","748","0.76","hard","saren","3","57700","0","774261","774185","NA","NA","0","778430","774260","761777","798177","798176","0","798674","0","774260","778426","NA","0","NA","0","0","777755","799424","54027","NA","798176","LexicalDecision"
"No","603","1","4","LF","2","1","1","n","/Users/florinecramer/Desktop/CCS 1/Methods in CCS/Methods_in_CCS","566","legacy","xpyriment","0.8601895734597157","n","603","0.76","hard","feitjes","3","57700","0","774261","774185","NA","NA","0","778430","774260","761777","799507","799506","0","800108","0","774260","778426","NA","0","NA","0","0","777755","800712","54027","NA","799506","LexicalDecision"
"No","769","1","4","Pseudo","3","1","1","m","/Users/florinecramer/Desktop/CCS 1/Methods in CCS/Methods_in_CCS","472","legacy","xpyriment","0.8605200945626478","m","769","0.76","hard","brang","3","57700","0","774261","774185","NA","NA","0","778430","774260","761777","800795","800794","0","801304","0","774260","778426","NA","0","NA","0","0","777755","802074","54027","NA","800794","LexicalDecision"
"No","519","1","4","LF","2","1","1","n","/Users/florinecramer/Desktop/CCS 1/Methods in CCS/Methods_in_CCS","589","legacy","xpyriment","0.8608490566037735","n","519","0.76","hard","scooters","3","57700","0","774261","774185","NA","NA","0","778430","774260","761777","802158","802157","0","802784","0","774260","778426","NA","0","NA","0","0","777755","803305","54027","NA","802157","LexicalDecision"
"No","559","1","4","LF","2","1","1","n","/Users/florinecramer/Desktop/CCS 1/Methods in CCS/Methods_in_CCS","539","legacy","xpyriment","0.8611764705882353","n","559","0.76","hard","pauzen","3","57700","0","774261","774185","NA","NA","0","778430","774260","761777","803389","803388","0","803960","0","774260","778426","NA","0","NA","0","0","777755","804520","54027","NA","803388","LexicalDecision"
"No","488","1","4","HF","1","1","1","n","/Users/florinecramer/Desktop/CCS 1/Methods in CCS/Methods_in_CCS","428","legacy","xpyriment","0.8615023474178404","n","488","0.76","easy","boom","3","57700","0","774261","774185","NA","NA","0","778430","774260","761777","804604","804603","0","805064","0","774260","778426","NA","0","NA","0","0","777755","805553","54027","NA","804603","LexicalDecision"
"No","534","1","4","LF","2","1","1","n","/Users/florinecramer/Desktop/CCS 1/Methods in CCS/Methods_in_CCS","427","legacy","xpyriment","0.8618266978922716","n","534","0.76","hard","buizerd","3","57700","0","774261","774185","NA","NA","0","778430","774260","761777","805637","805636","0","806098","0","774260","778426","NA","0","NA","0","0","777755","806633","54027","NA","805636","LexicalDecision"
"No","546","0","4","Pseudo","3","0","0","m","/Users/florinecramer/Desktop/CCS 1/Methods in CCS/Methods_in_CCS","548","legacy","xpyriment","0.8598130841121495","n","546","0.76","hard","herwijn","3","57700","0","774261","774185","NA","NA","0","778430","774260","807866","806718","806717","0","807298","0","774260","778426","NA","0","NA","0","0","777755","807845","54027","NA","806717","LexicalDecision"
"No","675","1","4","Pseudo","3","1","1","m","/Users/florinecramer/Desktop/CCS 1/Methods in CCS/Methods_in_CCS","435","legacy","xpyriment","0.8601398601398601","m","675","0.76","hard","neis","3","57700","0","774261","774185","NA","NA","0","778430","774260","807866","809984","809983","0","810451","0","774260","778426","NA","0","NA","0","0","777755","811127","54027","NA","809983","LexicalDecision"
"No","674","1","4","Pseudo","3","1","1","m","/Users/florinecramer/Desktop/CCS 1/Methods in CCS/Methods_in_CCS","569","legacy","xpyriment","0.8604651162790697","m","674","0.76","hard","jeeks","3","57700","0","774261","774185","NA","NA","0","778430","774260","807866","811211","811210","0","811816","0","774260","778426","NA","0","NA","0","0","777755","812491","54027","NA","811210","LexicalDecision"
"No","600","1","4","Random","4","1","1","m","/Users/florinecramer/Desktop/CCS 1/Methods in CCS/Methods_in_CCS","437","legacy","xpyriment","0.8607888631090487","m","600","0.76","easy","kkarer","3","57700","0","774261","774185","NA","NA","0","778430","774260","807866","812575","812574","0","813041","0","774260","778426","NA","0","NA","0","0","777755","813642","54027","NA","812574","LexicalDecision"
"No","891","0","4","Pseudo","3","0","0","m","/Users/florinecramer/Desktop/CCS 1/Methods in CCS/Methods_in_CCS","557","legacy","xpyriment","0.8587962962962963","n","891","0.76","hard","daarman","3","57700","0","774261","774185","NA","NA","0","778430","774260","815231","813726","813725","0","814318","0","774260","778426","NA","0","NA","0","0","777755","815210","54027","NA","813725","LexicalDecision"
"No","758","1","4","LF","2","1","1","n","/Users/florinecramer/Desktop/CCS 1/Methods in CCS/Methods_in_CCS","546","legacy","xpyriment","0.859122401847575","n","758","0.76","hard","python","3","57700","0","774261","774185","NA","NA","0","778430","774260","815231","817343","817342","0","817919","0","774260","778426","NA","0","NA","0","0","777755","818678","54027","NA","817342","LexicalDecision"
"No","637","0","4","LF","2","0","0","n","/Users/florinecramer/Desktop/CCS 1/Methods in CCS/Methods_in_CCS","427","legacy","xpyriment","0.8571428571428571","m","637","0.76","hard","meetlat","3","57700","0","774261","774185","NA","NA","0","778430","774260","819882","818762","818761","0","819224","0","774260","778426","NA","0","NA","0","0","777755","819862","54027","NA","818761","LexicalDecision"
"No","853","1","4","HF","1","1","1","n","/Users/florinecramer/Desktop/CCS 1/Methods in CCS/Methods_in_CCS","467","legacy","xpyriment","0.8574712643678161","n","853","0.76","easy","niet","3","57700","0","774261","774185","NA","NA","0","778430","774260","819882","821993","821992","0","822492","0","774260","778426","NA","0","NA","0","0","777755","823346","54027","NA","821992","LexicalDecision"
"No","483","1","4","HF","1","1","1","n","/Users/florinecramer/Desktop/CCS 1/Methods in CCS/Methods_in_CCS","493","legacy","xpyriment","0.8577981651376146","n","483","0.76","easy","buik","3","57700","0","774261","774185","NA","NA","0","778430","774260","819882","823429","823428","0","823959","0","774260","778426","NA","0","NA","0","0","777755","824443","54027","NA","823428","LexicalDecision"
"No","550","1","4","Random","4","1","1","m","/Users/florinecramer/Desktop/CCS 1/Methods in CCS/Methods_in_CCS","512","legacy","xpyriment","0.8581235697940504","m","550","0.76","easy","saesriks","3","57700","0","774261","774185","NA","NA","0","778430","774260","819882","824527","824526","0","825075","0","774260","778426","NA","0","NA","0","0","777755","825626","54027","NA","824526","LexicalDecision"
"No","783","1","4","Random","4","1","1","m","/Users/florinecramer/Desktop/CCS 1/Methods in CCS/Methods_in_CCS","398","legacy","xpyriment","0.8584474885844748","m","783","0.76","easy","kusrko","3","57700","0","774261","774185","NA","NA","0","778430","774260","819882","825710","825709","0","826139","0","774260","778426","NA","0","NA","0","0","777755","826923","54027","NA","825709","LexicalDecision"
"No","638","0","4","Pseudo","3","0","0","m","/Users/florinecramer/Desktop/CCS 1/Methods in CCS/Methods_in_CCS","544","legacy","xpyriment","0.856492027334852","n","638","0.76","hard","lijt","3","57700","0","774261","774185","NA","NA","0","778430","774260","828243","827007","827006","0","827584","0","774260","778426","NA","0","NA","0","0","777755","828223","54027","NA","827006","LexicalDecision"
"No","897","1","4","LF","2","1","1","n","/Users/florinecramer/Desktop/CCS 1/Methods in CCS/Methods_in_CCS","483","legacy","xpyriment","0.8568181818181818","n","897","0.76","hard","polsjes","3","57700","0","774261","774185","NA","NA","0","778430","774260","828243","830356","830355","0","830875","0","774260","778426","NA","0","NA","0","0","777755","831773","54027","NA","830355","LexicalDecision"
"No","889","1","4","HF","1","1","1","n","/Users/florinecramer/Desktop/CCS 1/Methods in CCS/Methods_in_CCS","504","legacy","xpyriment","0.8571428571428571","n","889","0.76","easy","brug","3","57700","0","774261","774185","NA","NA","0","778430","774260","828243","831857","831856","0","832400","0","774260","778426","NA","0","NA","0","0","777755","833290","54027","NA","831856","LexicalDecision"
"No","625","1","4","HF","1","1","1","n","/Users/florinecramer/Desktop/CCS 1/Methods in CCS/Methods_in_CCS","564","legacy","xpyriment","0.8574660633484162","n","625","0.76","easy","centraal","3","57700","0","774261","774185","NA","NA","0","778430","774260","828243","833373","833372","0","833972","0","774260","778426","NA","0","NA","0","0","777755","834598","54027","NA","833372","LexicalDecision"
"No","735","1","4","LF","2","1","1","n","/Users/florinecramer/Desktop/CCS 1/Methods in CCS/Methods_in_CCS","396","legacy","xpyriment","0.8577878103837472","n","735","0.76","hard","dadel","3","57700","0","774261","774185","NA","NA","0","778430","774260","828243","834682","834681","0","835113","0","774260","778426","NA","0","NA","0","0","777755","835849","54027","NA","834680","LexicalDecision"
"No","761","1","4","LF","2","1","1","n","/Users/florinecramer/Desktop/CCS 1/Methods in CCS/Methods_in_CCS","491","legacy","xpyriment","0.8581081081081081","n","761","0.76","hard","diva","3","57700","0","774261","774185","NA","NA","0","778430","774260","828243","835932","835931","0","836453","0","774260","778426","NA","0","NA","0","0","777755","837215","54027","NA","835931","LexicalDecision"
"No","877","1","4","HF","1","1","1","n","/Users/florinecramer/Desktop/CCS 1/Methods in CCS/Methods_in_CCS","591","legacy","xpyriment","0.8584269662921349","n","877","0.76","easy","zelden","3","57700","0","774261","774185","NA","NA","0","778430","774260","828243","837298","837297","0","837926","0","774260","778426","NA","0","NA","0","0","777755","838804","54027","NA","837297","LexicalDecision"
"No","633","1","4","Pseudo","3","1","1","m","/Users/florinecramer/Desktop/CCS 1/Methods in CCS/Methods_in_CCS","499","legacy","xpyriment","0.8587443946188341","m","633","0.76","hard","lenger","3","57700","0","774261","774185","NA","NA","0","778430","774260","828243","838887","838886","0","839420","0","774260","778426","NA","0","NA","0","0","777755","840054","54027","NA","838886","LexicalDecision"
"No","825","1","4","Pseudo","3","1","1","m","/Users/florinecramer/Desktop/CCS 1/Methods in CCS/Methods_in_CCS","432","legacy","xpyriment","0.8590604026845637","m","825","0.76","hard","geeerst","3","57700","0","774261","774185","NA","NA","0","778430","774260","828243","840138","840137","0","840613","0","774260","778426","NA","0","NA","0","0","777755","841439","54027","NA","840137","LexicalDecision"
"No","757","1","4","Pseudo","3","1","1","m","/Users/florinecramer/Desktop/CCS 1/Methods in CCS/Methods_in_CCS","510","legacy","xpyriment","0.859375","m","757","0.76","hard","hoddat","3","57700","0","774261","774185","NA","NA","0","778430","774260","828243","841522","841521","0","842067","0","774260","778426","NA","0","NA","0","0","777755","842825","54027","NA","841521","LexicalDecision"
"No","718","1","4","LF","2","1","1","n","/Users/florinecramer/Desktop/CCS 1/Methods in CCS/Methods_in_CCS","495","legacy","xpyriment","0.8596881959910914","n","718","0.76","hard","tankjes","3","57700","0","774261","774185","NA","NA","0","778430","774260","828243","842909","842908","0","843441","0","774260","778426","NA","0","NA","0","0","777755","844160","54027","NA","842908","LexicalDecision"
"No","951","1","4","Pseudo","3","1","1","m","/Users/florinecramer/Desktop/CCS 1/Methods in CCS/Methods_in_CCS","565","legacy","xpyriment","0.86","m","951","0.76","hard","veuren","3","57700","0","774261","774185","NA","NA","0","778430","774260","828243","844253","844252","0","844852","0","774260","778426","NA","0","NA","0","0","777755","845805","54027","NA","844252","LexicalDecision"
"No","600","1","4","LF","2","1","1","n","/Users/florinecramer/Desktop/CCS 1/Methods in CCS/Methods_in_CCS","579","legacy","xpyriment","0.8603104212860311","n","600","0.76","hard","items","3","57700","0","774261","774185","NA","NA","0","778430","774260","828243","845887","845886","0","846503","0","774260","778426","NA","0","NA","0","0","777755","847104","54027","NA","845886","LexicalDecision"
"No","976","0","4","LF","2","0","0","n","/Users/florinecramer/Desktop/CCS 1/Methods in CCS/Methods_in_CCS","494","legacy","xpyriment","0.8584070796460177","m","976","0.76","hard","weetjes","3","57700","0","774261","774185","NA","NA","0","778430","774260","848714","847188","847187","0","847715","0","774260","778426","NA","0","NA","0","0","777755","848693","54027","NA","847187","LexicalDecision"
"No","592","1","4","LF","2","1","1","n","/Users/florinecramer/Desktop/CCS 1/Methods in CCS/Methods_in_CCS","471","legacy","xpyriment","0.8587196467991169","n","592","0.76","hard","jury's","3","57700","0","774261","774185","NA","NA","0","778430","774260","848714","850830","850829","0","851337","0","774260","778426","NA","0","NA","0","0","777755","851931","54027","NA","850829","LexicalDecision"
"No","549","1","4","Random","4","1","1","m","/Users/florinecramer/Desktop/CCS 1/Methods in CCS/Methods_in_CCS","559","legacy","xpyriment","0.8590308370044053","m","549","0.76","easy","tneprpos","3","57700","0","774261","774185","NA","NA","0","778430","774260","848714","852013","852012","0","852608","0","774260","778426","NA","0","NA","0","0","777755","853158","54027","NA","852012","LexicalDecision"
"No","731","1","4","HF","1","1","1","n","/Users/florinecramer/Desktop/CCS 1/Methods in CCS/Methods_in_CCS","467","legacy","xpyriment","0.8593406593406593","n","731","0.76","easy","voorjaar","3","57700","0","774261","774185","NA","NA","0","778430","774260","848714","853242","853241","0","853740","0","774260","778426","NA","0","NA","0","0","777755","854472","54027","NA","853241","LexicalDecision"
"No","628","1","4","LF","2","1","1","n","/Users/florinecramer/Desktop/CCS 1/Methods in CCS/Methods_in_CCS","557","legacy","xpyriment","0.8596491228070176","n","628","0.76","hard","buurtje","3","57700","0","774261","774185","NA","NA","0","778430","774260","848714","854556","854555","0","855142","0","774260","778426","NA","0","NA","0","0","777755","855771","54027","NA","854555","LexicalDecision"
"No","658","1","4","LF","2","1","1","n","/Users/florinecramer/Desktop/CCS 1/Methods in CCS/Methods_in_CCS","396","legacy","xpyriment","0.8599562363238512","n","658","0.76","hard","mossels","3","57700","0","774261","774185","NA","NA","0","778430","774260","848714","855855","855854","0","856288","0","774260","778426","NA","0","NA","0","0","777755","856947","54027","NA","855854","LexicalDecision"
"No","634","1","4","Pseudo","3","1","1","m","/Users/florinecramer/Desktop/CCS 1/Methods in CCS/Methods_in_CCS","586","legacy","xpyriment","0.8602620087336245","m","634","0.76","hard","nied","3","57700","0","774261","774185","NA","NA","0","778430","774260","848714","857030","857029","0","857646","0","774260","778426","NA","0","NA","0","0","777755","858281","54027","NA","857029","LexicalDecision"
"No","670","1","4","LF","2","1","1","n","/Users/florinecramer/Desktop/CCS 1/Methods in CCS/Methods_in_CCS","417","legacy","xpyriment","0.8605664488017429","n","670","0.76","hard","kartons","3","57700","0","774261","774185","NA","NA","0","778430","774260","848714","858364","858363","0","858810","0","774260","778426","NA","0","NA","0","0","777755","859481","54027","NA","858363","LexicalDecision"
"No","1515","1","4","Pseudo","3","1","1","m","/Users/florinecramer/Desktop/CCS 1/Methods in CCS/Methods_in_CCS","508","legacy","xpyriment","0.8608695652173913","m","1515","0.76","hard","vrijgen","3","57700","0","774261","774185","NA","NA","0","778430","774260","848714","859566","859565","0","860108","0","774260","778426","NA","0","NA","0","0","777755","861624","54027","NA","859565","LexicalDecision"
"No","1314","1","4","HF","1","1","1","n","/Users/florinecramer/Desktop/CCS 1/Methods in CCS/Methods_in_CCS","512","legacy","xpyriment","0.8611713665943601","n","1314","0.76","easy","stoel","3","57700","0","774261","774185","NA","NA","0","778430","774260","848714","861708","861707","0","862256","0","774260","778426","NA","0","NA","0","0","777755","863571","54027","NA","861707","LexicalDecision"
"No","1229","0","4","Random","4","0","0","m","/Users/florinecramer/Desktop/CCS 1/Methods in CCS/Methods_in_CCS","553","legacy","xpyriment","0.8593073593073594","n","1229","0.76","easy","jansara","3","57700","0","774261","774185","NA","NA","0","778430","774260","865497","863657","863656","0","864246","0","774260","778426","NA","0","NA","0","0","777755","865476","54027","NA","863656","LexicalDecision"
"No","727","1","4","Pseudo","3","1","1","m","/Users/florinecramer/Desktop/CCS 1/Methods in CCS/Methods_in_CCS","407","legacy","xpyriment","0.8596112311015118","m","727","0.76","hard","dinden","3","57700","0","774261","774185","NA","NA","0","778430","774260","865497","867609","867608","0","868049","0","774260","778426","NA","0","NA","0","0","777755","868777","54027","NA","867608","LexicalDecision"
"No","584","1","4","Random","4","1","1","m","/Users/florinecramer/Desktop/CCS 1/Methods in CCS/Methods_in_CCS","547","legacy","xpyriment","0.8599137931034483","m","584","0.76","easy","eujtds","3","57700","0","774261","774185","NA","NA","0","778430","774260","865497","868860","868859","0","869441","0","774260","778426","NA","0","NA","0","0","777755","870026","54027","NA","868859","LexicalDecision"
"No","624","1","4","LF","2","1","1","n","/Users/florinecramer/Desktop/CCS 1/Methods in CCS/Methods_in_CCS","580","legacy","xpyriment","0.8602150537634409","n","624","0.76","hard","griezels","3","57700","0","774261","774185","NA","NA","0","778430","774260","865497","870110","870109","0","870726","0","774260","778426","NA","0","NA","0","0","777755","871351","54027","NA","870109","LexicalDecision"
"No","699","1","4","LF","2","1","1","n","/Users/florinecramer/Desktop/CCS 1/Methods in CCS/Methods_in_CCS","439","legacy","xpyriment","0.8605150214592274","n","699","0.76","hard","trutten","3","57700","0","774261","774185","NA","NA","0","778430","774260","865497","871435","871433","0","871905","0","774260","778426","NA","0","NA","0","0","777755","872605","54027","NA","871433","LexicalDecision"
"No","681","1","4","Random","4","1","1","m","/Users/florinecramer/Desktop/CCS 1/Methods in CCS/Methods_in_CCS","433","legacy","xpyriment","0.860813704496788","m","681","0.76","easy","oekejt","3","57700","0","774261","774185","NA","NA","0","778430","774260","865497","872689","872688","0","873162","0","774260","778426","NA","0","NA","0","0","777755","873844","54027","NA","872688","LexicalDecision"
"No","624","1","4","Pseudo","3","1","1","m","/Users/florinecramer/Desktop/CCS 1/Methods in CCS/Methods_in_CCS","492","legacy","xpyriment","0.8611111111111112","m","624","0.76","hard","almeid","3","57700","0","774261","774185","NA","NA","0","778430","774260","865497","873928","873927","0","874454","0","774260","778426","NA","0","NA","0","0","777755","875079","54027","NA","873927","LexicalDecision"
"No","609","1","4","HF","1","1","1","n","/Users/florinecramer/Desktop/CCS 1/Methods in CCS/Methods_in_CCS","524","legacy","xpyriment","0.8614072494669509","n","609","0.76","easy","meter","3","57700","0","774261","774185","NA","NA","0","778430","774260","865497","875163","875162","0","875720","0","774260","778426","NA","0","NA","0","0","777755","876330","54027","NA","875162","LexicalDecision"
"No","579","1","4","LF","2","1","1","n","/Users/florinecramer/Desktop/CCS 1/Methods in CCS/Methods_in_CCS","490","legacy","xpyriment","0.8617021276595744","n","579","0.76","hard","vorkjes","3","57700","0","774261","774185","NA","NA","0","778430","774260","865497","876413","876412","0","876935","0","774260","778426","NA","0","NA","0","0","777755","877515","54027","NA","876412","LexicalDecision"
"No","602","1","4","LF","2","1","1","n","/Users/florinecramer/Desktop/CCS 1/Methods in CCS/Methods_in_CCS","468","legacy","xpyriment","0.861995753715499","n","602","0.76","hard","otters","3","57700","0","774261","774185","NA","NA","0","778430","774260","865497","877600","877599","0","878108","0","774260","778426","NA","0","NA","0","0","777755","878711","54027","NA","877599","LexicalDecision"
"No","857","1","4","HF","1","1","1","n","/Users/florinecramer/Desktop/CCS 1/Methods in CCS/Methods_in_CCS","454","legacy","xpyriment","0.8622881355932204","n","857","0.76","easy","actief","3","57700","0","774261","774185","NA","NA","0","778430","774260","865497","878796","878795","0","879284","0","774260","778426","NA","0","NA","0","0","777755","880142","54027","NA","878795","LexicalDecision"
"No","804","1","4","LF","2","1","1","n","/Users/florinecramer/Desktop/CCS 1/Methods in CCS/Methods_in_CCS","398","legacy","xpyriment","0.8625792811839323","n","804","0.76","hard","merries","3","57700","0","774261","774185","NA","NA","0","778430","774260","865497","880226","880224","0","880660","0","774260","778426","NA","0","NA","0","0","777755","881465","54027","NA","880224","LexicalDecision"
"No","721","1","4","Pseudo","3","1","1","m","/Users/florinecramer/Desktop/CCS 1/Methods in CCS/Methods_in_CCS","504","legacy","xpyriment","0.8628691983122363","m","721","0.76","hard","vaser","3","57700","0","774261","774185","NA","NA","0","778430","774260","865497","881548","881547","0","882084","0","774260","778426","NA","0","NA","0","0","777755","882806","54027","NA","881547","LexicalDecision"
"No","693","1","4","LF","2","1","1","n","/Users/florinecramer/Desktop/CCS 1/Methods in CCS/Methods_in_CCS","514","legacy","xpyriment","0.8631578947368421","n","693","0.76","hard","bizon","3","57700","0","774261","774185","NA","NA","0","778430","774260","865497","882890","882889","0","883437","0","774260","778426","NA","0","NA","0","0","777755","884131","54027","NA","882889","LexicalDecision"
"No","709","1","4","Pseudo","3","1","1","m","/Users/florinecramer/Desktop/CCS 1/Methods in CCS/Methods_in_CCS","461","legacy","xpyriment","0.8634453781512605","m","709","0.76","hard","osvat","3","57700","0","774261","774185","NA","NA","0","778430","774260","865497","884215","884214","0","884710","0","774260","778426","NA","0","NA","0","0","777755","885420","54027","NA","884214","LexicalDecision"
"No","889","1","4","HF","1","1","1","n","/Users/florinecramer/Desktop/CCS 1/Methods in CCS/Methods_in_CCS","457","legacy","xpyriment","0.8637316561844863","n","889","0.76","easy","nooit","3","57700","0","774261","774185","NA","NA","0","778430","774260","865497","885504","885503","0","885999","0","774260","778426","NA","0","NA","0","0","777755","886889","54027","NA","885503","LexicalDecision"
"No","657","0","4","Pseudo","3","0","0","m","/Users/florinecramer/Desktop/CCS 1/Methods in CCS/Methods_in_CCS","509","legacy","xpyriment","0.8619246861924686","n","657","0.76","hard","verkt","3","57700","0","774261","774185","NA","NA","0","778430","774260","888194","886973","886972","0","887516","0","774260","778426","NA","0","NA","0","0","777755","888174","54027","NA","886972","LexicalDecision"
"No","1112","1","4","Pseudo","3","1","1","m","/Users/florinecramer/Desktop/CCS 1/Methods in CCS/Methods_in_CCS","503","legacy","xpyriment","0.8622129436325678","m","1112","0.76","hard","geschakt","3","57700","0","774261","774185","NA","NA","0","778430","774260","888194","890308","890307","0","890844","0","774260","778426","NA","0","NA","0","0","777755","891957","54027","NA","890307","LexicalDecision"
"No","691","1","4","HF","1","1","1","n","/Users/florinecramer/Desktop/CCS 1/Methods in CCS/Methods_in_CCS","578","legacy","xpyriment","0.8625","n","691","0.76","easy","sinds","3","57700","0","774261","774185","NA","NA","0","778430","774260","888194","892041","892040","0","892652","0","774260","778426","NA","0","NA","0","0","777755","893344","54027","NA","892040","LexicalDecision"
"No","745","1","4","LF","2","1","1","n","/Users/florinecramer/Desktop/CCS 1/Methods in CCS/Methods_in_CCS","419","legacy","xpyriment","0.8627858627858628","n","745","0.76","hard","blaasje","3","57700","0","774261","774185","NA","NA","0","778430","774260","888194","893426","893425","0","893878","0","774260","778426","NA","0","NA","0","0","777755","894624","54027","NA","893425","LexicalDecision"
"No","883","1","4","LF","2","1","1","n","/Users/florinecramer/Desktop/CCS 1/Methods in CCS/Methods_in_CCS","566","legacy","xpyriment","0.8630705394190872","n","883","0.76","hard","koortje","3","57700","0","774261","774185","NA","NA","0","778430","774260","888194","894718","894717","0","895319","0","774260","778426","NA","0","NA","0","0","777755","896203","54027","NA","894717","LexicalDecision"
"No","986","1","4","Pseudo","3","1","1","m","/Users/florinecramer/Desktop/CCS 1/Methods in CCS/Methods_in_CCS","595","legacy","xpyriment","0.8633540372670807","m","986","0.76","hard","huimen","3","57700","0","774261","774185","NA","NA","0","778430","774260","888194","896288","896287","0","896915","0","774260","778426","NA","0","NA","0","0","777755","897903","54027","NA","896287","LexicalDecision"
"No","634","1","4","LF","2","1","1","n","/Users/florinecramer/Desktop/CCS 1/Methods in CCS/Methods_in_CCS","522","legacy","xpyriment","0.8636363636363636","n","634","0.76","hard","buizerds","3","57700","0","774261","774185","NA","NA","0","778430","774260","888194","897988","897987","0","898544","0","774260","778426","NA","0","NA","0","0","777755","899180","54027","NA","897987","LexicalDecision"
"No","715","1","4","Random","4","1","1","m","/Users/florinecramer/Desktop/CCS 1/Methods in CCS/Methods_in_CCS","398","legacy","xpyriment","0.8639175257731959","m","715","0.76","easy","grehans","3","57700","0","774261","774185","NA","NA","0","778430","774260","888194","899264","899263","0","899698","0","774260","778426","NA","0","NA","0","0","777755","900414","54027","NA","899263","LexicalDecision"
"No","974","1","4","Pseudo","3","1","1","m","/Users/florinecramer/Desktop/CCS 1/Methods in CCS/Methods_in_CCS","542","legacy","xpyriment","0.8641975308641975","m","974","0.76","hard","lieuws","3","57700","0","774261","774185","NA","NA","0","778430","774260","888194","900500","900499","0","901074","0","774260","778426","NA","0","NA","0","0","777755","902049","54027","NA","900499","LexicalDecision"
"No","1006","1","4","LF","2","1","1","n","/Users/florinecramer/Desktop/CCS 1/Methods in CCS/Methods_in_CCS","484","legacy","xpyriment","0.864476386036961","n","1006","0.76","hard","diefje","3","57700","0","774261","774185","NA","NA","0","778430","774260","888194","902133","902132","0","902654","0","774260","778426","NA","0","NA","0","0","777755","903662","54027","NA","902132","LexicalDecision"
"No","530","0","4","LF","2","0","0","n","/Users/florinecramer/Desktop/CCS 1/Methods in CCS/Methods_in_CCS","525","legacy","xpyriment","0.8627049180327869","m","530","0.76","hard","levers","3","57700","0","774261","774185","NA","NA","0","778430","774260","904862","903750","903749","0","904311","0","774260","778426","NA","0","NA","0","0","777755","904842","54027","NA","903749","LexicalDecision"
"No","616","1","4","LF","2","1","1","n","/Users/florinecramer/Desktop/CCS 1/Methods in CCS/Methods_in_CCS","519","legacy","xpyriment","0.8629856850715747","n","616","0.76","hard","zombie","3","57700","0","774261","774185","NA","NA","0","778430","774260","904862","906972","906971","0","907526","0","774260","778426","NA","0","NA","0","0","777755","908143","54027","NA","906971","LexicalDecision"
"No","658","1","4","Random","4","1","1","m","/Users/florinecramer/Desktop/CCS 1/Methods in CCS/Methods_in_CCS","481","legacy","xpyriment","0.863265306122449","m","658","0.76","easy","egams","3","57700","0","774261","774185","NA","NA","0","778430","774260","904862","908227","908226","0","908746","0","774260","778426","NA","0","NA","0","0","777755","909406","54027","NA","908226","LexicalDecision"
"No","762","1","4","LF","2","1","1","n","/Users/florinecramer/Desktop/CCS 1/Methods in CCS/Methods_in_CCS","571","legacy","xpyriment","0.8635437881873728","n","762","0.76","hard","eenhoorn","3","57700","0","774261","774185","NA","NA","0","778430","774260","904862","909491","909490","0","910099","0","774260","778426","NA","0","NA","0","0","777755","910862","54027","NA","909490","LexicalDecision"
"No","790","1","4","Pseudo","3","1","1","m","/Users/florinecramer/Desktop/CCS 1/Methods in CCS/Methods_in_CCS","479","legacy","xpyriment","0.8638211382113821","m","790","0.76","hard","heeld","3","57700","0","774261","774185","NA","NA","0","778430","774260","904862","910946","910945","0","911460","0","774260","778426","NA","0","NA","0","0","777755","912251","54027","NA","910945","LexicalDecision"
"No","780","0","4","Pseudo","3","0","0","m","/Users/florinecramer/Desktop/CCS 1/Methods in CCS/Methods_in_CCS","475","legacy","xpyriment","0.8620689655172413","n","780","0.76","hard","gevield","3","57700","0","774261","774185","NA","NA","0","778430","774260","913648","912336","912335","0","912847","0","774260","778426","NA","0","NA","0","0","777755","913628","54027","NA","912335","LexicalDecision"
"No","1134","1","4","Pseudo","3","1","1","m","/Users/florinecramer/Desktop/CCS 1/Methods in CCS/Methods_in_CCS","432","legacy","xpyriment","0.8623481781376519","m","1134","0.76","hard","ploes","3","57700","0","774261","774185","NA","NA","0","778430","774260","913648","915765","915764","0","916234","0","774260","778426","NA","0","NA","0","0","777755","917370","54027","NA","915764","LexicalDecision"
"No","757","1","4","LF","2","1","1","n","/Users/florinecramer/Desktop/CCS 1/Methods in CCS/Methods_in_CCS","463","legacy","xpyriment","0.8626262626262626","n","757","0.76","hard","donors","3","57700","0","774261","774185","NA","NA","0","778430","774260","913648","917454","917453","0","917952","0","774260","778426","NA","0","NA","0","0","777755","918710","54027","NA","917453","LexicalDecision"
"No","662","1","4","LF","2","1","1","n","/Users/florinecramer/Desktop/CCS 1/Methods in CCS/Methods_in_CCS","561","legacy","xpyriment","0.8629032258064516","n","662","0.76","hard","jargons","3","57700","0","774261","774185","NA","NA","0","778430","774260","913648","918795","918794","0","919387","0","774260","778426","NA","0","NA","0","0","777755","920050","54027","NA","918794","LexicalDecision"
"No","751","1","4","Pseudo","3","1","1","m","/Users/florinecramer/Desktop/CCS 1/Methods in CCS/Methods_in_CCS","401","legacy","xpyriment","0.8631790744466801","m","751","0.76","hard","breg","3","57700","0","774261","774185","NA","NA","0","778430","774260","913648","920135","920134","0","920570","0","774260","778426","NA","0","NA","0","0","777755","921322","54027","NA","920134","LexicalDecision"
"No","746","1","4","LF","2","1","1","n","/Users/florinecramer/Desktop/CCS 1/Methods in CCS/Methods_in_CCS","522","legacy","xpyriment","0.8634538152610441","n","746","0.76","hard","reebok","3","57700","0","774261","774185","NA","NA","0","778430","774260","913648","921407","921406","0","921965","0","774260","778426","NA","0","NA","0","0","777755","922712","54027","NA","921406","LexicalDecision"
"No","781","1","4","Pseudo","3","1","1","m","/Users/florinecramer/Desktop/CCS 1/Methods in CCS/Methods_in_CCS","450","legacy","xpyriment","0.8637274549098196","m","781","0.76","hard","stijs","3","57700","0","774261","774185","NA","NA","0","778430","774260","913648","922796","922795","0","923277","0","774260","778426","NA","0","NA","0","0","777755","924059","54027","NA","922795","LexicalDecision"
"No","952","1","4","Pseudo","3","1","1","m","/Users/florinecramer/Desktop/CCS 1/Methods in CCS/Methods_in_CCS","575","legacy","xpyriment","0.864","m","952","0.76","hard","lienen","3","57700","0","774261","774185","NA","NA","0","778430","774260","913648","924142","924141","0","924748","0","774260","778426","NA","0","NA","0","0","777755","925701","54027","NA","924141","LexicalDecision"
"No","809","1","4","Pseudo","3","1","1","m","/Users/florinecramer/Desktop/CCS 1/Methods in CCS/Methods_in_CCS","495","legacy","xpyriment","0.8642714570858283","m","809","0.76","hard","belocht","3","57700","0","774261","774185","NA","NA","0","778430","774260","913648","925785","925784","0","926313","0","774260","778426","NA","0","NA","0","0","777755","927123","54027","NA","925784","LexicalDecision"
"No","690","1","4","LF","2","1","1","n","/Users/florinecramer/Desktop/CCS 1/Methods in CCS/Methods_in_CCS","496","legacy","xpyriment","0.8645418326693227","n","690","0.76","hard","zweertje","3","57700","0","774261","774185","NA","NA","0","778430","774260","913648","927206","927206","0","927739","0","774260","778426","NA","0","NA","0","0","777755","928430","54027","NA","927205","LexicalDecision"
"No","888","0","4","Pseudo","3","0","0","m","/Users/florinecramer/Desktop/CCS 1/Methods in CCS/Methods_in_CCS","523","legacy","xpyriment","0.8628230616302187","n","888","0.76","hard","hood","3","57700","0","774261","774185","NA","NA","0","778430","774260","929979","928514","928513","0","929070","0","774260","778426","NA","0","NA","0","0","777755","929959","54027","NA","928513","LexicalDecision"
"No","632","1","4","Pseudo","3","1","1","m","/Users/florinecramer/Desktop/CCS 1/Methods in CCS/Methods_in_CCS","457","legacy","xpyriment","0.8630952380952381","m","632","0.76","hard","gien","3","57700","0","774261","774185","NA","NA","0","778430","774260","929979","932097","932096","0","932590","0","774260","778426","NA","0","NA","0","0","777755","933223","54027","NA","932096","LexicalDecision"
"No","976","1","4","Pseudo","3","1","1","m","/Users/florinecramer/Desktop/CCS 1/Methods in CCS/Methods_in_CCS","523","legacy","xpyriment","0.8633663366336634","m","976","0.76","hard","verde","3","57700","0","774261","774185","NA","NA","0","778430","774260","929979","933307","933306","0","933866","0","774260","778426","NA","0","NA","0","0","777755","934843","54027","NA","933306","LexicalDecision"
"No","1002","1","4","LF","2","1","1","n","/Users/florinecramer/Desktop/CCS 1/Methods in CCS/Methods_in_CCS","431","legacy","xpyriment","0.8636363636363636","n","1002","0.76","hard","musje","3","57700","0","774261","774185","NA","NA","0","778430","774260","929979","934928","934927","0","935391","0","774260","778426","NA","0","NA","0","0","777755","936394","54027","NA","934927","LexicalDecision"
"No","779","1","4","Pseudo","3","1","1","m","/Users/florinecramer/Desktop/CCS 1/Methods in CCS/Methods_in_CCS","492","legacy","xpyriment","0.863905325443787","m","779","0.76","hard","kijn","3","57700","0","774261","774185","NA","NA","0","778430","774260","929979","936478","936477","0","937010","0","774260","778426","NA","0","NA","0","0","777755","937790","54027","NA","936477","LexicalDecision"
"No","1288","1","4","LF","2","1","1","n","/Users/florinecramer/Desktop/CCS 1/Methods in CCS/Methods_in_CCS","416","legacy","xpyriment","0.8641732283464567","n","1288","0.76","hard","matches","3","57700","0","774261","774185","NA","NA","0","778430","774260","929979","937874","937873","0","938323","0","774260","778426","NA","0","NA","0","0","777755","939612","54027","NA","937873","LexicalDecision"
"No","676","1","4","LF","2","1","1","n","/Users/florinecramer/Desktop/CCS 1/Methods in CCS/Methods_in_CCS","487","legacy","xpyriment","0.8644400785854617","n","676","0.76","hard","stiften","3","57700","0","774261","774185","NA","NA","0","778430","774260","929979","939700","939699","0","940221","0","774260","778426","NA","0","NA","0","0","777755","940898","54027","NA","939699","LexicalDecision"
"No","682","1","4","Pseudo","3","1","1","m","/Users/florinecramer/Desktop/CCS 1/Methods in CCS/Methods_in_CCS","565","legacy","xpyriment","0.8647058823529412","m","682","0.76","hard","inze","3","57700","0","774261","774185","NA","NA","0","778430","774260","929979","940983","940982","0","941587","0","774260","778426","NA","0","NA","0","0","777755","942270","54027","NA","940982","LexicalDecision"
"No","849","0","4","Pseudo","3","0","0","m","/Users/florinecramer/Desktop/CCS 1/Methods in CCS/Methods_in_CCS","466","legacy","xpyriment","0.863013698630137","n","849","0.76","hard","strang","3","57700","0","774261","774185","NA","NA","0","778430","774260","943727","942355","942354","0","942856","0","774260","778426","NA","0","NA","0","0","777755","943707","54027","NA","942354","LexicalDecision"
"No","946","1","4","Pseudo","3","1","1","m","/Users/florinecramer/Desktop/CCS 1/Methods in CCS/Methods_in_CCS","421","legacy","xpyriment","0.86328125","m","946","0.76","hard","consact","3","57700","0","774261","774185","NA","NA","0","778430","774260","943727","945847","945845","0","946306","0","774260","778426","NA","0","NA","0","0","777755","947254","54027","NA","945845","LexicalDecision"
"No","621","1","4","Random","4","1","1","m","/Users/florinecramer/Desktop/CCS 1/Methods in CCS/Methods_in_CCS","499","legacy","xpyriment","0.8635477582846004","m","621","0.76","easy","apkjse","3","57700","0","774261","774185","NA","NA","0","778430","774260","943727","947337","947336","0","947871","0","774260","778426","NA","0","NA","0","0","777755","948494","54027","NA","947336","LexicalDecision"
"No","1155","1","4","LF","2","1","1","n","/Users/florinecramer/Desktop/CCS 1/Methods in CCS/Methods_in_CCS","451","legacy","xpyriment","0.8638132295719845","n","1155","0.76","hard","glijbaan","3","57700","0","774261","774185","NA","NA","0","778430","774260","943727","948577","948576","0","949062","0","774260","778426","NA","0","NA","0","0","777755","950218","54027","NA","948576","LexicalDecision"
"No","965","0","4","HF","1","0","0","n","/Users/florinecramer/Desktop/CCS 1/Methods in CCS/Methods_in_CCS","443","legacy","xpyriment","0.8621359223300971","m","965","0.76","easy","leren","3","57700","0","774261","774185","NA","NA","0","778430","774260","951761","950304","950303","0","950774","0","774260","778426","NA","0","NA","0","0","777755","951740","54027","NA","950303","LexicalDecision"
"No","1076","0","4","Pseudo","3","0","0","m","/Users/florinecramer/Desktop/CCS 1/Methods in CCS/Methods_in_CCS","524","legacy","xpyriment","0.8604651162790697","n","1076","0.76","hard","buimen","3","57700","0","774261","774185","NA","NA","0","778430","774260","955531","953878","953877","0","954432","0","774260","778426","NA","0","NA","0","0","777755","955510","54027","NA","953877","LexicalDecision"
"No","915","1","4","HF","1","1","1","n","/Users/florinecramer/Desktop/CCS 1/Methods in CCS/Methods_in_CCS","411","legacy","xpyriment","0.8607350096711799","n","915","0.76","easy","hotel","3","57700","0","774261","774185","NA","NA","0","778430","774260","955531","957646","957645","0","958098","0","774260","778426","NA","0","NA","0","0","777755","959014","54027","NA","957645","LexicalDecision"
"No","568","1","4","Pseudo","3","1","1","m","/Users/florinecramer/Desktop/CCS 1/Methods in CCS/Methods_in_CCS","395","legacy","xpyriment","0.861003861003861","m","568","0.76","hard","brepen","3","57700","0","774261","774185","NA","NA","0","778430","774260","955531","959098","959097","0","959522","0","774260","778426","NA","0","NA","0","0","777755","960091","54027","NA","959097","LexicalDecision"
"No","795","1","4","Pseudo","3","1","1","m","/Users/florinecramer/Desktop/CCS 1/Methods in CCS/Methods_in_CCS","470","legacy","xpyriment","0.861271676300578","m","795","0.76","hard","tatel","3","57700","0","774261","774185","NA","NA","0","778430","774260","955531","960176","960175","0","960684","0","774260","778426","NA","0","NA","0","0","777755","961480","54027","NA","960175","LexicalDecision"
"No","692","0","4","LF","2","0","0","n","/Users/florinecramer/Desktop/CCS 1/Methods in CCS/Methods_in_CCS","543","legacy","xpyriment","0.8596153846153847","m","692","0.76","hard","wipplank","3","57700","0","774261","774185","NA","NA","0","778430","774260","962856","961564","961563","0","962143","0","774260","778426","NA","0","NA","0","0","777755","962836","54027","NA","961563","LexicalDecision"
"No","643","1","4","HF","1","1","1","n","/Users/florinecramer/Desktop/CCS 1/Methods in CCS/Methods_in_CCS","587","legacy","xpyriment","0.8598848368522073","n","643","0.76","easy","invloed","3","57700","0","774261","774185","NA","NA","0","778430","774260","962856","964962","964961","0","965581","0","774260","778426","NA","0","NA","0","0","777755","966225","54027","NA","964961","LexicalDecision"
"No","622","1","4","HF","1","1","1","n","/Users/florinecramer/Desktop/CCS 1/Methods in CCS/Methods_in_CCS","398","legacy","xpyriment","0.8601532567049809","n","622","0.76","easy","land","3","57700","0","774261","774185","NA","NA","0","778430","774260","962856","966309","966308","0","966745","0","774260","778426","NA","0","NA","0","0","777755","967368","54027","NA","966308","LexicalDecision"
"No","723","1","4","LF","2","1","1","n","/Users/florinecramer/Desktop/CCS 1/Methods in CCS/Methods_in_CCS","425","legacy","xpyriment","0.8604206500956023","n","723","0.76","hard","vuilbak","3","57700","0","774261","774185","NA","NA","0","778430","774260","962856","967452","967451","0","967914","0","774260","778426","NA","0","NA","0","0","777755","968638","54027","NA","967451","LexicalDecision"
"No","848","1","4","Pseudo","3","1","1","m","/Users/florinecramer/Desktop/CCS 1/Methods in CCS/Methods_in_CCS","552","legacy","xpyriment","0.8606870229007634","m","848","0.76","hard","zebben","3","57700","0","774261","774185","NA","NA","0","778430","774260","962856","968722","968721","0","969310","0","774260","778426","NA","0","NA","0","0","777755","970159","54027","NA","968721","LexicalDecision"
"No","636","1","4","HF","1","1","1","n","/Users/florinecramer/Desktop/CCS 1/Methods in CCS/Methods_in_CCS","500","legacy","xpyriment","0.8609523809523809","n","636","0.76","easy","snelle","3","57700","0","774261","774185","NA","NA","0","778430","774260","962856","970243","970242","0","970777","0","774260","778426","NA","0","NA","0","0","777755","971414","54027","NA","970242","LexicalDecision"
"No","835","1","4","LF","2","1","1","n","/Users/florinecramer/Desktop/CCS 1/Methods in CCS/Methods_in_CCS","494","legacy","xpyriment","0.8612167300380228","n","835","0.76","hard","proton","3","57700","0","774261","774185","NA","NA","0","778430","774260","962856","971498","971497","0","972029","0","774260","778426","NA","0","NA","0","0","777755","972865","54027","NA","971497","LexicalDecision"
"No","766","1","4","HF","1","1","1","n","/Users/florinecramer/Desktop/CCS 1/Methods in CCS/Methods_in_CCS","418","legacy","xpyriment","0.8614800759013282","n","766","0.76","easy","diepte","3","57700","0","774261","774185","NA","NA","0","778430","774260","962856","972948","972947","0","973396","0","774260","778426","NA","0","NA","0","0","777755","974163","54027","NA","972947","LexicalDecision"
"No","1273","1","4","LF","2","1","1","n","/Users/florinecramer/Desktop/CCS 1/Methods in CCS/Methods_in_CCS","499","legacy","xpyriment","0.8617424242424242","n","1273","0.76","hard","vosje","3","57700","0","774261","774185","NA","NA","0","778430","774260","962856","974248","974247","0","974780","0","774260","778426","NA","0","NA","0","0","777755","976054","54027","NA","974247","LexicalDecision"
"No","746","1","4","LF","2","1","1","n","/Users/florinecramer/Desktop/CCS 1/Methods in CCS/Methods_in_CCS","477","legacy","xpyriment","0.8620037807183365","n","746","0.76","hard","zithoek","3","57700","0","774261","774185","NA","NA","0","778430","774260","962856","976140","976139","0","976651","0","774260","778426","NA","0","NA","0","0","777755","977398","54027","NA","976139","LexicalDecision"
"No","698","1","4","Random","4","1","1","m","/Users/florinecramer/Desktop/CCS 1/Methods in CCS/Methods_in_CCS","567","legacy","xpyriment","0.8622641509433963","m","698","0.76","easy","uittejrs","3","57700","0","774261","774185","NA","NA","0","778430","774260","962856","977483","977482","0","978084","0","774260","778426","NA","0","NA","0","0","777755","978783","54027","NA","977482","LexicalDecision"
"No","775","1","4","Pseudo","3","1","1","m","/Users/florinecramer/Desktop/CCS 1/Methods in CCS/Methods_in_CCS","575","legacy","xpyriment","0.8625235404896422","m","775","0.76","hard","begen","3","57700","0","774261","774185","NA","NA","0","778430","774260","962856","978868","978867","0","979474","0","774260","778426","NA","0","NA","0","0","777755","980250","54027","NA","978867","LexicalDecision"
"No","730","1","4","Pseudo","3","1","1","m","/Users/florinecramer/Desktop/CCS 1/Methods in CCS/Methods_in_CCS","514","legacy","xpyriment","0.8627819548872181","m","730","0.76","hard","maagten","3","57700","0","774261","774185","NA","NA","0","778430","774260","962856","980333","980332","0","980875","0","774260","778426","NA","0","NA","0","0","777755","981606","54027","NA","980332","LexicalDecision"
"No","701","1","4","Pseudo","3","1","1","m","/Users/florinecramer/Desktop/CCS 1/Methods in CCS/Methods_in_CCS","590","legacy","xpyriment","0.8630393996247655","m","701","0.76","hard","mopor","3","57700","0","774261","774185","NA","NA","0","778430","774260","962856","981690","981689","0","982318","0","774260","778426","NA","0","NA","0","0","777755","983021","54027","NA","981689","LexicalDecision"
"No","573","1","4","LF","2","1","1","n","/Users/florinecramer/Desktop/CCS 1/Methods in CCS/Methods_in_CCS","592","legacy","xpyriment","0.8632958801498127","n","573","0.76","hard","matjes","3","57700","0","774261","774185","NA","NA","0","778430","774260","962856","983103","983102","0","983731","0","774260","778426","NA","0","NA","0","0","777755","984305","54027","NA","983102","LexicalDecision"
"No","634","1","4","LF","2","1","1","n","/Users/florinecramer/Desktop/CCS 1/Methods in CCS/Methods_in_CCS","579","legacy","xpyriment","0.8635514018691589","n","634","0.76","hard","selder","3","57700","0","774261","774185","NA","NA","0","778430","774260","962856","984388","984387","0","985004","0","774260","778426","NA","0","NA","0","0","777755","985639","54027","NA","984387","LexicalDecision"
"No","791","1","4","HF","1","1","1","n","/Users/florinecramer/Desktop/CCS 1/Methods in CCS/Methods_in_CCS","580","legacy","xpyriment","0.8638059701492538","n","791","0.76","easy","donker","3","57700","0","774261","774185","NA","NA","0","778430","774260","962856","985722","985721","0","986339","0","774260","778426","NA","0","NA","0","0","777755","987132","54027","NA","985721","LexicalDecision"
"No","768","1","4","Pseudo","3","1","1","m","/Users/florinecramer/Desktop/CCS 1/Methods in CCS/Methods_in_CCS","424","legacy","xpyriment","0.8640595903165735","m","768","0.76","hard","fede","3","57700","0","774261","774185","NA","NA","0","778430","774260","962856","987215","987214","0","987674","0","774260","778426","NA","0","NA","0","0","777755","988444","54027","NA","987214","LexicalDecision"
"No","1277","1","4","HF","1","1","1","n","/Users/florinecramer/Desktop/CCS 1/Methods in CCS/Methods_in_CCS","412","legacy","xpyriment","0.8643122676579925","n","1277","0.76","easy","echter","3","57700","0","774261","774185","NA","NA","0","778430","774260","962856","988526","988525","0","988974","0","774260","778426","NA","0","NA","0","0","777755","990253","54027","NA","988525","LexicalDecision"
"No","2000","0","4","Pseudo","3","0","0","m","/Users/florinecramer/Desktop/CCS 1/Methods in CCS/Methods_in_CCS","574","legacy","xpyriment","0.862708719851577","None","2000","0.76","hard","spof","3","57700","0","774261","774185","NA","NA","0","778430","774260","992966","990337","990336","0","990944","0","774260","778426","NA","0","NA","0","0","777755","992944","54027","NA","990336","LexicalDecision"
"No","607","1","4","LF","2","1","1","n","/Users/florinecramer/Desktop/CCS 1/Methods in CCS/Methods_in_CCS","441","legacy","xpyriment","0.8629629629629629","n","607","0.76","hard","teefjes","3","57700","0","774261","774185","NA","NA","0","778430","774260","992966","995083","995082","0","995561","0","774260","778426","NA","0","NA","0","0","777755","996169","54027","NA","995082","LexicalDecision"
