"Practice","RT","accuracy","block","cond","condition","correct","correct_keyboard_response","correct_response","experiment_path","fixation_dur","keyboard_backend","mouse_backend","overall_accuracy","response_keyboard_response","response_time_keyboard_response","running_accuracy","stim_type","stimulus","subject_nr","time_Experimental","time_Practice","time_block_start","time_end_of_block_trigger","time_end_of_experiment","time_end_of_practice_block_trigger","time_experiment","time_experimental_block","time_experimental_sequence","time_feedback","time_fixation","time_fixation_duration","time_generalpreps","time_keyboard_response","time_main_instructions","time_new_block","time_new_block_trigger","time_new_sketchpad","time_practice_block","time_practice_block_trigger","time_practice_sequence_1","time_practice_start","time_presstostart","time_response_trigger","time_stimulus","time_stimulus_trigger","time_trial_sequence","title"
"Yes","2000","0","0","Pseudo","3","0","0","m","/Users/florinecramer/Desktop/CCS 1/Methods in CCS/Methods_in_CCS","488","legacy","xpyriment","0.5","None","2000","NA","NA","beeke","2","NA","0","NA","NA","NA","NA","0","NA","NA","38652","0","0","0","36629","0","NA","NA","NA","0","NA","0","0","0","38629","36629","NA","0","LexicalDecision"
"Yes","8","0","0","Random","4","0","0","m","/Users/florinecramer/Desktop/CCS 1/Methods in CCS/Methods_in_CCS","528","legacy","xpyriment","0.5","n","8","NA","NA","robtu","2","NA","0","NA","NA","NA","NA","0","NA","NA","41347","40772","40770","0","41303","0","NA","NA","NA","0","NA","0","0","0","41313","41303","NA","40770","LexicalDecision"
"Yes","1144","0","0","Pseudo","3","0","0","m","/Users/florinecramer/Desktop/CCS 1/Methods in CCS/Methods_in_CCS","584","legacy","xpyriment","0.5","n","1144","NA","NA","kijten","2","NA","0","NA","NA","NA","NA","0","NA","NA","45206","43451","43450","0","44038","0","NA","NA","NA","0","NA","0","0","0","45183","44037","NA","43450","LexicalDecision"
"Yes","629","1","0","Random","4","1","1","m","/Users/florinecramer/Desktop/CCS 1/Methods in CCS/Methods_in_CCS","543","legacy","xpyriment","0.5","m","629","NA","NA","jlsueki","2","NA","0","NA","NA","NA","NA","0","NA","NA","45206","47323","47322","0","47869","0","NA","NA","NA","0","NA","0","0","0","48499","47869","NA","47322","LexicalDecision"
"Yes","835","1","0","HF","1","1","1","n","/Users/florinecramer/Desktop/CCS 1/Methods in CCS/Methods_in_CCS","475","legacy","xpyriment","0.5","n","835","NA","NA","destijds","2","NA","0","NA","NA","NA","NA","0","NA","NA","45206","48584","48582","0","49062","0","NA","NA","NA","0","NA","0","0","0","49898","49062","NA","48582","LexicalDecision"
"Yes","738","1","0","HF","1","1","1","n","/Users/florinecramer/Desktop/CCS 1/Methods in CCS/Methods_in_CCS","506","legacy","xpyriment","0.5","n","738","NA","NA","schoenen","2","NA","0","NA","NA","NA","NA","0","NA","NA","45206","49982","49981","0","50492","0","NA","NA","NA","0","NA","0","0","0","51231","50492","NA","49981","LexicalDecision"
"Yes","523","1","0","LF","2","1","1","n","/Users/florinecramer/Desktop/CCS 1/Methods in CCS/Methods_in_CCS","544","legacy","xpyriment","0.5","n","523","NA","NA","polsjes","2","NA","0","NA","NA","NA","NA","0","NA","NA","45206","51316","51315","0","51864","0","NA","NA","NA","0","NA","0","0","0","52388","51863","NA","51315","LexicalDecision"
"Yes","497","1","0","LF","2","1","1","n","/Users/florinecramer/Desktop/CCS 1/Methods in CCS/Methods_in_CCS","592","legacy","xpyriment","0.5","n","497","NA","NA","tekstje","2","NA","0","NA","NA","NA","NA","0","NA","NA","45206","52473","52471","0","53068","0","NA","NA","NA","0","NA","0","0","0","53566","53067","NA","52471","LexicalDecision"
"No","496","1","1","HF","1","1","1","n","/Users/florinecramer/Desktop/CCS 1/Methods in CCS/Methods_in_CCS","579","legacy","xpyriment","1.0","n","496","1.0","easy","blijven","2","55734","0","55792","NA","NA","NA","0","62357","55789","45206","62411","62409","0","63026","0","55789","62352","NA","0","NA","0","0","61353","63523","53067","NA","62409","LexicalDecision"
"No","467","1","1","HF","1","1","1","n","/Users/florinecramer/Desktop/CCS 1/Methods in CCS/Methods_in_CCS","416","legacy","xpyriment","1.0","n","467","1.0","easy","landen","2","55734","0","55792","NA","NA","NA","0","62357","55789","45206","63609","63608","0","64057","0","55789","62352","NA","0","NA","0","0","61353","64525","53067","NA","63608","LexicalDecision"
"No","693","1","1","Pseudo","3","1","1","m","/Users/florinecramer/Desktop/CCS 1/Methods in CCS/Methods_in_CCS","440","legacy","xpyriment","1.0","m","693","1.0","hard","speeps","2","55734","0","55792","NA","NA","NA","0","62357","55789","45206","64610","64609","0","65084","0","55789","62352","NA","0","NA","0","0","61353","65777","53067","NA","64609","LexicalDecision"
"No","1246","1","1","LF","2","1","1","n","/Users/florinecramer/Desktop/CCS 1/Methods in CCS/Methods_in_CCS","495","legacy","xpyriment","1.0","n","1246","1.0","hard","plooitje","2","55734","0","55792","NA","NA","NA","0","62357","55789","45206","65860","65859","0","66394","0","55789","62352","NA","0","NA","0","0","61353","67641","53067","NA","65859","LexicalDecision"
"No","669","1","1","LF","2","1","1","n","/Users/florinecramer/Desktop/CCS 1/Methods in CCS/Methods_in_CCS","543","legacy","xpyriment","1.0","n","669","1.0","hard","zalfjes","2","55734","0","55792","NA","NA","NA","0","62357","55789","45206","67727","67726","0","68307","0","55789","62352","NA","0","NA","0","0","61353","68977","53067","NA","67726","LexicalDecision"
"No","613","1","1","Random","4","1","1","m","/Users/florinecramer/Desktop/CCS 1/Methods in CCS/Methods_in_CCS","450","legacy","xpyriment","1.0","m","613","1.0","easy","balseja","2","55734","0","55792","NA","NA","NA","0","62357","55789","45206","69064","69063","0","69547","0","55789","62352","NA","0","NA","0","0","61353","70161","53067","NA","69063","LexicalDecision"
"No","604","1","1","Pseudo","3","1","1","m","/Users/florinecramer/Desktop/CCS 1/Methods in CCS/Methods_in_CCS","410","legacy","xpyriment","1.0","m","604","1.0","hard","kichten","2","55734","0","55792","NA","NA","NA","0","62357","55789","45206","70245","70244","0","70695","0","55789","62352","NA","0","NA","0","0","61353","71300","53067","NA","70244","LexicalDecision"
"No","516","1","1","Pseudo","3","1","1","m","/Users/florinecramer/Desktop/CCS 1/Methods in CCS/Methods_in_CCS","481","legacy","xpyriment","1.0","m","516","1.0","hard","stitie","2","55734","0","55792","NA","NA","NA","0","62357","55789","45206","71384","71383","0","71898","0","55789","62352","NA","0","NA","0","0","61353","72415","53067","NA","71383","LexicalDecision"
"No","540","1","1","HF","1","1","1","n","/Users/florinecramer/Desktop/CCS 1/Methods in CCS/Methods_in_CCS","492","legacy","xpyriment","1.0","n","540","1.0","easy","indruk","2","55734","0","55792","NA","NA","NA","0","62357","55789","45206","72498","72497","0","73031","0","55789","62352","NA","0","NA","0","0","61353","73571","53067","NA","72497","LexicalDecision"
"No","483","1","1","LF","2","1","1","n","/Users/florinecramer/Desktop/CCS 1/Methods in CCS/Methods_in_CCS","491","legacy","xpyriment","1.0","n","483","1.0","hard","kaasje","2","55734","0","55792","NA","NA","NA","0","62357","55789","45206","73655","73654","0","74176","0","55789","62352","NA","0","NA","0","0","61353","74660","53067","NA","73654","LexicalDecision"
"No","937","1","1","LF","2","1","1","n","/Users/florinecramer/Desktop/CCS 1/Methods in CCS/Methods_in_CCS","536","legacy","xpyriment","1.0","n","937","1.0","hard","knikjes","2","55734","0","55792","NA","NA","NA","0","62357","55789","45206","74744","74743","0","75313","0","55789","62352","NA","0","NA","0","0","61353","76251","53067","NA","74743","LexicalDecision"
"No","569","1","1","Pseudo","3","1","1","m","/Users/florinecramer/Desktop/CCS 1/Methods in CCS/Methods_in_CCS","571","legacy","xpyriment","1.0","m","569","1.0","hard","jeer","2","55734","0","55792","NA","NA","NA","0","62357","55789","45206","76334","76333","0","76938","0","55789","62352","NA","0","NA","0","0","61353","77508","53067","NA","76333","LexicalDecision"
"No","898","1","1","LF","2","1","1","n","/Users/florinecramer/Desktop/CCS 1/Methods in CCS/Methods_in_CCS","482","legacy","xpyriment","1.0","n","898","1.0","hard","darmpje","2","55734","0","55792","NA","NA","NA","0","62357","55789","45206","77594","77593","0","78113","0","55789","62352","NA","0","NA","0","0","61353","79012","53067","NA","77593","LexicalDecision"
"No","556","1","1","LF","2","1","1","n","/Users/florinecramer/Desktop/CCS 1/Methods in CCS/Methods_in_CCS","554","legacy","xpyriment","1.0","n","556","1.0","hard","nestjes","2","55734","0","55792","NA","NA","NA","0","62357","55789","45206","79098","79097","0","79689","0","55789","62352","NA","0","NA","0","0","61353","80246","53067","NA","79097","LexicalDecision"
"No","671","1","1","LF","2","1","1","n","/Users/florinecramer/Desktop/CCS 1/Methods in CCS/Methods_in_CCS","500","legacy","xpyriment","1.0","n","671","1.0","hard","vijg","2","55734","0","55792","NA","NA","NA","0","62357","55789","45206","80330","80329","0","80858","0","55789","62352","NA","0","NA","0","0","61353","81529","53067","NA","80329","LexicalDecision"
"No","494","1","1","LF","2","1","1","n","/Users/florinecramer/Desktop/CCS 1/Methods in CCS/Methods_in_CCS","498","legacy","xpyriment","1.0","n","494","1.0","hard","vijltje","2","55734","0","55792","NA","NA","NA","0","62357","55789","45206","81615","81614","0","82149","0","55789","62352","NA","0","NA","0","0","61353","82644","53067","NA","81614","LexicalDecision"
"No","721","1","1","Pseudo","3","1","1","m","/Users/florinecramer/Desktop/CCS 1/Methods in CCS/Methods_in_CCS","402","legacy","xpyriment","1.0","m","721","1.0","hard","deek","2","55734","0","55792","NA","NA","NA","0","62357","55789","45206","82728","82727","0","83165","0","55789","62352","NA","0","NA","0","0","61353","83887","53067","NA","82727","LexicalDecision"
"No","703","1","1","Pseudo","3","1","1","m","/Users/florinecramer/Desktop/CCS 1/Methods in CCS/Methods_in_CCS","499","legacy","xpyriment","1.0","m","703","1.0","hard","buim","2","55734","0","55792","NA","NA","NA","0","62357","55789","45206","83972","83971","0","84504","0","55789","62352","NA","0","NA","0","0","61353","85208","53067","NA","83971","LexicalDecision"
"No","610","1","1","Pseudo","3","1","1","m","/Users/florinecramer/Desktop/CCS 1/Methods in CCS/Methods_in_CCS","527","legacy","xpyriment","1.0","m","610","1.0","hard","hiekte","2","55734","0","55792","NA","NA","NA","0","62357","55789","45206","85293","85292","0","85852","0","55789","62352","NA","0","NA","0","0","61353","86462","53067","NA","85291","LexicalDecision"
"No","752","1","1","LF","2","1","1","n","/Users/florinecramer/Desktop/CCS 1/Methods in CCS/Methods_in_CCS","524","legacy","xpyriment","1.0","n","752","1.0","hard","wormpje","2","55734","0","55792","NA","NA","NA","0","62357","55789","45206","86549","86548","0","87105","0","55789","62352","NA","0","NA","0","0","61353","87858","53067","NA","86548","LexicalDecision"
"No","695","1","1","HF","1","1","1","n","/Users/florinecramer/Desktop/CCS 1/Methods in CCS/Methods_in_CCS","434","legacy","xpyriment","1.0","n","695","1.0","easy","liefst","2","55734","0","55792","NA","NA","NA","0","62357","55789","45206","87943","87942","0","88412","0","55789","62352","NA","0","NA","0","0","61353","89108","53067","NA","87942","LexicalDecision"
"No","617","1","1","LF","2","1","1","n","/Users/florinecramer/Desktop/CCS 1/Methods in CCS/Methods_in_CCS","409","legacy","xpyriment","1.0","n","617","1.0","hard","mopjes","2","55734","0","55792","NA","NA","NA","0","62357","55789","45206","89193","89192","0","89638","0","55789","62352","NA","0","NA","0","0","61353","90256","53067","NA","89192","LexicalDecision"
"No","591","1","1","LF","2","1","1","n","/Users/florinecramer/Desktop/CCS 1/Methods in CCS/Methods_in_CCS","406","legacy","xpyriment","1.0","n","591","1.0","hard","hoepels","2","55734","0","55792","NA","NA","NA","0","62357","55789","45206","90340","90339","0","90780","0","55789","62352","NA","0","NA","0","0","61353","91372","53067","NA","90339","LexicalDecision"
"No","808","0","1","LF","2","0","0","n","/Users/florinecramer/Desktop/CCS 1/Methods in CCS/Methods_in_CCS","407","legacy","xpyriment","0.9583333333333334","m","808","0.9583333333333334","hard","fuiven","2","55734","0","55792","NA","NA","NA","0","62357","55789","92721","91456","91455","0","91893","0","55789","62352","NA","0","NA","0","0","61353","92701","53067","NA","91455","LexicalDecision"
"No","598","1","1","LF","2","1","1","n","/Users/florinecramer/Desktop/CCS 1/Methods in CCS/Methods_in_CCS","468","legacy","xpyriment","0.96","n","598","0.96","hard","coupons","2","55734","0","55792","NA","NA","NA","0","62357","55789","92721","94834","94833","0","95338","0","55789","62352","NA","0","NA","0","0","61353","95937","53067","NA","94833","LexicalDecision"
"No","562","1","1","LF","2","1","1","n","/Users/florinecramer/Desktop/CCS 1/Methods in CCS/Methods_in_CCS","567","legacy","xpyriment","0.9615384615384616","n","562","0.96","hard","wratjes","2","55734","0","55792","NA","NA","NA","0","62357","55789","92721","96022","96021","0","96626","0","55789","62352","NA","0","NA","0","0","61353","97189","53067","NA","96021","LexicalDecision"
"No","659","1","1","Pseudo","3","1","1","m","/Users/florinecramer/Desktop/CCS 1/Methods in CCS/Methods_in_CCS","461","legacy","xpyriment","0.9629629629629629","m","659","0.96","hard","puut","2","55734","0","55792","NA","NA","NA","0","62357","55789","92721","97274","97273","0","97771","0","55789","62352","NA","0","NA","0","0","61353","98431","53067","NA","97273","LexicalDecision"
"No","633","1","1","LF","2","1","1","n","/Users/florinecramer/Desktop/CCS 1/Methods in CCS/Methods_in_CCS","514","legacy","xpyriment","0.9642857142857143","n","633","0.96","hard","strikje","2","55734","0","55792","NA","NA","NA","0","62357","55789","92721","98516","98515","0","99057","0","55789","62352","NA","0","NA","0","0","61353","99691","53067","NA","98515","LexicalDecision"
"No","667","1","1","Pseudo","3","1","1","m","/Users/florinecramer/Desktop/CCS 1/Methods in CCS/Methods_in_CCS","434","legacy","xpyriment","0.9655172413793104","m","667","0.96","hard","fousen","2","55734","0","55792","NA","NA","NA","0","62357","55789","92721","99776","99775","0","100247","0","55789","62352","NA","0","NA","0","0","61353","100915","53067","NA","99775","LexicalDecision"
"No","661","1","1","Pseudo","3","1","1","m","/Users/florinecramer/Desktop/CCS 1/Methods in CCS/Methods_in_CCS","552","legacy","xpyriment","0.9666666666666667","m","661","0.96","hard","bedrok","2","55734","0","55792","NA","NA","NA","0","62357","55789","92721","100999","100998","0","101590","0","55789","62352","NA","0","NA","0","0","61353","102252","53067","NA","100998","LexicalDecision"
"No","543","0","1","LF","2","0","0","n","/Users/florinecramer/Desktop/CCS 1/Methods in CCS/Methods_in_CCS","551","legacy","xpyriment","0.9354838709677419","m","543","0.92","hard","prisma's","2","55734","0","55792","NA","NA","NA","0","62357","55789","103482","102337","102336","0","102917","0","55789","62352","NA","0","NA","0","0","61353","103461","53067","NA","102335","LexicalDecision"
"No","851","0","1","LF","2","0","0","n","/Users/florinecramer/Desktop/CCS 1/Methods in CCS/Methods_in_CCS","541","legacy","xpyriment","0.90625","m","851","0.88","hard","besjes","2","55734","0","55792","NA","NA","NA","0","62357","55789","107046","105600","105599","0","106173","0","55789","62352","NA","0","NA","0","0","61353","107025","53067","NA","105599","LexicalDecision"
"No","591","1","1","LF","2","1","1","n","/Users/florinecramer/Desktop/CCS 1/Methods in CCS/Methods_in_CCS","443","legacy","xpyriment","0.9090909090909091","n","591","0.88","hard","surfen","2","55734","0","55792","NA","NA","NA","0","62357","55789","107046","109163","109162","0","109637","0","55789","62352","NA","0","NA","0","0","61353","110229","53067","NA","109162","LexicalDecision"
"No","860","1","1","LF","2","1","1","n","/Users/florinecramer/Desktop/CCS 1/Methods in CCS/Methods_in_CCS","593","legacy","xpyriment","0.9117647058823529","n","860","0.88","hard","kraker","2","55734","0","55792","NA","NA","NA","0","62357","55789","107046","110312","110311","0","110940","0","55789","62352","NA","0","NA","0","0","61353","111801","53067","NA","110311","LexicalDecision"
"No","644","1","1","Pseudo","3","1","1","m","/Users/florinecramer/Desktop/CCS 1/Methods in CCS/Methods_in_CCS","580","legacy","xpyriment","0.9142857142857143","m","644","0.88","hard","noeit","2","55734","0","55792","NA","NA","NA","0","62357","55789","107046","111886","111885","0","112500","0","55789","62352","NA","0","NA","0","0","61353","113145","53067","NA","111885","LexicalDecision"
"No","726","1","1","Pseudo","3","1","1","m","/Users/florinecramer/Desktop/CCS 1/Methods in CCS/Methods_in_CCS","500","legacy","xpyriment","0.9166666666666666","m","726","0.88","hard","kwap","2","55734","0","55792","NA","NA","NA","0","62357","55789","107046","113229","113228","0","113761","0","55789","62352","NA","0","NA","0","0","61353","114488","53067","NA","113228","LexicalDecision"
"No","696","1","1","LF","2","1","1","n","/Users/florinecramer/Desktop/CCS 1/Methods in CCS/Methods_in_CCS","448","legacy","xpyriment","0.918918918918919","n","696","0.88","hard","sponsen","2","55734","0","55792","NA","NA","NA","0","62357","55789","107046","114572","114571","0","115055","0","55789","62352","NA","0","NA","0","0","61353","115752","53067","NA","114571","LexicalDecision"
"No","681","1","1","Random","4","1","1","m","/Users/florinecramer/Desktop/CCS 1/Methods in CCS/Methods_in_CCS","537","legacy","xpyriment","0.9210526315789473","m","681","0.88","easy","psepjo","2","55734","0","55792","NA","NA","NA","0","62357","55789","107046","115837","115836","0","116410","0","55789","62352","NA","0","NA","0","0","61353","117092","53067","NA","115836","LexicalDecision"
"No","526","1","1","Random","4","1","1","m","/Users/florinecramer/Desktop/CCS 1/Methods in CCS/Methods_in_CCS","510","legacy","xpyriment","0.9230769230769231","m","526","0.88","easy","krrame","2","55734","0","55792","NA","NA","NA","0","62357","55789","107046","117179","117178","0","117722","0","55789","62352","NA","0","NA","0","0","61353","118249","53067","NA","117178","LexicalDecision"
"No","481","1","1","Pseudo","3","1","1","m","/Users/florinecramer/Desktop/CCS 1/Methods in CCS/Methods_in_CCS","446","legacy","xpyriment","0.925","m","481","0.88","hard","hege","2","55734","0","55792","NA","NA","NA","0","62357","55789","107046","118335","118334","0","118818","0","55789","62352","NA","0","NA","0","0","61353","119300","53067","NA","118333","LexicalDecision"
"No","575","1","1","LF","2","1","1","n","/Users/florinecramer/Desktop/CCS 1/Methods in CCS/Methods_in_CCS","416","legacy","xpyriment","0.926829268292683","n","575","0.88","hard","pauzen","2","55734","0","55792","NA","NA","NA","0","62357","55789","107046","119383","119382","0","119832","0","55789","62352","NA","0","NA","0","0","61353","120408","53067","NA","119382","LexicalDecision"
"No","603","1","1","HF","1","1","1","n","/Users/florinecramer/Desktop/CCS 1/Methods in CCS/Methods_in_CCS","490","legacy","xpyriment","0.9285714285714286","n","603","0.88","easy","volk","2","55734","0","55792","NA","NA","NA","0","62357","55789","107046","120491","120490","0","121011","0","55789","62352","NA","0","NA","0","0","61353","121615","53067","NA","120490","LexicalDecision"
"No","551","1","1","LF","2","1","1","n","/Users/florinecramer/Desktop/CCS 1/Methods in CCS/Methods_in_CCS","500","legacy","xpyriment","0.9302325581395349","n","551","0.88","hard","vosje","2","55734","0","55792","NA","NA","NA","0","62357","55789","107046","121705","121704","0","122238","0","55789","62352","NA","0","NA","0","0","61353","122790","53067","NA","121703","LexicalDecision"
"No","724","1","1","Pseudo","3","1","1","m","/Users/florinecramer/Desktop/CCS 1/Methods in CCS/Methods_in_CCS","424","legacy","xpyriment","0.9318181818181818","m","724","0.88","hard","gevraald","2","55734","0","55792","NA","NA","NA","0","62357","55789","107046","122875","122874","0","123331","0","55789","62352","NA","0","NA","0","0","61353","124056","53067","NA","122874","LexicalDecision"
"No","796","0","1","Pseudo","3","0","0","m","/Users/florinecramer/Desktop/CCS 1/Methods in CCS/Methods_in_CCS","539","legacy","xpyriment","0.9111111111111111","n","796","0.84","hard","woeie","2","55734","0","55792","NA","NA","NA","0","62357","55789","125528","124141","124140","0","124711","0","55789","62352","NA","0","NA","0","0","61353","125508","53067","NA","124140","LexicalDecision"
"No","669","1","1","LF","2","1","1","n","/Users/florinecramer/Desktop/CCS 1/Methods in CCS/Methods_in_CCS","436","legacy","xpyriment","0.9130434782608695","n","669","0.84","hard","stekel","2","55734","0","55792","NA","NA","NA","0","62357","55789","125528","127641","127640","0","128113","0","55789","62352","NA","0","NA","0","0","61353","128783","53067","NA","127639","LexicalDecision"
"No","623","1","1","Pseudo","3","1","1","m","/Users/florinecramer/Desktop/CCS 1/Methods in CCS/Methods_in_CCS","539","legacy","xpyriment","0.9148936170212766","m","623","0.84","hard","lelen","2","55734","0","55792","NA","NA","NA","0","62357","55789","125528","128868","128867","0","129439","0","55789","62352","NA","0","NA","0","0","61353","130063","53067","NA","128867","LexicalDecision"
"No","591","1","1","Pseudo","3","1","1","m","/Users/florinecramer/Desktop/CCS 1/Methods in CCS/Methods_in_CCS","545","legacy","xpyriment","0.9166666666666666","m","591","0.84","hard","mevel","2","55734","0","55792","NA","NA","NA","0","62357","55789","125528","130147","130146","0","130727","0","55789","62352","NA","0","NA","0","0","61353","131319","53067","NA","130146","LexicalDecision"
"No","570","1","1","LF","2","1","1","n","/Users/florinecramer/Desktop/CCS 1/Methods in CCS/Methods_in_CCS","535","legacy","xpyriment","0.9183673469387755","n","570","0.88","hard","bedjes","2","55734","0","55792","NA","NA","NA","0","62357","55789","125528","131403","131402","0","131971","0","55789","62352","NA","0","NA","0","0","61353","132542","53067","NA","131402","LexicalDecision"
"No","537","1","1","Random","4","1","1","m","/Users/florinecramer/Desktop/CCS 1/Methods in CCS/Methods_in_CCS","436","legacy","xpyriment","0.92","m","537","0.88","easy","azenpu","2","55734","0","55792","NA","NA","NA","0","62357","55789","125528","132626","132625","0","133095","0","55789","62352","NA","0","NA","0","0","61353","133633","53067","NA","132625","LexicalDecision"
"No","683","0","1","LF","2","0","0","n","/Users/florinecramer/Desktop/CCS 1/Methods in CCS/Methods_in_CCS","495","legacy","xpyriment","0.9019607843137255","m","683","0.84","hard","wipplank","2","55734","0","55792","NA","NA","NA","0","62357","55789","134953","133717","133716","0","134248","0","55789","62352","NA","0","NA","0","0","61353","134932","53067","NA","133716","LexicalDecision"
"No","603","1","1","Random","4","1","1","m","/Users/florinecramer/Desktop/CCS 1/Methods in CCS/Methods_in_CCS","430","legacy","xpyriment","0.9038461538461539","m","603","0.84","easy","eignrgb","2","55734","0","55792","NA","NA","NA","0","62357","55789","134953","137067","137066","0","137529","0","55789","62352","NA","0","NA","0","0","61353","138133","53067","NA","137066","LexicalDecision"
"No","627","1","1","LF","2","1","1","n","/Users/florinecramer/Desktop/CCS 1/Methods in CCS/Methods_in_CCS","481","legacy","xpyriment","0.9056603773584906","n","627","0.84","hard","duifjes","2","55734","0","55792","NA","NA","NA","0","62357","55789","134953","138217","138216","0","138735","0","55789","62352","NA","0","NA","0","0","61353","139363","53067","NA","138216","LexicalDecision"
"No","595","1","1","LF","2","1","1","n","/Users/florinecramer/Desktop/CCS 1/Methods in CCS/Methods_in_CCS","559","legacy","xpyriment","0.9074074074074074","n","595","0.84","hard","zebra's","2","55734","0","55792","NA","NA","NA","0","62357","55789","134953","139448","139447","0","140042","0","55789","62352","NA","0","NA","0","0","61353","140638","53067","NA","139447","LexicalDecision"
"No","598","1","1","Pseudo","3","1","1","m","/Users/florinecramer/Desktop/CCS 1/Methods in CCS/Methods_in_CCS","584","legacy","xpyriment","0.9090909090909091","m","598","0.84","hard","laal","2","55734","0","55792","NA","NA","NA","0","62357","55789","134953","140722","140721","0","141335","0","55789","62352","NA","0","NA","0","0","61353","141934","53067","NA","140721","LexicalDecision"
"No","687","1","1","Pseudo","3","1","1","m","/Users/florinecramer/Desktop/CCS 1/Methods in CCS/Methods_in_CCS","409","legacy","xpyriment","0.9107142857142857","m","687","0.88","hard","mader","2","55734","0","55792","NA","NA","NA","0","62357","55789","134953","142018","142017","0","142462","0","55789","62352","NA","0","NA","0","0","61353","143150","53067","NA","142017","LexicalDecision"
"No","603","1","1","Random","4","1","1","m","/Users/florinecramer/Desktop/CCS 1/Methods in CCS/Methods_in_CCS","554","legacy","xpyriment","0.9122807017543859","m","603","0.92","easy","tassach","2","55734","0","55792","NA","NA","NA","0","62357","55789","134953","143234","143233","0","143824","0","55789","62352","NA","0","NA","0","0","61353","144427","53067","NA","143232","LexicalDecision"
"No","704","1","1","LF","2","1","1","n","/Users/florinecramer/Desktop/CCS 1/Methods in CCS/Methods_in_CCS","572","legacy","xpyriment","0.9137931034482759","n","704","0.92","hard","vikings","2","55734","0","55792","NA","NA","NA","0","62357","55789","134953","144513","144512","0","145116","0","55789","62352","NA","0","NA","0","0","61353","145820","53067","NA","144512","LexicalDecision"
"No","759","1","1","Pseudo","3","1","1","m","/Users/florinecramer/Desktop/CCS 1/Methods in CCS/Methods_in_CCS","551","legacy","xpyriment","0.9152542372881356","m","759","0.92","hard","hoken","2","55734","0","55792","NA","NA","NA","0","62357","55789","134953","145906","145905","0","146487","0","55789","62352","NA","0","NA","0","0","61353","147247","53067","NA","145905","LexicalDecision"
"No","625","1","1","LF","2","1","1","n","/Users/florinecramer/Desktop/CCS 1/Methods in CCS/Methods_in_CCS","562","legacy","xpyriment","0.9166666666666666","n","625","0.92","hard","peukjes","2","55734","0","55792","NA","NA","NA","0","62357","55789","134953","147331","147329","0","147927","0","55789","62352","NA","0","NA","0","0","61353","148553","53067","NA","147329","LexicalDecision"
"No","616","1","1","LF","2","1","1","n","/Users/florinecramer/Desktop/CCS 1/Methods in CCS/Methods_in_CCS","545","legacy","xpyriment","0.9180327868852459","n","616","0.92","hard","graadje","2","55734","0","55792","NA","NA","NA","0","62357","55789","134953","148637","148636","0","149215","0","55789","62352","NA","0","NA","0","0","61353","149832","53067","NA","148636","LexicalDecision"
"No","582","1","1","Pseudo","3","1","1","m","/Users/florinecramer/Desktop/CCS 1/Methods in CCS/Methods_in_CCS","481","legacy","xpyriment","0.9193548387096774","m","582","0.92","hard","lalen","2","55734","0","55792","NA","NA","NA","0","62357","55789","134953","149916","149915","0","150438","0","55789","62352","NA","0","NA","0","0","61353","151021","53067","NA","149915","LexicalDecision"
"No","613","1","1","Pseudo","3","1","1","m","/Users/florinecramer/Desktop/CCS 1/Methods in CCS/Methods_in_CCS","525","legacy","xpyriment","0.9206349206349206","m","613","0.92","hard","snaan","2","55734","0","55792","NA","NA","NA","0","62357","55789","134953","151106","151105","0","151663","0","55789","62352","NA","0","NA","0","0","61353","152277","53067","NA","151105","LexicalDecision"
"No","570","1","1","LF","2","1","1","n","/Users/florinecramer/Desktop/CCS 1/Methods in CCS/Methods_in_CCS","562","legacy","xpyriment","0.921875","n","570","0.92","hard","ritsen","2","55734","0","55792","NA","NA","NA","0","62357","55789","134953","152361","152360","0","152951","0","55789","62352","NA","0","NA","0","0","61353","153522","53067","NA","152360","LexicalDecision"
"No","819","1","1","Pseudo","3","1","1","m","/Users/florinecramer/Desktop/CCS 1/Methods in CCS/Methods_in_CCS","546","legacy","xpyriment","0.9230769230769231","m","819","0.92","hard","walruit","2","55734","0","55792","NA","NA","NA","0","62357","55789","134953","153606","153605","0","154183","0","55789","62352","NA","0","NA","0","0","61353","155003","53067","NA","153605","LexicalDecision"
"No","924","1","1","LF","2","1","1","n","/Users/florinecramer/Desktop/CCS 1/Methods in CCS/Methods_in_CCS","439","legacy","xpyriment","0.9242424242424242","n","924","0.92","hard","sultans","2","55734","0","55792","NA","NA","NA","0","62357","55789","134953","155087","155086","0","155559","0","55789","62352","NA","0","NA","0","0","61353","156484","53067","NA","155086","LexicalDecision"
"No","873","1","1","Pseudo","3","1","1","m","/Users/florinecramer/Desktop/CCS 1/Methods in CCS/Methods_in_CCS","542","legacy","xpyriment","0.9253731343283582","m","873","0.92","hard","andicht","2","55734","0","55792","NA","NA","NA","0","62357","55789","134953","156570","156569","0","157146","0","55789","62352","NA","0","NA","0","0","61353","158021","53067","NA","156569","LexicalDecision"
"No","846","1","1","LF","2","1","1","n","/Users/florinecramer/Desktop/CCS 1/Methods in CCS/Methods_in_CCS","462","legacy","xpyriment","0.9264705882352942","n","846","0.92","hard","intro","2","55734","0","55792","NA","NA","NA","0","62357","55789","134953","158106","158105","0","158598","0","55789","62352","NA","0","NA","0","0","61353","159445","53067","NA","158105","LexicalDecision"
"No","619","1","1","Pseudo","3","1","1","m","/Users/florinecramer/Desktop/CCS 1/Methods in CCS/Methods_in_CCS","438","legacy","xpyriment","0.927536231884058","m","619","0.92","hard","provikt","2","55734","0","55792","NA","NA","NA","0","62357","55789","134953","159529","159528","0","160002","0","55789","62352","NA","0","NA","0","0","61353","160621","53067","NA","159528","LexicalDecision"
"No","807","1","1","Pseudo","3","1","1","m","/Users/florinecramer/Desktop/CCS 1/Methods in CCS/Methods_in_CCS","403","legacy","xpyriment","0.9285714285714286","m","807","0.96","hard","rief","2","55734","0","55792","NA","NA","NA","0","62357","55789","134953","160706","160704","0","161142","0","55789","62352","NA","0","NA","0","0","61353","161950","53067","NA","160704","LexicalDecision"
"No","783","1","1","Pseudo","3","1","1","m","/Users/florinecramer/Desktop/CCS 1/Methods in CCS/Methods_in_CCS","421","legacy","xpyriment","0.9295774647887324","m","783","0.96","hard","dond","2","55734","0","55792","NA","NA","NA","0","62357","55789","134953","162034","162033","0","162490","0","55789","62352","NA","0","NA","0","0","61353","163274","53067","NA","162033","LexicalDecision"
"No","576","1","1","LF","2","1","1","n","/Users/florinecramer/Desktop/CCS 1/Methods in CCS/Methods_in_CCS","395","legacy","xpyriment","0.9305555555555556","n","576","0.96","hard","vraagjes","2","55734","0","55792","NA","NA","NA","0","62357","55789","134953","163359","163358","0","163786","0","55789","62352","NA","0","NA","0","0","61353","164362","53067","NA","163358","LexicalDecision"
"No","670","1","1","Pseudo","3","1","1","m","/Users/florinecramer/Desktop/CCS 1/Methods in CCS/Methods_in_CCS","498","legacy","xpyriment","0.9315068493150684","m","670","0.96","hard","dwals","2","55734","0","55792","NA","NA","NA","0","62357","55789","134953","164444","164443","0","164977","0","55789","62352","NA","0","NA","0","0","61353","165648","53067","NA","164443","LexicalDecision"
"No","652","1","1","Pseudo","3","1","1","m","/Users/florinecramer/Desktop/CCS 1/Methods in CCS/Methods_in_CCS","462","legacy","xpyriment","0.9324324324324325","m","652","0.96","hard","ropisch","2","55734","0","55792","NA","NA","NA","0","62357","55789","134953","165731","165730","0","166226","0","55789","62352","NA","0","NA","0","0","61353","166879","53067","NA","165730","LexicalDecision"
"No","685","1","1","HF","1","1","1","n","/Users/florinecramer/Desktop/CCS 1/Methods in CCS/Methods_in_CCS","572","legacy","xpyriment","0.9333333333333333","n","685","0.96","easy","baby","2","55734","0","55792","NA","NA","NA","0","62357","55789","134953","166963","166962","0","167569","0","55789","62352","NA","0","NA","0","0","61353","168255","53067","NA","166962","LexicalDecision"
"No","860","1","1","LF","2","1","1","n","/Users/florinecramer/Desktop/CCS 1/Methods in CCS/Methods_in_CCS","589","legacy","xpyriment","0.9342105263157895","n","860","1.0","hard","polo","2","55734","0","55792","NA","NA","NA","0","62357","55789","134953","168339","168338","0","168964","0","55789","62352","NA","0","NA","0","0","61353","169825","53067","NA","168338","LexicalDecision"
"No","486","1","1","HF","1","1","1","n","/Users/florinecramer/Desktop/CCS 1/Methods in CCS/Methods_in_CCS","581","legacy","xpyriment","0.935064935064935","n","486","1.0","easy","auto","2","55734","0","55792","NA","NA","NA","0","62357","55789","134953","169910","169909","0","170520","0","55789","62352","NA","0","NA","0","0","61353","171007","53067","NA","169909","LexicalDecision"
"No","755","1","1","LF","2","1","1","n","/Users/florinecramer/Desktop/CCS 1/Methods in CCS/Methods_in_CCS","526","legacy","xpyriment","0.9358974358974359","n","755","1.0","hard","snoetjes","2","55734","0","55792","NA","NA","NA","0","62357","55789","134953","171092","171091","0","171649","0","55789","62352","NA","0","NA","0","0","61353","172405","53067","NA","171090","LexicalDecision"
"No","618","1","1","Pseudo","3","1","1","m","/Users/florinecramer/Desktop/CCS 1/Methods in CCS/Methods_in_CCS","486","legacy","xpyriment","0.9367088607594937","m","618","1.0","hard","geemt","2","55734","0","55792","NA","NA","NA","0","62357","55789","134953","172491","172490","0","173011","0","55789","62352","NA","0","NA","0","0","61353","173630","53067","NA","172490","LexicalDecision"
"No","695","1","1","LF","2","1","1","n","/Users/florinecramer/Desktop/CCS 1/Methods in CCS/Methods_in_CCS","529","legacy","xpyriment","0.9375","n","695","1.0","hard","stiften","2","55734","0","55792","NA","NA","NA","0","62357","55789","134953","173714","173713","0","174281","0","55789","62352","NA","0","NA","0","0","61353","174977","53067","NA","173713","LexicalDecision"
"No","614","1","1","LF","2","1","1","n","/Users/florinecramer/Desktop/CCS 1/Methods in CCS/Methods_in_CCS","416","legacy","xpyriment","0.9382716049382716","n","614","1.0","hard","walnoot","2","55734","0","55792","NA","NA","NA","0","62357","55789","134953","175062","175061","0","175509","0","55789","62352","NA","0","NA","0","0","61353","176124","53067","NA","175060","LexicalDecision"
"No","681","1","1","Pseudo","3","1","1","m","/Users/florinecramer/Desktop/CCS 1/Methods in CCS/Methods_in_CCS","593","legacy","xpyriment","0.9390243902439024","m","681","1.0","hard","wern","2","55734","0","55792","NA","NA","NA","0","62357","55789","134953","176213","176212","0","176840","0","55789","62352","NA","0","NA","0","0","61353","177522","53067","NA","176212","LexicalDecision"
"No","571","0","1","LF","2","0","0","n","/Users/florinecramer/Desktop/CCS 1/Methods in CCS/Methods_in_CCS","575","legacy","xpyriment","0.927710843373494","m","571","0.96","hard","aktes","2","55734","0","55792","NA","NA","NA","0","62357","55789","178805","177606","177605","0","178212","0","55789","62352","NA","0","NA","0","0","61353","178784","53067","NA","177605","LexicalDecision"
"No","547","1","1","LF","2","1","1","n","/Users/florinecramer/Desktop/CCS 1/Methods in CCS/Methods_in_CCS","570","legacy","xpyriment","0.9285714285714286","n","547","0.96","hard","racist","2","55734","0","55792","NA","NA","NA","0","62357","55789","178805","180915","180914","0","181518","0","55789","62352","NA","0","NA","0","0","61353","182066","53067","NA","180914","LexicalDecision"
"No","755","1","1","LF","2","1","1","n","/Users/florinecramer/Desktop/CCS 1/Methods in CCS/Methods_in_CCS","510","legacy","xpyriment","0.9294117647058824","n","755","0.96","hard","gleufjes","2","55734","0","55792","NA","NA","NA","0","62357","55789","178805","182153","182152","0","182702","0","55789","62352","NA","0","NA","0","0","61353","183457","53067","NA","182152","LexicalDecision"
"No","693","1","1","Pseudo","3","1","1","m","/Users/florinecramer/Desktop/CCS 1/Methods in CCS/Methods_in_CCS","402","legacy","xpyriment","0.9302325581395349","m","693","0.96","hard","hood","2","55734","0","55792","NA","NA","NA","0","62357","55789","178805","183544","183543","0","183981","0","55789","62352","NA","0","NA","0","0","61353","184675","53067","NA","183543","LexicalDecision"
"No","947","1","1","Pseudo","3","1","1","m","/Users/florinecramer/Desktop/CCS 1/Methods in CCS/Methods_in_CCS","459","legacy","xpyriment","0.9310344827586207","m","947","0.96","hard","boest","2","55734","0","55792","NA","NA","NA","0","62357","55789","178805","184761","184760","0","185257","0","55789","62352","NA","0","NA","0","0","61353","186204","53067","NA","184760","LexicalDecision"
"No","638","1","1","LF","2","1","1","n","/Users/florinecramer/Desktop/CCS 1/Methods in CCS/Methods_in_CCS","595","legacy","xpyriment","0.9318181818181818","n","638","0.96","hard","tango's","2","55734","0","55792","NA","NA","NA","0","62357","55789","178805","186290","186289","0","186920","0","55789","62352","NA","0","NA","0","0","61353","187559","53067","NA","186289","LexicalDecision"
"No","695","1","1","Pseudo","3","1","1","m","/Users/florinecramer/Desktop/CCS 1/Methods in CCS/Methods_in_CCS","546","legacy","xpyriment","0.9325842696629213","m","695","0.96","hard","broeg","2","55734","0","55792","NA","NA","NA","0","62357","55789","178805","187646","187645","0","188229","0","55789","62352","NA","0","NA","0","0","61353","188924","53067","NA","187645","LexicalDecision"
"No","668","1","1","HF","1","1","1","n","/Users/florinecramer/Desktop/CCS 1/Methods in CCS/Methods_in_CCS","462","legacy","xpyriment","0.9333333333333333","n","668","0.96","easy","poosje","2","55734","0","55792","NA","NA","NA","0","62357","55789","178805","189010","189009","0","189505","0","55789","62352","NA","0","NA","0","0","61353","190174","53067","NA","189009","LexicalDecision"
"No","818","1","1","Pseudo","3","1","1","m","/Users/florinecramer/Desktop/CCS 1/Methods in CCS/Methods_in_CCS","592","legacy","xpyriment","0.9340659340659341","m","818","0.96","hard","boepte","2","55734","0","55792","NA","NA","NA","0","62357","55789","178805","190258","190257","0","190883","0","55789","62352","NA","0","NA","0","0","61353","191702","53067","NA","190257","LexicalDecision"
"No","827","1","1","Pseudo","3","1","1","m","/Users/florinecramer/Desktop/CCS 1/Methods in CCS/Methods_in_CCS","476","legacy","xpyriment","0.9347826086956522","m","827","0.96","hard","doorten","2","55734","0","55792","NA","NA","NA","0","62357","55789","178805","191788","191787","0","192296","0","55789","62352","NA","0","NA","0","0","61353","193124","53067","NA","191786","LexicalDecision"
"No","620","1","1","HF","1","1","1","n","/Users/florinecramer/Desktop/CCS 1/Methods in CCS/Methods_in_CCS","455","legacy","xpyriment","0.9354838709677419","n","620","0.96","easy","tranen","2","55734","0","55792","NA","NA","NA","0","62357","55789","178805","193208","193207","0","193694","0","55789","62352","NA","0","NA","0","0","61353","194315","53067","NA","193207","LexicalDecision"
"No","634","1","1","Pseudo","3","1","1","m","/Users/florinecramer/Desktop/CCS 1/Methods in CCS/Methods_in_CCS","467","legacy","xpyriment","0.9361702127659575","m","634","0.96","hard","enes","2","55734","0","55792","NA","NA","NA","0","62357","55789","178805","194402","194401","0","194900","0","55789","62352","NA","0","NA","0","0","61353","195535","53067","NA","194401","LexicalDecision"
"No","589","1","1","Pseudo","3","1","1","m","/Users/florinecramer/Desktop/CCS 1/Methods in CCS/Methods_in_CCS","465","legacy","xpyriment","0.9368421052631579","m","589","0.96","hard","sobbool","2","55734","0","55792","NA","NA","NA","0","62357","55789","178805","195621","195620","0","196119","0","55789","62352","NA","0","NA","0","0","61353","196709","53067","NA","195620","LexicalDecision"
"No","518","1","1","Random","4","1","1","m","/Users/florinecramer/Desktop/CCS 1/Methods in CCS/Methods_in_CCS","583","legacy","xpyriment","0.9375","m","518","0.96","easy","bsireej","2","55734","0","55792","NA","NA","NA","0","62357","55789","178805","196794","196793","0","197408","0","55789","62352","NA","0","NA","0","0","61353","197927","53067","NA","196792","LexicalDecision"
"No","594","1","1","Pseudo","3","1","1","m","/Users/florinecramer/Desktop/CCS 1/Methods in CCS/Methods_in_CCS","526","legacy","xpyriment","0.9381443298969072","m","594","0.96","hard","sotel","2","55734","0","55792","NA","NA","NA","0","62357","55789","178805","198011","198010","0","198570","0","55789","62352","NA","0","NA","0","0","61353","199165","53067","NA","198010","LexicalDecision"
"No","949","1","1","LF","2","1","1","n","/Users/florinecramer/Desktop/CCS 1/Methods in CCS/Methods_in_CCS","466","legacy","xpyriment","0.9387755102040817","n","949","0.96","hard","gidsje","2","55734","0","55792","NA","NA","NA","0","62357","55789","178805","199249","199248","0","199746","0","55789","62352","NA","0","NA","0","0","61353","200696","53067","NA","199248","LexicalDecision"
"No","608","1","1","Pseudo","3","1","1","m","/Users/florinecramer/Desktop/CCS 1/Methods in CCS/Methods_in_CCS","551","legacy","xpyriment","0.9393939393939394","m","608","0.96","hard","bijd","2","55734","0","55792","NA","NA","NA","0","62357","55789","178805","200781","200780","0","201364","0","55789","62352","NA","0","NA","0","0","61353","201973","53067","NA","200779","LexicalDecision"
"No","1154","1","1","LF","2","1","1","n","/Users/florinecramer/Desktop/CCS 1/Methods in CCS/Methods_in_CCS","484","legacy","xpyriment","0.94","n","1154","0.96","hard","pruikje","2","55734","0","55792","NA","NA","NA","0","62357","55789","178805","202057","202056","0","202571","0","55789","62352","NA","0","NA","0","0","61353","203726","53067","NA","202056","LexicalDecision"
"No","672","1","1","Pseudo","3","1","1","m","/Users/florinecramer/Desktop/CCS 1/Methods in CCS/Methods_in_CCS","506","legacy","xpyriment","0.9405940594059405","m","672","0.96","hard","hijf","2","55734","0","55792","NA","NA","NA","0","62357","55789","178805","203813","203812","0","204353","0","55789","62352","NA","0","NA","0","0","61353","205026","53067","NA","203811","LexicalDecision"
"No","579","1","1","Pseudo","3","1","1","m","/Users/florinecramer/Desktop/CCS 1/Methods in CCS/Methods_in_CCS","411","legacy","xpyriment","0.9411764705882353","m","579","0.96","hard","seten","2","55734","0","55792","NA","NA","NA","0","62357","55789","178805","205111","205110","0","205555","0","55789","62352","NA","0","NA","0","0","61353","206135","53067","NA","205110","LexicalDecision"
"No","759","1","1","LF","2","1","1","n","/Users/florinecramer/Desktop/CCS 1/Methods in CCS/Methods_in_CCS","455","legacy","xpyriment","0.941747572815534","n","759","0.96","hard","larve","2","55734","0","55792","NA","NA","NA","0","62357","55789","178805","206218","206217","0","206704","0","55789","62352","NA","0","NA","0","0","61353","207464","53067","NA","206217","LexicalDecision"
"No","609","1","1","Pseudo","3","1","1","m","/Users/florinecramer/Desktop/CCS 1/Methods in CCS/Methods_in_CCS","414","legacy","xpyriment","0.9423076923076923","m","609","0.96","hard","zwafde","2","55734","0","55792","NA","NA","NA","0","62357","55789","178805","207548","207547","0","207997","0","55789","62352","NA","0","NA","0","0","61353","208607","53067","NA","207547","LexicalDecision"
"No","564","1","1","LF","2","1","1","n","/Users/florinecramer/Desktop/CCS 1/Methods in CCS/Methods_in_CCS","441","legacy","xpyriment","0.9428571428571428","n","564","0.96","hard","wijntjes","2","55734","0","55792","NA","NA","NA","0","62357","55789","178805","208693","208692","0","209165","0","55789","62352","NA","0","NA","0","0","61353","209730","53067","NA","208692","LexicalDecision"
"No","706","1","1","Pseudo","3","1","1","m","/Users/florinecramer/Desktop/CCS 1/Methods in CCS/Methods_in_CCS","594","legacy","xpyriment","0.9433962264150944","m","706","0.96","hard","sneeg","2","55734","0","55792","NA","NA","NA","0","62357","55789","178805","209815","209814","0","210438","0","55789","62352","NA","0","NA","0","0","61353","211145","53067","NA","209814","LexicalDecision"
"No","751","1","1","LF","2","1","1","n","/Users/florinecramer/Desktop/CCS 1/Methods in CCS/Methods_in_CCS","407","legacy","xpyriment","0.9439252336448598","n","751","0.96","hard","racebaan","2","55734","0","55792","NA","NA","NA","0","62357","55789","178805","211228","211227","0","211666","0","55789","62352","NA","0","NA","0","0","61353","212418","53067","NA","211227","LexicalDecision"
"No","1244","0","1","Pseudo","3","0","0","m","/Users/florinecramer/Desktop/CCS 1/Methods in CCS/Methods_in_CCS","526","legacy","xpyriment","0.9351851851851852","n","1244","0.96","hard","vusten","2","55734","0","55792","NA","NA","NA","0","62357","55789","214323","212502","212501","0","213056","0","55789","62352","NA","0","NA","0","0","61353","214301","53067","NA","212501","LexicalDecision"
"No","636","1","1","Random","4","1","1","m","/Users/florinecramer/Desktop/CCS 1/Methods in CCS/Methods_in_CCS","424","legacy","xpyriment","0.9357798165137615","m","636","0.96","easy","jngiogg","2","55734","0","55792","NA","NA","NA","0","62357","55789","214323","216424","216423","0","216879","0","55789","62352","NA","0","NA","0","0","61353","217516","53067","NA","216423","LexicalDecision"
"No","726","1","1","LF","2","1","1","n","/Users/florinecramer/Desktop/CCS 1/Methods in CCS/Methods_in_CCS","465","legacy","xpyriment","0.9363636363636364","n","726","0.96","hard","strikjes","2","55734","0","55792","NA","NA","NA","0","62357","55789","214323","217600","217599","0","218095","0","55789","62352","NA","0","NA","0","0","61353","218822","53067","NA","217599","LexicalDecision"
"No","509","1","1","LF","2","1","1","n","/Users/florinecramer/Desktop/CCS 1/Methods in CCS/Methods_in_CCS","407","legacy","xpyriment","0.9369369369369369","n","509","0.96","hard","frietje","2","55734","0","55792","NA","NA","NA","0","62357","55789","214323","218907","218906","0","219342","0","55789","62352","NA","0","NA","0","0","61353","219852","53067","NA","218905","LexicalDecision"
"No","704","1","1","Pseudo","3","1","1","m","/Users/florinecramer/Desktop/CCS 1/Methods in CCS/Methods_in_CCS","534","legacy","xpyriment","0.9375","m","704","0.96","hard","tijfje","2","55734","0","55792","NA","NA","NA","0","62357","55789","214323","219936","219935","0","220502","0","55789","62352","NA","0","NA","0","0","61353","221207","53067","NA","219935","LexicalDecision"
"No","696","1","1","Pseudo","3","1","1","m","/Users/florinecramer/Desktop/CCS 1/Methods in CCS/Methods_in_CCS","578","legacy","xpyriment","0.9380530973451328","m","696","0.96","hard","verdroen","2","55734","0","55792","NA","NA","NA","0","62357","55789","214323","221292","221291","0","221905","0","55789","62352","NA","0","NA","0","0","61353","222602","53067","NA","221290","LexicalDecision"
"No","509","1","1","Pseudo","3","1","1","m","/Users/florinecramer/Desktop/CCS 1/Methods in CCS/Methods_in_CCS","434","legacy","xpyriment","0.9385964912280702","m","509","0.96","hard","boop","2","55734","0","55792","NA","NA","NA","0","62357","55789","214323","222687","222686","0","223158","0","55789","62352","NA","0","NA","0","0","61353","223668","53067","NA","222686","LexicalDecision"
"No","624","1","1","Pseudo","3","1","1","m","/Users/florinecramer/Desktop/CCS 1/Methods in CCS/Methods_in_CCS","488","legacy","xpyriment","0.9391304347826087","m","624","0.96","hard","destoor","2","55734","0","55792","NA","NA","NA","0","62357","55789","214323","223751","223750","0","224269","0","55789","62352","NA","0","NA","0","0","61353","224894","53067","NA","223750","LexicalDecision"
"No","745","1","1","LF","2","1","1","n","/Users/florinecramer/Desktop/CCS 1/Methods in CCS/Methods_in_CCS","567","legacy","xpyriment","0.9396551724137931","n","745","0.96","hard","westerns","2","55734","0","55792","NA","NA","NA","0","62357","55789","214323","224979","224978","0","225580","0","55789","62352","NA","0","NA","0","0","61353","226326","53067","NA","224978","LexicalDecision"
"No","703","0","1","LF","2","0","0","n","/Users/florinecramer/Desktop/CCS 1/Methods in CCS/Methods_in_CCS","401","legacy","xpyriment","0.9316239316239316","m","703","0.92","hard","modem","2","55734","0","55792","NA","NA","NA","0","62357","55789","227571","226411","226410","0","226847","0","55789","62352","NA","0","NA","0","0","61353","227551","53067","NA","226410","LexicalDecision"
"No","793","1","1","Pseudo","3","1","1","m","/Users/florinecramer/Desktop/CCS 1/Methods in CCS/Methods_in_CCS","580","legacy","xpyriment","0.9322033898305084","m","793","0.92","hard","handgag","2","55734","0","55792","NA","NA","NA","0","62357","55789","227571","229690","229689","0","230304","0","55789","62352","NA","0","NA","0","0","61353","231098","53067","NA","229689","LexicalDecision"
"No","483","1","1","Pseudo","3","1","1","m","/Users/florinecramer/Desktop/CCS 1/Methods in CCS/Methods_in_CCS","550","legacy","xpyriment","0.9327731092436975","m","483","0.92","hard","andang","2","55734","0","55792","NA","NA","NA","0","62357","55789","227571","231182","231181","0","231763","0","55789","62352","NA","0","NA","0","0","61353","232247","53067","NA","231181","LexicalDecision"
"No","576","1","1","Pseudo","3","1","1","m","/Users/florinecramer/Desktop/CCS 1/Methods in CCS/Methods_in_CCS","539","legacy","xpyriment","0.9333333333333333","m","576","0.92","hard","naal","2","55734","0","55792","NA","NA","NA","0","62357","55789","227571","232331","232330","0","232900","0","55789","62352","NA","0","NA","0","0","61353","233476","53067","NA","232330","LexicalDecision"
"No","699","1","1","Pseudo","3","1","1","m","/Users/florinecramer/Desktop/CCS 1/Methods in CCS/Methods_in_CCS","536","legacy","xpyriment","0.9338842975206612","m","699","0.92","hard","gelk","2","55734","0","55792","NA","NA","NA","0","62357","55789","227571","233560","233559","0","234124","0","55789","62352","NA","0","NA","0","0","61353","234823","53067","NA","233559","LexicalDecision"
"No","805","1","1","HF","1","1","1","n","/Users/florinecramer/Desktop/CCS 1/Methods in CCS/Methods_in_CCS","489","legacy","xpyriment","0.9344262295081968","n","805","0.92","easy","pakken","2","55734","0","55792","NA","NA","NA","0","62357","55789","227571","234908","234907","0","235427","0","55789","62352","NA","0","NA","0","0","61353","236232","53067","NA","234907","LexicalDecision"
"No","771","1","1","Pseudo","3","1","1","m","/Users/florinecramer/Desktop/CCS 1/Methods in CCS/Methods_in_CCS","404","legacy","xpyriment","0.9349593495934959","m","771","0.92","hard","inbrok","2","55734","0","55792","NA","NA","NA","0","62357","55789","227571","236323","236322","0","236762","0","55789","62352","NA","0","NA","0","0","61353","237534","53067","NA","236322","LexicalDecision"
"No","905","1","1","LF","2","1","1","n","/Users/florinecramer/Desktop/CCS 1/Methods in CCS/Methods_in_CCS","465","legacy","xpyriment","0.9354838709677419","n","905","0.92","hard","plonsen","2","55734","0","55792","NA","NA","NA","0","62357","55789","227571","237619","237618","0","238117","0","55789","62352","NA","0","NA","0","0","61353","239022","53067","NA","237618","LexicalDecision"
"No","802","1","1","LF","2","1","1","n","/Users/florinecramer/Desktop/CCS 1/Methods in CCS/Methods_in_CCS","548","legacy","xpyriment","0.936","n","802","0.92","hard","stroppen","2","55734","0","55792","NA","NA","NA","0","62357","55789","227571","239107","239106","0","239688","0","55789","62352","NA","0","NA","0","0","61353","240491","53067","NA","239106","LexicalDecision"
"No","741","1","1","Pseudo","3","1","1","m","/Users/florinecramer/Desktop/CCS 1/Methods in CCS/Methods_in_CCS","559","legacy","xpyriment","0.9365079365079365","m","741","0.92","hard","cingen","2","55734","0","55792","NA","NA","NA","0","62357","55789","227571","240575","240574","0","241166","0","55789","62352","NA","0","NA","0","0","61353","241908","53067","NA","240574","LexicalDecision"
"No","553","1","1","Random","4","1","1","m","/Users/florinecramer/Desktop/CCS 1/Methods in CCS/Methods_in_CCS","485","legacy","xpyriment","0.937007874015748","m","553","0.92","easy","dnoser","2","55734","0","55792","NA","NA","NA","0","62357","55789","227571","241992","241991","0","242512","0","55789","62352","NA","0","NA","0","0","61353","243066","53067","NA","241991","LexicalDecision"
"No","654","1","1","LF","2","1","1","n","/Users/florinecramer/Desktop/CCS 1/Methods in CCS/Methods_in_CCS","488","legacy","xpyriment","0.9375","n","654","0.92","hard","luikjes","2","55734","0","55792","NA","NA","NA","0","62357","55789","227571","243150","243149","0","243670","0","55789","62352","NA","0","NA","0","0","61353","244325","53067","NA","243149","LexicalDecision"
"No","798","1","1","Pseudo","3","1","1","m","/Users/florinecramer/Desktop/CCS 1/Methods in CCS/Methods_in_CCS","417","legacy","xpyriment","0.937984496124031","m","798","0.92","hard","poede","2","55734","0","55792","NA","NA","NA","0","62357","55789","227571","244411","244410","0","244861","0","55789","62352","NA","0","NA","0","0","61353","245660","53067","NA","244409","LexicalDecision"
"No","748","1","1","LF","2","1","1","n","/Users/florinecramer/Desktop/CCS 1/Methods in CCS/Methods_in_CCS","574","legacy","xpyriment","0.9384615384615385","n","748","0.92","hard","trio's","2","55734","0","55792","NA","NA","NA","0","62357","55789","227571","245746","245745","0","246352","0","55789","62352","NA","0","NA","0","0","61353","247101","53067","NA","245745","LexicalDecision"
"No","886","0","1","LF","2","0","0","n","/Users/florinecramer/Desktop/CCS 1/Methods in CCS/Methods_in_CCS","595","legacy","xpyriment","0.9312977099236641","m","886","0.88","hard","eisers","2","55734","0","55792","NA","NA","NA","0","62357","55789","248720","247186","247185","0","247813","0","55789","62352","NA","0","NA","0","0","61353","248700","53067","NA","247185","LexicalDecision"
"No","687","0","1","LF","2","0","0","n","/Users/florinecramer/Desktop/CCS 1/Methods in CCS/Methods_in_CCS","441","legacy","xpyriment","0.9242424242424242","m","687","0.84","hard","kuisen","2","55734","0","55792","NA","NA","NA","0","62357","55789","252019","250840","250839","0","251310","0","55789","62352","NA","0","NA","0","0","61353","251998","53067","NA","250839","LexicalDecision"
"No","510","1","1","LF","2","1","1","n","/Users/florinecramer/Desktop/CCS 1/Methods in CCS/Methods_in_CCS","544","legacy","xpyriment","0.924812030075188","n","510","0.88","hard","hartjes","2","55734","0","55792","NA","NA","NA","0","62357","55789","252019","254132","254130","0","254710","0","55789","62352","NA","0","NA","0","0","61353","255221","53067","NA","254130","LexicalDecision"
"No","936","1","1","Pseudo","3","1","1","m","/Users/florinecramer/Desktop/CCS 1/Methods in CCS/Methods_in_CCS","483","legacy","xpyriment","0.9253731343283582","m","936","0.88","hard","bermaal","2","55734","0","55792","NA","NA","NA","0","62357","55789","252019","255305","255304","0","255826","0","55789","62352","NA","0","NA","0","0","61353","256762","53067","NA","255304","LexicalDecision"
"No","583","1","1","Random","4","1","1","m","/Users/florinecramer/Desktop/CCS 1/Methods in CCS/Methods_in_CCS","586","legacy","xpyriment","0.9259259259259259","m","583","0.88","easy","atoornsc","2","55734","0","55792","NA","NA","NA","0","62357","55789","252019","256846","256845","0","257465","0","55789","62352","NA","0","NA","0","0","61353","258049","53067","NA","256845","LexicalDecision"
"No","556","1","2","LF","2","1","1","n","/Users/florinecramer/Desktop/CCS 1/Methods in CCS/Methods_in_CCS","545","legacy","xpyriment","0.9264705882352942","n","556","0.88","hard","goudstuk","2","55734","0","258158","258082","NA","NA","0","266776","258157","252019","266832","266831","0","267414","0","258157","266771","NA","0","NA","0","0","266065","267971","53067","NA","266831","LexicalDecision"
"No","776","0","2","LF","2","0","0","n","/Users/florinecramer/Desktop/CCS 1/Methods in CCS/Methods_in_CCS","550","legacy","xpyriment","0.9197080291970803","m","776","0.84","hard","look","2","55734","0","258158","258082","NA","NA","0","266776","258157","269440","268058","268057","0","268641","0","258157","266771","NA","0","NA","0","0","266065","269418","53067","NA","268057","LexicalDecision"
"No","642","1","2","LF","2","1","1","n","/Users/florinecramer/Desktop/CCS 1/Methods in CCS/Methods_in_CCS","533","legacy","xpyriment","0.9202898550724637","n","642","0.84","hard","buurtje","2","55734","0","258158","258082","NA","NA","0","266776","258157","269440","271545","271544","0","272111","0","258157","266771","NA","0","NA","0","0","266065","272754","53067","NA","271543","LexicalDecision"
"No","957","1","2","Pseudo","3","1","1","m","/Users/florinecramer/Desktop/CCS 1/Methods in CCS/Methods_in_CCS","564","legacy","xpyriment","0.920863309352518","m","957","0.84","hard","loffer","2","55734","0","258158","258082","NA","NA","0","266776","258157","269440","272839","272838","0","273441","0","258157","266771","NA","0","NA","0","0","266065","274399","53067","NA","272838","LexicalDecision"
"No","668","1","2","LF","2","1","1","n","/Users/florinecramer/Desktop/CCS 1/Methods in CCS/Methods_in_CCS","592","legacy","xpyriment","0.9214285714285714","n","668","0.84","hard","scripts","2","55734","0","258158","258082","NA","NA","0","266776","258157","269440","274483","274482","0","275109","0","258157","266771","NA","0","NA","0","0","266065","275777","53067","NA","274482","LexicalDecision"
"No","578","1","2","LF","2","1","1","n","/Users/florinecramer/Desktop/CCS 1/Methods in CCS/Methods_in_CCS","505","legacy","xpyriment","0.9219858156028369","n","578","0.84","hard","schepjes","2","55734","0","258158","258082","NA","NA","0","266776","258157","269440","275863","275862","0","276408","0","258157","266771","NA","0","NA","0","0","266065","276988","53067","NA","275862","LexicalDecision"
"No","641","1","2","Random","4","1","1","m","/Users/florinecramer/Desktop/CCS 1/Methods in CCS/Methods_in_CCS","513","legacy","xpyriment","0.9225352112676056","m","641","0.88","easy","saesriks","2","55734","0","258158","258082","NA","NA","0","266776","258157","269440","277072","277071","0","277619","0","258157","266771","NA","0","NA","0","0","266065","278261","53067","NA","277071","LexicalDecision"
"No","804","1","2","Pseudo","3","1","1","m","/Users/florinecramer/Desktop/CCS 1/Methods in CCS/Methods_in_CCS","517","legacy","xpyriment","0.9230769230769231","m","804","0.88","hard","dingers","2","55734","0","258158","258082","NA","NA","0","266776","258157","269440","278347","278346","0","278900","0","258157","266771","NA","0","NA","0","0","266065","279705","53067","NA","278346","LexicalDecision"
"No","558","1","2","HF","1","1","1","n","/Users/florinecramer/Desktop/CCS 1/Methods in CCS/Methods_in_CCS","533","legacy","xpyriment","0.9236111111111112","n","558","0.88","easy","liefde","2","55734","0","258158","258082","NA","NA","0","266776","258157","269440","279790","279789","0","280360","0","258157","266771","NA","0","NA","0","0","266065","280919","53067","NA","279789","LexicalDecision"
"No","494","1","2","LF","2","1","1","n","/Users/florinecramer/Desktop/CCS 1/Methods in CCS/Methods_in_CCS","572","legacy","xpyriment","0.9241379310344827","n","494","0.88","hard","olijf","2","55734","0","258158","258082","NA","NA","0","266776","258157","269440","281002","281001","0","281607","0","258157","266771","NA","0","NA","0","0","266065","282102","53067","NA","281001","LexicalDecision"
"No","494","1","2","HF","1","1","1","n","/Users/florinecramer/Desktop/CCS 1/Methods in CCS/Methods_in_CCS","532","legacy","xpyriment","0.9246575342465754","n","494","0.88","easy","heerlijk","2","55734","0","258158","258082","NA","NA","0","266776","258157","269440","282188","282187","0","282749","0","258157","266771","NA","0","NA","0","0","266065","283244","53067","NA","282186","LexicalDecision"
"No","617","1","2","Pseudo","3","1","1","m","/Users/florinecramer/Desktop/CCS 1/Methods in CCS/Methods_in_CCS","519","legacy","xpyriment","0.9251700680272109","m","617","0.88","hard","keinen","2","55734","0","258158","258082","NA","NA","0","266776","258157","269440","283331","283330","0","283882","0","258157","266771","NA","0","NA","0","0","266065","284500","53067","NA","283330","LexicalDecision"
"No","611","1","2","LF","2","1","1","n","/Users/florinecramer/Desktop/CCS 1/Methods in CCS/Methods_in_CCS","504","legacy","xpyriment","0.9256756756756757","n","611","0.88","hard","barons","2","55734","0","258158","258082","NA","NA","0","266776","258157","269440","284585","284584","0","285123","0","258157","266771","NA","0","NA","0","0","266065","285735","53067","NA","284584","LexicalDecision"
"No","592","1","2","LF","2","1","1","n","/Users/florinecramer/Desktop/CCS 1/Methods in CCS/Methods_in_CCS","398","legacy","xpyriment","0.9261744966442953","n","592","0.88","hard","haantjes","2","55734","0","258158","258082","NA","NA","0","266776","258157","269440","285818","285817","0","286251","0","258157","266771","NA","0","NA","0","0","266065","286844","53067","NA","285817","LexicalDecision"
"No","554","1","2","LF","2","1","1","n","/Users/florinecramer/Desktop/CCS 1/Methods in CCS/Methods_in_CCS","579","legacy","xpyriment","0.9266666666666666","n","554","0.88","hard","randjes","2","55734","0","258158","258082","NA","NA","0","266776","258157","269440","286929","286928","0","287539","0","258157","266771","NA","0","NA","0","0","266065","288094","53067","NA","286927","LexicalDecision"
"No","646","1","2","Pseudo","3","1","1","m","/Users/florinecramer/Desktop/CCS 1/Methods in CCS/Methods_in_CCS","530","legacy","xpyriment","0.9271523178807947","m","646","0.88","hard","stijt","2","55734","0","258158","258082","NA","NA","0","266776","258157","269440","288180","288179","0","288743","0","258157","266771","NA","0","NA","0","0","266065","289390","53067","NA","288179","LexicalDecision"
"No","574","1","2","LF","2","1","1","n","/Users/florinecramer/Desktop/CCS 1/Methods in CCS/Methods_in_CCS","562","legacy","xpyriment","0.9276315789473685","n","574","0.88","hard","bosbes","2","55734","0","258158","258082","NA","NA","0","266776","258157","269440","289473","289472","0","290067","0","258157","266771","NA","0","NA","0","0","266065","290642","53067","NA","289472","LexicalDecision"
"No","715","1","2","Pseudo","3","1","1","m","/Users/florinecramer/Desktop/CCS 1/Methods in CCS/Methods_in_CCS","528","legacy","xpyriment","0.9281045751633987","m","715","0.88","hard","begen","2","55734","0","258158","258082","NA","NA","0","266776","258157","269440","290726","290725","0","291286","0","258157","266771","NA","0","NA","0","0","266065","292002","53067","NA","290725","LexicalDecision"
"No","741","1","2","Pseudo","3","1","1","m","/Users/florinecramer/Desktop/CCS 1/Methods in CCS/Methods_in_CCS","531","legacy","xpyriment","0.9285714285714286","m","741","0.88","hard","anam","2","55734","0","258158","258082","NA","NA","0","266776","258157","269440","292087","292086","0","292658","0","258157","266771","NA","0","NA","0","0","266065","293400","53067","NA","292086","LexicalDecision"
"No","589","1","2","LF","2","1","1","n","/Users/florinecramer/Desktop/CCS 1/Methods in CCS/Methods_in_CCS","409","legacy","xpyriment","0.9290322580645162","n","589","0.88","hard","zeemeeuw","2","55734","0","258158","258082","NA","NA","0","266776","258157","269440","293487","293486","0","293935","0","258157","266771","NA","0","NA","0","0","266065","294525","53067","NA","293486","LexicalDecision"
"No","1312","1","2","Pseudo","3","1","1","m","/Users/florinecramer/Desktop/CCS 1/Methods in CCS/Methods_in_CCS","502","legacy","xpyriment","0.9294871794871795","m","1312","0.92","hard","mederf","2","55734","0","258158","258082","NA","NA","0","266776","258157","269440","294609","294608","0","295142","0","258157","266771","NA","0","NA","0","0","266065","296455","53067","NA","294608","LexicalDecision"
"No","678","1","2","Pseudo","3","1","1","m","/Users/florinecramer/Desktop/CCS 1/Methods in CCS/Methods_in_CCS","404","legacy","xpyriment","0.9299363057324841","m","678","0.96","hard","bijpen","2","55734","0","258158","258082","NA","NA","0","266776","258157","269440","296540","296539","0","296975","0","258157","266771","NA","0","NA","0","0","266065","297653","53067","NA","296539","LexicalDecision"
"No","927","1","2","Pseudo","3","1","1","m","/Users/florinecramer/Desktop/CCS 1/Methods in CCS/Methods_in_CCS","422","legacy","xpyriment","0.930379746835443","m","927","0.96","hard","gedoerd","2","55734","0","258158","258082","NA","NA","0","266776","258157","269440","297738","297737","0","298193","0","258157","266771","NA","0","NA","0","0","266065","299121","53067","NA","297737","LexicalDecision"
"No","587","1","2","Pseudo","3","1","1","m","/Users/florinecramer/Desktop/CCS 1/Methods in CCS/Methods_in_CCS","477","legacy","xpyriment","0.9308176100628931","m","587","0.96","hard","sochter","2","55734","0","258158","258082","NA","NA","0","266776","258157","269440","299205","299204","0","299713","0","258157","266771","NA","0","NA","0","0","266065","300300","53067","NA","299204","LexicalDecision"
"No","715","1","2","LF","2","1","1","n","/Users/florinecramer/Desktop/CCS 1/Methods in CCS/Methods_in_CCS","530","legacy","xpyriment","0.93125","n","715","0.96","hard","gala","2","55734","0","258158","258082","NA","NA","0","266776","258157","269440","300386","300385","0","300950","0","258157","266771","NA","0","NA","0","0","266065","301665","53067","NA","300385","LexicalDecision"
"No","711","1","2","Pseudo","3","1","1","m","/Users/florinecramer/Desktop/CCS 1/Methods in CCS/Methods_in_CCS","498","legacy","xpyriment","0.9316770186335404","m","711","0.96","hard","spof","2","55734","0","258158","258082","NA","NA","0","266776","258157","269440","301749","301748","0","302275","0","258157","266771","NA","0","NA","0","0","266065","302986","53067","NA","301748","LexicalDecision"
"No","687","1","2","Pseudo","3","1","1","m","/Users/florinecramer/Desktop/CCS 1/Methods in CCS/Methods_in_CCS","455","legacy","xpyriment","0.9320987654320988","m","687","1.0","hard","oken","2","55734","0","258158","258082","NA","NA","0","266776","258157","269440","303073","303072","0","303561","0","258157","266771","NA","0","NA","0","0","266065","304249","53067","NA","303072","LexicalDecision"
"No","634","1","2","Pseudo","3","1","1","m","/Users/florinecramer/Desktop/CCS 1/Methods in CCS/Methods_in_CCS","456","legacy","xpyriment","0.9325153374233128","m","634","1.0","hard","keste","2","55734","0","258158","258082","NA","NA","0","266776","258157","269440","304334","304333","0","304826","0","258157","266771","NA","0","NA","0","0","266065","305461","53067","NA","304333","LexicalDecision"
"No","595","1","2","Pseudo","3","1","1","m","/Users/florinecramer/Desktop/CCS 1/Methods in CCS/Methods_in_CCS","533","legacy","xpyriment","0.9329268292682927","m","595","1.0","hard","klessen","2","55734","0","258158","258082","NA","NA","0","266776","258157","269440","305545","305544","0","306112","0","258157","266771","NA","0","NA","0","0","266065","306708","53067","NA","305544","LexicalDecision"
"No","564","1","2","Random","4","1","1","m","/Users/florinecramer/Desktop/CCS 1/Methods in CCS/Methods_in_CCS","435","legacy","xpyriment","0.9333333333333333","m","564","1.0","easy","earrspt","2","55734","0","258158","258082","NA","NA","0","266776","258157","269440","306792","306791","0","307264","0","258157","266771","NA","0","NA","0","0","266065","307829","53067","NA","306791","LexicalDecision"
"No","564","1","2","Pseudo","3","1","1","m","/Users/florinecramer/Desktop/CCS 1/Methods in CCS/Methods_in_CCS","401","legacy","xpyriment","0.9337349397590361","m","564","1.0","hard","onter","2","55734","0","258158","258082","NA","NA","0","266776","258157","269440","307914","307912","0","308349","0","258157","266771","NA","0","NA","0","0","266065","308913","53067","NA","307912","LexicalDecision"
"No","515","1","2","LF","2","1","1","n","/Users/florinecramer/Desktop/CCS 1/Methods in CCS/Methods_in_CCS","584","legacy","xpyriment","0.9341317365269461","n","515","1.0","hard","hoorntje","2","55734","0","258158","258082","NA","NA","0","266776","258157","269440","308997","308996","0","309614","0","258157","266771","NA","0","NA","0","0","266065","310130","53067","NA","308996","LexicalDecision"
"No","563","1","2","LF","2","1","1","n","/Users/florinecramer/Desktop/CCS 1/Methods in CCS/Methods_in_CCS","521","legacy","xpyriment","0.9345238095238095","n","563","1.0","hard","mutsjes","2","55734","0","258158","258082","NA","NA","0","266776","258157","269440","310214","310213","0","310770","0","258157","266771","NA","0","NA","0","0","266065","311334","53067","NA","310213","LexicalDecision"
"No","609","1","2","Pseudo","3","1","1","m","/Users/florinecramer/Desktop/CCS 1/Methods in CCS/Methods_in_CCS","538","legacy","xpyriment","0.9349112426035503","m","609","1.0","hard","draten","2","55734","0","258158","258082","NA","NA","0","266776","258157","269440","311419","311418","0","311989","0","258157","266771","NA","0","NA","0","0","266065","312600","53067","NA","311418","LexicalDecision"
"No","563","1","2","LF","2","1","1","n","/Users/florinecramer/Desktop/CCS 1/Methods in CCS/Methods_in_CCS","473","legacy","xpyriment","0.9352941176470588","n","563","1.0","hard","pizza's","2","55734","0","258158","258082","NA","NA","0","266776","258157","269440","312683","312682","0","313191","0","258157","266771","NA","0","NA","0","0","266065","313754","53067","NA","312682","LexicalDecision"
"No","1340","1","2","LF","2","1","1","n","/Users/florinecramer/Desktop/CCS 1/Methods in CCS/Methods_in_CCS","508","legacy","xpyriment","0.935672514619883","n","1340","1.0","hard","muilen","2","55734","0","258158","258082","NA","NA","0","266776","258157","269440","313838","313837","0","314380","0","258157","266771","NA","0","NA","0","0","266065","315722","53067","NA","313837","LexicalDecision"
"No","510","1","2","LF","2","1","1","n","/Users/florinecramer/Desktop/CCS 1/Methods in CCS/Methods_in_CCS","573","legacy","xpyriment","0.936046511627907","n","510","1.0","hard","glijbaan","2","55734","0","258158","258082","NA","NA","0","266776","258157","269440","315809","315808","0","316413","0","258157","266771","NA","0","NA","0","0","266065","316924","53067","NA","315808","LexicalDecision"
"No","430","1","2","LF","2","1","1","n","/Users/florinecramer/Desktop/CCS 1/Methods in CCS/Methods_in_CCS","572","legacy","xpyriment","0.9364161849710982","n","430","1.0","hard","muiltje","2","55734","0","258158","258082","NA","NA","0","266776","258157","269440","317009","317008","0","317613","0","258157","266771","NA","0","NA","0","0","266065","318044","53067","NA","317008","LexicalDecision"
"No","504","1","2","LF","2","1","1","n","/Users/florinecramer/Desktop/CCS 1/Methods in CCS/Methods_in_CCS","558","legacy","xpyriment","0.9367816091954023","n","504","1.0","hard","schaats","2","55734","0","258158","258082","NA","NA","0","266776","258157","269440","318129","318128","0","318724","0","258157","266771","NA","0","NA","0","0","266065","319229","53067","NA","318128","LexicalDecision"
"No","467","1","2","LF","2","1","1","n","/Users/florinecramer/Desktop/CCS 1/Methods in CCS/Methods_in_CCS","442","legacy","xpyriment","0.9371428571428572","n","467","1.0","hard","trailers","2","55734","0","258158","258082","NA","NA","0","266776","258157","269440","319314","319313","0","319789","0","258157","266771","NA","0","NA","0","0","266065","320257","53067","NA","319313","LexicalDecision"
"No","631","1","2","Pseudo","3","1","1","m","/Users/florinecramer/Desktop/CCS 1/Methods in CCS/Methods_in_CCS","566","legacy","xpyriment","0.9375","m","631","1.0","hard","smalel","2","55734","0","258158","258082","NA","NA","0","266776","258157","269440","320341","320340","0","320943","0","258157","266771","NA","0","NA","0","0","266065","321575","53067","NA","320340","LexicalDecision"
"No","710","0","2","LF","2","0","0","n","/Users/florinecramer/Desktop/CCS 1/Methods in CCS/Methods_in_CCS","481","legacy","xpyriment","0.9322033898305084","m","710","0.96","hard","spurten","2","55734","0","258158","258082","NA","NA","0","266776","258157","322905","321660","321659","0","322173","0","258157","266771","NA","0","NA","0","0","266065","322884","53067","NA","321659","LexicalDecision"
"No","663","1","2","Random","4","1","1","m","/Users/florinecramer/Desktop/CCS 1/Methods in CCS/Methods_in_CCS","561","legacy","xpyriment","0.9325842696629213","m","663","0.96","easy","retebjes","2","55734","0","258158","258082","NA","NA","0","266776","258157","322905","325023","325022","0","325615","0","258157","266771","NA","0","NA","0","0","266065","326279","53067","NA","325022","LexicalDecision"
"No","710","1","2","LF","2","1","1","n","/Users/florinecramer/Desktop/CCS 1/Methods in CCS/Methods_in_CCS","453","legacy","xpyriment","0.9329608938547486","n","710","0.96","hard","shirtje","2","55734","0","258158","258082","NA","NA","0","266776","258157","322905","326363","326362","0","326849","0","258157","266771","NA","0","NA","0","0","266065","327560","53067","NA","326362","LexicalDecision"
"No","463","1","2","HF","1","1","1","n","/Users/florinecramer/Desktop/CCS 1/Methods in CCS/Methods_in_CCS","594","legacy","xpyriment","0.9333333333333333","n","463","0.96","easy","rechten","2","55734","0","258158","258082","NA","NA","0","266776","258157","322905","327644","327643","0","328268","0","258157","266771","NA","0","NA","0","0","266065","328732","53067","NA","327643","LexicalDecision"
"No","515","1","2","LF","2","1","1","n","/Users/florinecramer/Desktop/CCS 1/Methods in CCS/Methods_in_CCS","446","legacy","xpyriment","0.9337016574585635","n","515","0.96","hard","geurtje","2","55734","0","258158","258082","NA","NA","0","266776","258157","322905","328817","328816","0","329301","0","258157","266771","NA","0","NA","0","0","266065","329817","53067","NA","328816","LexicalDecision"
"No","623","1","2","Pseudo","3","1","1","m","/Users/florinecramer/Desktop/CCS 1/Methods in CCS/Methods_in_CCS","539","legacy","xpyriment","0.9340659340659341","m","623","0.96","hard","halpen","2","55734","0","258158","258082","NA","NA","0","266776","258157","322905","329903","329902","0","330472","0","258157","266771","NA","0","NA","0","0","266065","331096","53067","NA","329902","LexicalDecision"
"No","731","1","2","Pseudo","3","1","1","m","/Users/florinecramer/Desktop/CCS 1/Methods in CCS/Methods_in_CCS","505","legacy","xpyriment","0.9344262295081968","m","731","0.96","hard","blat","2","55734","0","258158","258082","NA","NA","0","266776","258157","322905","331182","331181","0","331722","0","258157","266771","NA","0","NA","0","0","266065","332454","53067","NA","331181","LexicalDecision"
"No","757","1","2","Pseudo","3","1","1","m","/Users/florinecramer/Desktop/CCS 1/Methods in CCS/Methods_in_CCS","544","legacy","xpyriment","0.9347826086956522","m","757","0.96","hard","egnect","2","55734","0","258158","258082","NA","NA","0","266776","258157","322905","332539","332538","0","333118","0","258157","266771","NA","0","NA","0","0","266065","333876","53067","NA","332538","LexicalDecision"
"No","806","1","2","LF","2","1","1","n","/Users/florinecramer/Desktop/CCS 1/Methods in CCS/Methods_in_CCS","477","legacy","xpyriment","0.9351351351351351","n","806","0.96","hard","pasta's","2","55734","0","258158","258082","NA","NA","0","266776","258157","322905","333959","333958","0","334469","0","258157","266771","NA","0","NA","0","0","266065","335276","53067","NA","333958","LexicalDecision"
"No","703","1","2","Pseudo","3","1","1","m","/Users/florinecramer/Desktop/CCS 1/Methods in CCS/Methods_in_CCS","525","legacy","xpyriment","0.9354838709677419","m","703","0.96","hard","geruld","2","55734","0","258158","258082","NA","NA","0","266776","258157","322905","335360","335359","0","335917","0","258157","266771","NA","0","NA","0","0","266065","336621","53067","NA","335359","LexicalDecision"
"No","769","1","2","LF","2","1","1","n","/Users/florinecramer/Desktop/CCS 1/Methods in CCS/Methods_in_CCS","437","legacy","xpyriment","0.9358288770053476","n","769","0.96","hard","kalfje","2","55734","0","258158","258082","NA","NA","0","266776","258157","322905","336705","336704","0","337175","0","258157","266771","NA","0","NA","0","0","266065","337945","53067","NA","336704","LexicalDecision"
"No","827","1","2","Pseudo","3","1","1","m","/Users/florinecramer/Desktop/CCS 1/Methods in CCS/Methods_in_CCS","419","legacy","xpyriment","0.9361702127659575","m","827","0.96","hard","waartje","2","55734","0","258158","258082","NA","NA","0","266776","258157","322905","338029","338028","0","338479","0","258157","266771","NA","0","NA","0","0","266065","339307","53067","NA","338028","LexicalDecision"
"No","811","1","2","LF","2","1","1","n","/Users/florinecramer/Desktop/CCS 1/Methods in CCS/Methods_in_CCS","533","legacy","xpyriment","0.9365079365079365","n","811","0.96","hard","hangers","2","55734","0","258158","258082","NA","NA","0","266776","258157","322905","339392","339391","0","339958","0","258157","266771","NA","0","NA","0","0","266065","340770","53067","NA","339390","LexicalDecision"
"No","708","1","2","HF","1","1","1","n","/Users/florinecramer/Desktop/CCS 1/Methods in CCS/Methods_in_CCS","546","legacy","xpyriment","0.9368421052631579","n","708","0.96","easy","steekt","2","55734","0","258158","258082","NA","NA","0","266776","258157","322905","340853","340852","0","341434","0","258157","266771","NA","0","NA","0","0","266065","342143","53067","NA","340852","LexicalDecision"
"No","594","1","2","LF","2","1","1","n","/Users/florinecramer/Desktop/CCS 1/Methods in CCS/Methods_in_CCS","551","legacy","xpyriment","0.93717277486911","n","594","0.96","hard","drumstel","2","55734","0","258158","258082","NA","NA","0","266776","258157","322905","342228","342227","0","342811","0","258157","266771","NA","0","NA","0","0","266065","343406","53067","NA","342227","LexicalDecision"
"No","726","1","2","Pseudo","3","1","1","m","/Users/florinecramer/Desktop/CCS 1/Methods in CCS/Methods_in_CCS","590","legacy","xpyriment","0.9375","m","726","0.96","hard","cekker","2","55734","0","258158","258082","NA","NA","0","266776","258157","322905","343490","343489","0","344114","0","258157","266771","NA","0","NA","0","0","266065","344841","53067","NA","343489","LexicalDecision"
"No","827","1","2","LF","2","1","1","n","/Users/florinecramer/Desktop/CCS 1/Methods in CCS/Methods_in_CCS","548","legacy","xpyriment","0.9378238341968912","n","827","0.96","hard","druifjes","2","55734","0","258158","258082","NA","NA","0","266776","258157","322905","344925","344924","0","345504","0","258157","266771","NA","0","NA","0","0","266065","346332","53067","NA","344923","LexicalDecision"
"No","802","1","2","LF","2","1","1","n","/Users/florinecramer/Desktop/CCS 1/Methods in CCS/Methods_in_CCS","593","legacy","xpyriment","0.9381443298969072","n","802","0.96","hard","muskiet","2","55734","0","258158","258082","NA","NA","0","266776","258157","322905","346416","346415","0","347046","0","258157","266771","NA","0","NA","0","0","266065","347849","53067","NA","346415","LexicalDecision"
"No","676","1","2","Pseudo","3","1","1","m","/Users/florinecramer/Desktop/CCS 1/Methods in CCS/Methods_in_CCS","584","legacy","xpyriment","0.9384615384615385","m","676","0.96","hard","gien","2","55734","0","258158","258082","NA","NA","0","266776","258157","322905","347935","347934","0","348554","0","258157","266771","NA","0","NA","0","0","266065","349231","53067","NA","347934","LexicalDecision"
"No","906","1","2","HF","1","1","1","n","/Users/florinecramer/Desktop/CCS 1/Methods in CCS/Methods_in_CCS","483","legacy","xpyriment","0.9387755102040817","n","906","0.96","easy","sluit","2","55734","0","258158","258082","NA","NA","0","266776","258157","322905","349318","349317","0","349836","0","258157","266771","NA","0","NA","0","0","266065","350743","53067","NA","349317","LexicalDecision"
"No","764","1","2","Pseudo","3","1","1","m","/Users/florinecramer/Desktop/CCS 1/Methods in CCS/Methods_in_CCS","504","legacy","xpyriment","0.9390862944162437","m","764","0.96","hard","schempen","2","55734","0","258158","258082","NA","NA","0","266776","258157","322905","350828","350827","0","351366","0","258157","266771","NA","0","NA","0","0","266065","352131","53067","NA","350827","LexicalDecision"
"No","979","1","2","Pseudo","3","1","1","m","/Users/florinecramer/Desktop/CCS 1/Methods in CCS/Methods_in_CCS","540","legacy","xpyriment","0.9393939393939394","m","979","0.96","hard","bospen","2","55734","0","258158","258082","NA","NA","0","266776","258157","322905","352216","352215","0","352792","0","258157","266771","NA","0","NA","0","0","266065","353772","53067","NA","352215","LexicalDecision"
"No","641","1","2","Pseudo","3","1","1","m","/Users/florinecramer/Desktop/CCS 1/Methods in CCS/Methods_in_CCS","530","legacy","xpyriment","0.9396984924623115","m","641","0.96","hard","jons","2","55734","0","258158","258082","NA","NA","0","266776","258157","322905","353856","353855","0","354423","0","258157","266771","NA","0","NA","0","0","266065","355064","53067","NA","353855","LexicalDecision"
"No","581","1","2","Pseudo","3","1","1","m","/Users/florinecramer/Desktop/CCS 1/Methods in CCS/Methods_in_CCS","417","legacy","xpyriment","0.94","m","581","0.96","hard","bouden","2","55734","0","258158","258082","NA","NA","0","266776","258157","322905","355148","355147","0","355598","0","258157","266771","NA","0","NA","0","0","266065","356179","53067","NA","355147","LexicalDecision"
"No","532","1","2","Pseudo","3","1","1","m","/Users/florinecramer/Desktop/CCS 1/Methods in CCS/Methods_in_CCS","404","legacy","xpyriment","0.9402985074626866","m","532","0.96","hard","schebe","2","55734","0","258158","258082","NA","NA","0","266776","258157","322905","356264","356263","0","356707","0","258157","266771","NA","0","NA","0","0","266065","357239","53067","NA","356263","LexicalDecision"
"No","907","1","2","Pseudo","3","1","1","m","/Users/florinecramer/Desktop/CCS 1/Methods in CCS/Methods_in_CCS","501","legacy","xpyriment","0.9405940594059405","m","907","1.0","hard","uitters","2","55734","0","258158","258082","NA","NA","0","266776","258157","322905","357324","357323","0","357858","0","258157","266771","NA","0","NA","0","0","266065","358766","53067","NA","357323","LexicalDecision"
"No","664","1","2","Pseudo","3","1","1","m","/Users/florinecramer/Desktop/CCS 1/Methods in CCS/Methods_in_CCS","509","legacy","xpyriment","0.9408866995073891","m","664","1.0","hard","keinen","2","55734","0","258158","258082","NA","NA","0","266776","258157","322905","358850","358849","0","359392","0","258157","266771","NA","0","NA","0","0","266065","360057","53067","NA","358849","LexicalDecision"
"No","596","1","2","LF","2","1","1","n","/Users/florinecramer/Desktop/CCS 1/Methods in CCS/Methods_in_CCS","404","legacy","xpyriment","0.9411764705882353","n","596","1.0","hard","sportlui","2","55734","0","258158","258082","NA","NA","0","266776","258157","322905","360140","360139","0","360578","0","258157","266771","NA","0","NA","0","0","266065","361176","53067","NA","360139","LexicalDecision"
"No","709","1","2","Pseudo","3","1","1","m","/Users/florinecramer/Desktop/CCS 1/Methods in CCS/Methods_in_CCS","533","legacy","xpyriment","0.9414634146341463","m","709","1.0","hard","klusse","2","55734","0","258158","258082","NA","NA","0","266776","258157","322905","361260","361259","0","361829","0","258157","266771","NA","0","NA","0","0","266065","362539","53067","NA","361259","LexicalDecision"
"No","777","1","2","HF","1","1","1","n","/Users/florinecramer/Desktop/CCS 1/Methods in CCS/Methods_in_CCS","490","legacy","xpyriment","0.941747572815534","n","777","1.0","easy","rond","2","55734","0","258158","258082","NA","NA","0","266776","258157","322905","362625","362624","0","363146","0","258157","266771","NA","0","NA","0","0","266065","363925","53067","NA","362623","LexicalDecision"
"No","704","1","2","Pseudo","3","1","1","m","/Users/florinecramer/Desktop/CCS 1/Methods in CCS/Methods_in_CCS","550","legacy","xpyriment","0.9420289855072463","m","704","1.0","hard","hoodaat","2","55734","0","258158","258082","NA","NA","0","266776","258157","322905","364010","364009","0","364593","0","258157","266771","NA","0","NA","0","0","266065","365299","53067","NA","364008","LexicalDecision"
"No","588","1","2","LF","2","1","1","n","/Users/florinecramer/Desktop/CCS 1/Methods in CCS/Methods_in_CCS","399","legacy","xpyriment","0.9423076923076923","n","588","1.0","hard","griezels","2","55734","0","258158","258082","NA","NA","0","266776","258157","322905","365383","365382","0","365819","0","258157","266771","NA","0","NA","0","0","266065","366408","53067","NA","365382","LexicalDecision"
"No","573","1","2","Pseudo","3","1","1","m","/Users/florinecramer/Desktop/CCS 1/Methods in CCS/Methods_in_CCS","413","legacy","xpyriment","0.9425837320574163","m","573","1.0","hard","outsen","2","55734","0","258158","258082","NA","NA","0","266776","258157","322905","366492","366491","0","366941","0","258157","266771","NA","0","NA","0","0","266065","367515","53067","NA","366491","LexicalDecision"
"No","748","1","2","Pseudo","3","1","1","m","/Users/florinecramer/Desktop/CCS 1/Methods in CCS/Methods_in_CCS","412","legacy","xpyriment","0.9428571428571428","m","748","1.0","hard","bijd","2","55734","0","258158","258082","NA","NA","0","266776","258157","322905","367600","367599","0","368038","0","258157","266771","NA","0","NA","0","0","266065","368787","53067","NA","367599","LexicalDecision"
"No","744","1","2","LF","2","1","1","n","/Users/florinecramer/Desktop/CCS 1/Methods in CCS/Methods_in_CCS","433","legacy","xpyriment","0.943127962085308","n","744","1.0","hard","struikje","2","55734","0","258158","258082","NA","NA","0","266776","258157","322905","368877","368876","0","369343","0","258157","266771","NA","0","NA","0","0","266065","370088","53067","NA","368875","LexicalDecision"
"No","495","1","2","HF","1","1","1","n","/Users/florinecramer/Desktop/CCS 1/Methods in CCS/Methods_in_CCS","536","legacy","xpyriment","0.9433962264150944","n","495","1.0","easy","jaren","2","55734","0","258158","258082","NA","NA","0","266776","258157","322905","370174","370173","0","370740","0","258157","266771","NA","0","NA","0","0","266065","371236","53067","NA","370173","LexicalDecision"
"No","708","1","2","Pseudo","3","1","1","m","/Users/florinecramer/Desktop/CCS 1/Methods in CCS/Methods_in_CCS","520","legacy","xpyriment","0.9436619718309859","m","708","1.0","hard","behat","2","55734","0","258158","258082","NA","NA","0","266776","258157","322905","371321","371320","0","371878","0","258157","266771","NA","0","NA","0","0","266065","372587","53067","NA","371320","LexicalDecision"
"No","703","0","2","LF","2","0","0","n","/Users/florinecramer/Desktop/CCS 1/Methods in CCS/Methods_in_CCS","487","legacy","xpyriment","0.9392523364485982","m","703","0.96","hard","serres","2","55734","0","258158","258082","NA","NA","0","266776","258157","373918","372672","372671","0","373193","0","258157","266771","NA","0","NA","0","0","266065","373897","53067","NA","372670","LexicalDecision"
"No","630","1","2","Pseudo","3","1","1","m","/Users/florinecramer/Desktop/CCS 1/Methods in CCS/Methods_in_CCS","463","legacy","xpyriment","0.9395348837209302","m","630","0.96","hard","boop","2","55734","0","258158","258082","NA","NA","0","266776","258157","373918","376024","376023","0","376521","0","258157","266771","NA","0","NA","0","0","266065","377152","53067","NA","376023","LexicalDecision"
"No","642","1","2","LF","2","1","1","n","/Users/florinecramer/Desktop/CCS 1/Methods in CCS/Methods_in_CCS","411","legacy","xpyriment","0.9398148148148148","n","642","0.96","hard","letsels","2","55734","0","258158","258082","NA","NA","0","266776","258157","373918","377236","377235","0","377678","0","258157","266771","NA","0","NA","0","0","266065","378321","53067","NA","377235","LexicalDecision"
"No","491","1","2","LF","2","1","1","n","/Users/florinecramer/Desktop/CCS 1/Methods in CCS/Methods_in_CCS","530","legacy","xpyriment","0.9400921658986175","n","491","0.96","hard","sofa's","2","55734","0","258158","258082","NA","NA","0","266776","258157","373918","378405","378404","0","378973","0","258157","266771","NA","0","NA","0","0","266065","379465","53067","NA","378404","LexicalDecision"
"No","735","1","2","Pseudo","3","1","1","m","/Users/florinecramer/Desktop/CCS 1/Methods in CCS/Methods_in_CCS","407","legacy","xpyriment","0.9403669724770642","m","735","0.96","hard","roorts","2","55734","0","258158","258082","NA","NA","0","266776","258157","373918","379549","379548","0","379989","0","258157","266771","NA","0","NA","0","0","266065","380725","53067","NA","379548","LexicalDecision"
"No","753","1","2","LF","2","1","1","n","/Users/florinecramer/Desktop/CCS 1/Methods in CCS/Methods_in_CCS","451","legacy","xpyriment","0.9406392694063926","n","753","0.96","hard","fooitje","2","55734","0","258158","258082","NA","NA","0","266776","258157","373918","380809","380808","0","381291","0","258157","266771","NA","0","NA","0","0","266065","382045","53067","NA","380807","LexicalDecision"
"No","1101","1","2","LF","2","1","1","n","/Users/florinecramer/Desktop/CCS 1/Methods in CCS/Methods_in_CCS","476","legacy","xpyriment","0.9409090909090909","n","1101","0.96","hard","vijl","2","55734","0","258158","258082","NA","NA","0","266776","258157","373918","382130","382129","0","382638","0","258157","266771","NA","0","NA","0","0","266065","383740","53067","NA","382129","LexicalDecision"
"No","615","1","2","LF","2","1","1","n","/Users/florinecramer/Desktop/CCS 1/Methods in CCS/Methods_in_CCS","454","legacy","xpyriment","0.9411764705882353","n","615","0.96","hard","strippen","2","55734","0","258158","258082","NA","NA","0","266776","258157","373918","383826","383825","0","384311","0","258157","266771","NA","0","NA","0","0","266065","384927","53067","NA","383825","LexicalDecision"
"No","940","1","2","LF","2","1","1","n","/Users/florinecramer/Desktop/CCS 1/Methods in CCS/Methods_in_CCS","466","legacy","xpyriment","0.9414414414414415","n","940","0.96","hard","wieltje","2","55734","0","258158","258082","NA","NA","0","266776","258157","373918","385011","385010","0","385509","0","258157","266771","NA","0","NA","0","0","266065","386450","53067","NA","385009","LexicalDecision"
"No","699","1","2","Pseudo","3","1","1","m","/Users/florinecramer/Desktop/CCS 1/Methods in CCS/Methods_in_CCS","467","legacy","xpyriment","0.9417040358744395","m","699","0.96","hard","belin","2","55734","0","258158","258082","NA","NA","0","266776","258157","373918","386534","386533","0","387033","0","258157","266771","NA","0","NA","0","0","266065","387733","53067","NA","386533","LexicalDecision"
"No","608","1","2","Pseudo","3","1","1","m","/Users/florinecramer/Desktop/CCS 1/Methods in CCS/Methods_in_CCS","573","legacy","xpyriment","0.9419642857142857","m","608","0.96","hard","viet","2","55734","0","258158","258082","NA","NA","0","266776","258157","373918","387818","387817","0","388424","0","258157","266771","NA","0","NA","0","0","266065","389033","53067","NA","387817","LexicalDecision"
"No","852","1","2","LF","2","1","1","n","/Users/florinecramer/Desktop/CCS 1/Methods in CCS/Methods_in_CCS","473","legacy","xpyriment","0.9422222222222222","n","852","0.96","hard","balies","2","55734","0","258158","258082","NA","NA","0","266776","258157","373918","389117","389116","0","389624","0","258157","266771","NA","0","NA","0","0","266065","390477","53067","NA","389116","LexicalDecision"
"No","637","1","2","Pseudo","3","1","1","m","/Users/florinecramer/Desktop/CCS 1/Methods in CCS/Methods_in_CCS","449","legacy","xpyriment","0.9424778761061947","m","637","0.96","hard","brouben","2","55734","0","258158","258082","NA","NA","0","266776","258157","373918","390562","390561","0","391046","0","258157","266771","NA","0","NA","0","0","266065","391684","53067","NA","390561","LexicalDecision"
"No","574","1","2","Pseudo","3","1","1","m","/Users/florinecramer/Desktop/CCS 1/Methods in CCS/Methods_in_CCS","478","legacy","xpyriment","0.9427312775330396","m","574","0.96","hard","noud","2","55734","0","258158","258082","NA","NA","0","266776","258157","373918","391769","391768","0","392281","0","258157","266771","NA","0","NA","0","0","266065","392856","53067","NA","391768","LexicalDecision"
"No","640","0","2","Pseudo","3","0","0","m","/Users/florinecramer/Desktop/CCS 1/Methods in CCS/Methods_in_CCS","432","legacy","xpyriment","0.9385964912280702","n","640","0.92","hard","schrak","2","55734","0","258158","258082","NA","NA","0","266776","258157","394068","392940","392938","0","393407","0","258157","266771","NA","0","NA","0","0","266065","394048","53067","NA","392938","LexicalDecision"
"No","642","1","2","LF","2","1","1","n","/Users/florinecramer/Desktop/CCS 1/Methods in CCS/Methods_in_CCS","395","legacy","xpyriment","0.9388646288209607","n","642","0.92","hard","vocaal","2","55734","0","258158","258082","NA","NA","0","266776","258157","394068","396189","396187","0","396616","0","258157","266771","NA","0","NA","0","0","266065","397259","53067","NA","396187","LexicalDecision"
"No","685","0","2","LF","2","0","0","n","/Users/florinecramer/Desktop/CCS 1/Methods in CCS/Methods_in_CCS","418","legacy","xpyriment","0.9347826086956522","m","685","0.88","hard","slede","2","55734","0","258158","258082","NA","NA","0","266776","258157","398503","397345","397344","0","397796","0","258157","266771","NA","0","NA","0","0","266065","398481","53067","NA","397344","LexicalDecision"
"No","850","1","2","Pseudo","3","1","1","m","/Users/florinecramer/Desktop/CCS 1/Methods in CCS/Methods_in_CCS","497","legacy","xpyriment","0.935064935064935","m","850","0.88","hard","bloef","2","55734","0","258158","258082","NA","NA","0","266776","258157","398503","400621","400620","0","401156","0","258157","266771","NA","0","NA","0","0","266065","402007","53067","NA","400620","LexicalDecision"
"No","912","1","2","LF","2","1","1","n","/Users/florinecramer/Desktop/CCS 1/Methods in CCS/Methods_in_CCS","593","legacy","xpyriment","0.9353448275862069","n","912","0.88","hard","kloofjes","2","55734","0","258158","258082","NA","NA","0","266776","258157","398503","402091","402090","0","402713","0","258157","266771","NA","0","NA","0","0","266065","403626","53067","NA","402090","LexicalDecision"
"No","674","1","2","HF","1","1","1","n","/Users/florinecramer/Desktop/CCS 1/Methods in CCS/Methods_in_CCS","556","legacy","xpyriment","0.9356223175965666","n","674","0.88","easy","vandaar","2","55734","0","258158","258082","NA","NA","0","266776","258157","398503","403712","403710","0","404298","0","258157","266771","NA","0","NA","0","0","266065","404973","53067","NA","403710","LexicalDecision"
"No","512","1","2","HF","1","1","1","n","/Users/florinecramer/Desktop/CCS 1/Methods in CCS/Methods_in_CCS","526","legacy","xpyriment","0.9358974358974359","n","512","0.88","easy","voordeel","2","55734","0","258158","258082","NA","NA","0","266776","258157","398503","405057","405056","0","405614","0","258157","266771","NA","0","NA","0","0","266065","406127","53067","NA","405056","LexicalDecision"
"No","546","1","2","LF","2","1","1","n","/Users/florinecramer/Desktop/CCS 1/Methods in CCS/Methods_in_CCS","555","legacy","xpyriment","0.9361702127659575","n","546","0.88","hard","games","2","55734","0","258158","258082","NA","NA","0","266776","258157","398503","406212","406211","0","406802","0","258157","266771","NA","0","NA","0","0","266065","407349","53067","NA","406211","LexicalDecision"
"No","605","1","2","Pseudo","3","1","1","m","/Users/florinecramer/Desktop/CCS 1/Methods in CCS/Methods_in_CCS","483","legacy","xpyriment","0.9364406779661016","m","605","0.88","hard","durne","2","55734","0","258158","258082","NA","NA","0","266776","258157","398503","407434","407433","0","407956","0","258157","266771","NA","0","NA","0","0","266065","408562","53067","NA","407433","LexicalDecision"
"No","873","1","2","Pseudo","3","1","1","m","/Users/florinecramer/Desktop/CCS 1/Methods in CCS/Methods_in_CCS","462","legacy","xpyriment","0.9367088607594937","m","873","0.88","hard","begriet","2","55734","0","258158","258082","NA","NA","0","266776","258157","398503","408649","408648","0","409143","0","258157","266771","NA","0","NA","0","0","266065","410017","53067","NA","408648","LexicalDecision"
"No","616","1","2","LF","2","1","1","n","/Users/florinecramer/Desktop/CCS 1/Methods in CCS/Methods_in_CCS","527","legacy","xpyriment","0.9369747899159664","n","616","0.88","hard","raster","2","55734","0","258158","258082","NA","NA","0","266776","258157","398503","410102","410101","0","410662","0","258157","266771","NA","0","NA","0","0","266065","411279","53067","NA","410101","LexicalDecision"
"No","562","1","2","HF","1","1","1","n","/Users/florinecramer/Desktop/CCS 1/Methods in CCS/Methods_in_CCS","468","legacy","xpyriment","0.9372384937238494","n","562","0.92","easy","leefde","2","55734","0","258158","258082","NA","NA","0","266776","258157","398503","411363","411362","0","411865","0","258157","266771","NA","0","NA","0","0","266065","412428","53067","NA","411362","LexicalDecision"
"No","738","1","2","Pseudo","3","1","1","m","/Users/florinecramer/Desktop/CCS 1/Methods in CCS/Methods_in_CCS","559","legacy","xpyriment","0.9375","m","738","0.92","hard","spoeg","2","55734","0","258158","258082","NA","NA","0","266776","258157","398503","412513","412512","0","413106","0","258157","266771","NA","0","NA","0","0","266065","413845","53067","NA","412512","LexicalDecision"
"No","574","1","2","HF","1","1","1","n","/Users/florinecramer/Desktop/CCS 1/Methods in CCS/Methods_in_CCS","479","legacy","xpyriment","0.9377593360995851","n","574","0.92","easy","prijs","2","55734","0","258158","258082","NA","NA","0","266776","258157","398503","413930","413929","0","414437","0","258157","266771","NA","0","NA","0","0","266065","415012","53067","NA","413929","LexicalDecision"
"No","609","1","2","HF","1","1","1","n","/Users/florinecramer/Desktop/CCS 1/Methods in CCS/Methods_in_CCS","416","legacy","xpyriment","0.9380165289256198","n","609","0.92","easy","slechts","2","55734","0","258158","258082","NA","NA","0","266776","258157","398503","415096","415095","0","415541","0","258157","266771","NA","0","NA","0","0","266065","416151","53067","NA","415095","LexicalDecision"
"No","701","1","2","Pseudo","3","1","1","m","/Users/florinecramer/Desktop/CCS 1/Methods in CCS/Methods_in_CCS","530","legacy","xpyriment","0.9382716049382716","m","701","0.92","hard","anghoord","2","55734","0","258158","258082","NA","NA","0","266776","258157","398503","416235","416234","0","416802","0","258157","266771","NA","0","NA","0","0","266065","417504","53067","NA","416234","LexicalDecision"
"No","867","1","2","Pseudo","3","1","1","m","/Users/florinecramer/Desktop/CCS 1/Methods in CCS/Methods_in_CCS","502","legacy","xpyriment","0.9385245901639344","m","867","0.92","hard","huimen","2","55734","0","258158","258082","NA","NA","0","266776","258157","398503","417589","417588","0","418124","0","258157","266771","NA","0","NA","0","0","266065","418992","53067","NA","417588","LexicalDecision"
"No","678","1","2","LF","2","1","1","n","/Users/florinecramer/Desktop/CCS 1/Methods in CCS/Methods_in_CCS","545","legacy","xpyriment","0.9387755102040817","n","678","0.92","hard","wolfje","2","55734","0","258158","258082","NA","NA","0","266776","258157","398503","419078","419077","0","419658","0","258157","266771","NA","0","NA","0","0","266065","420337","53067","NA","419077","LexicalDecision"
"No","679","1","2","Pseudo","3","1","1","m","/Users/florinecramer/Desktop/CCS 1/Methods in CCS/Methods_in_CCS","517","legacy","xpyriment","0.9390243902439024","m","679","0.92","hard","hooden","2","55734","0","258158","258082","NA","NA","0","266776","258157","398503","420421","420420","0","420970","0","258157","266771","NA","0","NA","0","0","266065","421650","53067","NA","420420","LexicalDecision"
"No","594","1","2","Pseudo","3","1","1","m","/Users/florinecramer/Desktop/CCS 1/Methods in CCS/Methods_in_CCS","562","legacy","xpyriment","0.9392712550607287","m","594","0.92","hard","lieuws","2","55734","0","258158","258082","NA","NA","0","266776","258157","398503","421734","421734","0","422326","0","258157","266771","NA","0","NA","0","0","266065","422921","53067","NA","421733","LexicalDecision"
"No","1037","1","2","HF","1","1","1","n","/Users/florinecramer/Desktop/CCS 1/Methods in CCS/Methods_in_CCS","444","legacy","xpyriment","0.9395161290322581","n","1037","0.92","easy","leed","2","55734","0","258158","258082","NA","NA","0","266776","258157","398503","423006","423005","0","423488","0","258157","266771","NA","0","NA","0","0","266065","424526","53067","NA","423005","LexicalDecision"
"No","742","1","2","LF","2","1","1","n","/Users/florinecramer/Desktop/CCS 1/Methods in CCS/Methods_in_CCS","403","legacy","xpyriment","0.9397590361445783","n","742","0.92","hard","panters","2","55734","0","258158","258082","NA","NA","0","266776","258157","398503","424610","424609","0","425042","0","258157","266771","NA","0","NA","0","0","266065","425785","53067","NA","424609","LexicalDecision"
"No","787","1","2","Pseudo","3","1","1","m","/Users/florinecramer/Desktop/CCS 1/Methods in CCS/Methods_in_CCS","564","legacy","xpyriment","0.94","m","787","0.92","hard","aagst","2","55734","0","258158","258082","NA","NA","0","266776","258157","398503","425870","425869","0","426472","0","258157","266771","NA","0","NA","0","0","266065","427260","53067","NA","425869","LexicalDecision"
"No","662","1","2","Pseudo","3","1","1","m","/Users/florinecramer/Desktop/CCS 1/Methods in CCS/Methods_in_CCS","514","legacy","xpyriment","0.9402390438247012","m","662","0.92","hard","bedit","2","55734","0","258158","258082","NA","NA","0","266776","258157","398503","427345","427344","0","427892","0","258157","266771","NA","0","NA","0","0","266065","428555","53067","NA","427344","LexicalDecision"
"No","598","1","2","LF","2","1","1","n","/Users/florinecramer/Desktop/CCS 1/Methods in CCS/Methods_in_CCS","463","legacy","xpyriment","0.9404761904761905","n","598","0.92","hard","stinker","2","55734","0","258158","258082","NA","NA","0","266776","258157","398503","428639","428638","0","429129","0","258157","266771","NA","0","NA","0","0","266065","429728","53067","NA","428638","LexicalDecision"
"No","515","1","2","LF","2","1","1","n","/Users/florinecramer/Desktop/CCS 1/Methods in CCS/Methods_in_CCS","411","legacy","xpyriment","0.9407114624505929","n","515","0.96","hard","laagjes","2","55734","0","258158","258082","NA","NA","0","266776","258157","398503","429815","429814","0","430266","0","258157","266771","NA","0","NA","0","0","266065","430782","53067","NA","429814","LexicalDecision"
"No","1259","1","2","LF","2","1","1","n","/Users/florinecramer/Desktop/CCS 1/Methods in CCS/Methods_in_CCS","501","legacy","xpyriment","0.9409448818897638","n","1259","0.96","hard","clip","2","55734","0","258158","258082","NA","NA","0","266776","258157","398503","430866","430865","0","431396","0","258157","266771","NA","0","NA","0","0","266065","432656","53067","NA","430865","LexicalDecision"
"No","1184","1","2","LF","2","1","1","n","/Users/florinecramer/Desktop/CCS 1/Methods in CCS/Methods_in_CCS","428","legacy","xpyriment","0.9411764705882353","n","1184","1.0","hard","trutten","2","55734","0","258158","258082","NA","NA","0","266776","258157","398503","432755","432754","0","433215","0","258157","266771","NA","0","NA","0","0","266065","434400","53067","NA","432754","LexicalDecision"
"No","661","1","2","Pseudo","3","1","1","m","/Users/florinecramer/Desktop/CCS 1/Methods in CCS/Methods_in_CCS","426","legacy","xpyriment","0.94140625","m","661","1.0","hard","mader","2","55734","0","258158","258082","NA","NA","0","266776","258157","398503","434486","434485","0","434945","0","258157","266771","NA","0","NA","0","0","266065","435607","53067","NA","434485","LexicalDecision"
"No","991","1","2","LF","2","1","1","n","/Users/florinecramer/Desktop/CCS 1/Methods in CCS/Methods_in_CCS","460","legacy","xpyriment","0.9416342412451362","n","991","1.0","hard","volkjes","2","55734","0","258158","258082","NA","NA","0","266776","258157","398503","435692","435691","0","436187","0","258157","266771","NA","0","NA","0","0","266065","437179","53067","NA","435691","LexicalDecision"
"No","1116","0","2","LF","2","0","0","n","/Users/florinecramer/Desktop/CCS 1/Methods in CCS/Methods_in_CCS","550","legacy","xpyriment","0.937984496124031","m","1116","0.96","hard","unies","2","55734","0","258158","258082","NA","NA","0","266776","258157","438980","437264","437263","0","437841","0","258157","266771","NA","0","NA","0","0","266065","438958","53067","NA","437263","LexicalDecision"
"No","483","1","2","HF","1","1","1","n","/Users/florinecramer/Desktop/CCS 1/Methods in CCS/Methods_in_CCS","545","legacy","xpyriment","0.9382239382239382","n","483","0.96","easy","geweest","2","55734","0","258158","258082","NA","NA","0","266776","258157","438980","441087","441086","0","441667","0","258157","266771","NA","0","NA","0","0","266065","442151","53067","NA","441086","LexicalDecision"
"No","604","1","2","Pseudo","3","1","1","m","/Users/florinecramer/Desktop/CCS 1/Methods in CCS/Methods_in_CCS","556","legacy","xpyriment","0.9384615384615385","m","604","0.96","hard","maard","2","55734","0","258158","258082","NA","NA","0","266776","258157","438980","442235","442234","0","442826","0","258157","266771","NA","0","NA","0","0","266065","443430","53067","NA","442234","LexicalDecision"
"No","742","1","2","Pseudo","3","1","1","m","/Users/florinecramer/Desktop/CCS 1/Methods in CCS/Methods_in_CCS","469","legacy","xpyriment","0.9386973180076629","m","742","0.96","hard","gronnen","2","55734","0","258158","258082","NA","NA","0","266776","258157","438980","443515","443514","0","444020","0","258157","266771","NA","0","NA","0","0","266065","444763","53067","NA","443514","LexicalDecision"
"No","630","1","2","LF","2","1","1","n","/Users/florinecramer/Desktop/CCS 1/Methods in CCS/Methods_in_CCS","446","legacy","xpyriment","0.9389312977099237","n","630","0.96","hard","berging","2","55734","0","258158","258082","NA","NA","0","266776","258157","438980","444846","444845","0","445329","0","258157","266771","NA","0","NA","0","0","266065","445960","53067","NA","444845","LexicalDecision"
"No","593","1","2","LF","2","1","1","n","/Users/florinecramer/Desktop/CCS 1/Methods in CCS/Methods_in_CCS","466","legacy","xpyriment","0.9391634980988594","n","593","0.96","hard","scooters","2","55734","0","258158","258082","NA","NA","0","266776","258157","438980","446044","446043","0","446541","0","258157","266771","NA","0","NA","0","0","266065","447135","53067","NA","446043","LexicalDecision"
"No","1664","1","2","Pseudo","3","1","1","m","/Users/florinecramer/Desktop/CCS 1/Methods in CCS/Methods_in_CCS","514","legacy","xpyriment","0.9393939393939394","m","1664","0.96","hard","begen","2","55734","0","258158","258082","NA","NA","0","266776","258157","438980","447219","447218","0","447764","0","258157","266771","NA","0","NA","0","0","266065","449428","53067","NA","447218","LexicalDecision"
"No","1275","0","2","LF","2","0","0","n","/Users/florinecramer/Desktop/CCS 1/Methods in CCS/Methods_in_CCS","572","legacy","xpyriment","0.9358490566037736","m","1275","0.92","hard","maandje","2","55734","0","258158","258082","NA","NA","0","266776","258157","451422","449516","449515","0","450124","0","258157","266771","NA","0","NA","0","0","266065","451400","53067","NA","449515","LexicalDecision"
"No","504","1","2","LF","2","1","1","n","/Users/florinecramer/Desktop/CCS 1/Methods in CCS/Methods_in_CCS","588","legacy","xpyriment","0.9360902255639098","n","504","0.92","hard","weekjes","2","55734","0","258158","258082","NA","NA","0","266776","258157","451422","453536","453535","0","454160","0","258157","266771","NA","0","NA","0","0","266065","454665","53067","NA","453534","LexicalDecision"
"No","667","1","2","LF","2","1","1","n","/Users/florinecramer/Desktop/CCS 1/Methods in CCS/Methods_in_CCS","435","legacy","xpyriment","0.9363295880149812","n","667","0.92","hard","typist","2","55734","0","258158","258082","NA","NA","0","266776","258157","451422","454762","454761","0","455231","0","258157","266771","NA","0","NA","0","0","266065","455899","53067","NA","454761","LexicalDecision"
"No","717","1","2","Pseudo","3","1","1","m","/Users/florinecramer/Desktop/CCS 1/Methods in CCS/Methods_in_CCS","469","legacy","xpyriment","0.9365671641791045","m","717","0.92","hard","slazen","2","55734","0","258158","258082","NA","NA","0","266776","258157","451422","455982","455981","0","456490","0","258157","266771","NA","0","NA","0","0","266065","457208","53067","NA","455981","LexicalDecision"
"No","602","1","2","LF","2","1","1","n","/Users/florinecramer/Desktop/CCS 1/Methods in CCS/Methods_in_CCS","591","legacy","xpyriment","0.9368029739776952","n","602","0.92","hard","peddel","2","55734","0","258158","258082","NA","NA","0","266776","258157","451422","457291","457290","0","457924","0","258157","266771","NA","0","NA","0","0","266065","458527","53067","NA","457290","LexicalDecision"
"No","529","1","2","LF","2","1","1","n","/Users/florinecramer/Desktop/CCS 1/Methods in CCS/Methods_in_CCS","455","legacy","xpyriment","0.937037037037037","n","529","0.92","hard","vaklui","2","55734","0","258158","258082","NA","NA","0","266776","258157","451422","458612","458611","0","459098","0","258157","266771","NA","0","NA","0","0","266065","459628","53067","NA","458611","LexicalDecision"
"No","674","1","3","LF","2","1","1","n","/Users/florinecramer/Desktop/CCS 1/Methods in CCS/Methods_in_CCS","532","legacy","xpyriment","0.9372693726937269","n","674","0.92","hard","fluitjes","2","55734","0","459738","459662","NA","NA","0","463132","459737","451422","463187","463186","0","463777","0","459737","463129","NA","0","NA","0","0","462361","464452","53067","NA","463186","LexicalDecision"
"No","1122","1","3","LF","2","1","1","n","/Users/florinecramer/Desktop/CCS 1/Methods in CCS/Methods_in_CCS","546","legacy","xpyriment","0.9375","n","1122","0.92","hard","vormpjes","2","55734","0","459738","459662","NA","NA","0","463132","459737","451422","464542","464541","0","465123","0","459737","463129","NA","0","NA","0","0","462361","466246","53067","NA","464541","LexicalDecision"
"No","729","1","3","Pseudo","3","1","1","m","/Users/florinecramer/Desktop/CCS 1/Methods in CCS/Methods_in_CCS","564","legacy","xpyriment","0.9377289377289377","m","729","0.92","hard","kwirt","2","55734","0","459738","459662","NA","NA","0","463132","459737","451422","466333","466332","0","466931","0","459737","463129","NA","0","NA","0","0","462361","467661","53067","NA","466332","LexicalDecision"
"No","610","1","3","LF","2","1","1","n","/Users/florinecramer/Desktop/CCS 1/Methods in CCS/Methods_in_CCS","543","legacy","xpyriment","0.9379562043795621","n","610","0.92","hard","meidje","2","55734","0","459738","459662","NA","NA","0","463132","459737","451422","467747","467746","0","468327","0","459737","463129","NA","0","NA","0","0","462361","468938","53067","NA","467746","LexicalDecision"
"No","702","1","3","Pseudo","3","1","1","m","/Users/florinecramer/Desktop/CCS 1/Methods in CCS/Methods_in_CCS","578","legacy","xpyriment","0.9381818181818182","m","702","0.92","hard","elden","2","55734","0","459738","459662","NA","NA","0","463132","459737","451422","469022","469021","0","469642","0","459737","463129","NA","0","NA","0","0","462361","470345","53067","NA","469021","LexicalDecision"
"No","751","0","3","Pseudo","3","0","0","m","/Users/florinecramer/Desktop/CCS 1/Methods in CCS/Methods_in_CCS","408","legacy","xpyriment","0.9347826086956522","n","751","0.88","hard","pandig","2","55734","0","459738","459662","NA","NA","0","463132","459737","471644","470429","470428","0","470871","0","459737","463129","NA","0","NA","0","0","462361","471623","53067","NA","470428","LexicalDecision"
"No","703","1","3","LF","2","1","1","n","/Users/florinecramer/Desktop/CCS 1/Methods in CCS/Methods_in_CCS","442","legacy","xpyriment","0.9350180505415162","n","703","0.88","hard","snuitje","2","55734","0","459738","459662","NA","NA","0","463132","459737","471644","473753","473752","0","474229","0","459737","463129","NA","0","NA","0","0","462361","474933","53067","NA","473752","LexicalDecision"
"No","573","1","3","LF","2","1","1","n","/Users/florinecramer/Desktop/CCS 1/Methods in CCS/Methods_in_CCS","532","legacy","xpyriment","0.935251798561151","n","573","0.88","hard","dweiltje","2","55734","0","459738","459662","NA","NA","0","463132","459737","471644","475019","475018","0","475585","0","459737","463129","NA","0","NA","0","0","462361","476159","53067","NA","475017","LexicalDecision"
"No","1307","1","3","LF","2","1","1","n","/Users/florinecramer/Desktop/CCS 1/Methods in CCS/Methods_in_CCS","569","legacy","xpyriment","0.9354838709677419","n","1307","0.88","hard","tankjes","2","55734","0","459738","459662","NA","NA","0","463132","459737","471644","476243","476242","0","476840","0","459737","463129","NA","0","NA","0","0","462361","478148","53067","NA","476242","LexicalDecision"
"No","578","1","3","Pseudo","3","1","1","m","/Users/florinecramer/Desktop/CCS 1/Methods in CCS/Methods_in_CCS","411","legacy","xpyriment","0.9357142857142857","m","578","0.88","hard","bonge","2","55734","0","459738","459662","NA","NA","0","463132","459737","471644","478233","478232","0","478681","0","459737","463129","NA","0","NA","0","0","462361","479260","53067","NA","478232","LexicalDecision"
"No","1202","1","3","Pseudo","3","1","1","m","/Users/florinecramer/Desktop/CCS 1/Methods in CCS/Methods_in_CCS","415","legacy","xpyriment","0.9359430604982206","m","1202","0.88","hard","steet","2","55734","0","459738","459662","NA","NA","0","463132","459737","471644","479345","479344","0","479796","0","459737","463129","NA","0","NA","0","0","462361","480999","53067","NA","479344","LexicalDecision"
"No","840","0","3","Pseudo","3","0","0","m","/Users/florinecramer/Desktop/CCS 1/Methods in CCS/Methods_in_CCS","537","legacy","xpyriment","0.9326241134751773","n","840","0.84","hard","verdoord","2","55734","0","459738","459662","NA","NA","0","463132","459737","482519","481086","481085","0","481657","0","459737","463129","NA","0","NA","0","0","462361","482498","53067","NA","481085","LexicalDecision"
"No","974","1","3","Pseudo","3","1","1","m","/Users/florinecramer/Desktop/CCS 1/Methods in CCS/Methods_in_CCS","508","legacy","xpyriment","0.9328621908127208","m","974","0.88","hard","brukken","2","55734","0","459738","459662","NA","NA","0","463132","459737","482519","484639","484638","0","485182","0","459737","463129","NA","0","NA","0","0","462361","486157","53067","NA","484638","LexicalDecision"
"No","740","1","3","Pseudo","3","1","1","m","/Users/florinecramer/Desktop/CCS 1/Methods in CCS/Methods_in_CCS","448","legacy","xpyriment","0.9330985915492958","m","740","0.88","hard","dangt","2","55734","0","459738","459662","NA","NA","0","463132","459737","482519","486241","486240","0","486722","0","459737","463129","NA","0","NA","0","0","462361","487463","53067","NA","486239","LexicalDecision"
"No","570","1","3","Random","4","1","1","m","/Users/florinecramer/Desktop/CCS 1/Methods in CCS/Methods_in_CCS","560","legacy","xpyriment","0.9333333333333333","m","570","0.88","easy","neius","2","55734","0","459738","459662","NA","NA","0","463132","459737","482519","487548","487547","0","488144","0","459737","463129","NA","0","NA","0","0","462361","488715","53067","NA","487547","LexicalDecision"
"No","700","1","3","LF","2","1","1","n","/Users/florinecramer/Desktop/CCS 1/Methods in CCS/Methods_in_CCS","520","legacy","xpyriment","0.9335664335664335","n","700","0.88","hard","neusjes","2","55734","0","459738","459662","NA","NA","0","463132","459737","482519","488801","488800","0","489355","0","459737","463129","NA","0","NA","0","0","462361","490056","53067","NA","488800","LexicalDecision"
"No","545","1","3","LF","2","1","1","n","/Users/florinecramer/Desktop/CCS 1/Methods in CCS/Methods_in_CCS","551","legacy","xpyriment","0.9337979094076655","n","545","0.88","hard","bijwoord","2","55734","0","459738","459662","NA","NA","0","463132","459737","482519","490139","490138","0","490724","0","459737","463129","NA","0","NA","0","0","462361","491270","53067","NA","490138","LexicalDecision"
"No","543","1","3","LF","2","1","1","n","/Users/florinecramer/Desktop/CCS 1/Methods in CCS/Methods_in_CCS","455","legacy","xpyriment","0.9340277777777778","n","543","0.88","hard","limoen","2","55734","0","459738","459662","NA","NA","0","463132","459737","482519","491355","491354","0","491843","0","459737","463129","NA","0","NA","0","0","462361","492387","53067","NA","491354","LexicalDecision"
"No","539","1","3","Random","4","1","1","m","/Users/florinecramer/Desktop/CCS 1/Methods in CCS/Methods_in_CCS","537","legacy","xpyriment","0.9342560553633218","m","539","0.88","easy","nfekufl","2","55734","0","459738","459662","NA","NA","0","463132","459737","482519","492471","492470","0","493038","0","459737","463129","NA","0","NA","0","0","462361","493577","53067","NA","492470","LexicalDecision"
"No","659","0","3","Pseudo","3","0","0","m","/Users/florinecramer/Desktop/CCS 1/Methods in CCS/Methods_in_CCS","570","legacy","xpyriment","0.9310344827586207","n","659","0.88","hard","buim","2","55734","0","459738","459662","NA","NA","0","463132","459737","494940","493661","493660","0","494260","0","459737","463129","NA","0","NA","0","0","462361","494920","53067","NA","493660","LexicalDecision"
"No","553","1","3","LF","2","1","1","n","/Users/florinecramer/Desktop/CCS 1/Methods in CCS/Methods_in_CCS","480","legacy","xpyriment","0.9312714776632303","n","553","0.88","hard","lolly's","2","55734","0","459738","459662","NA","NA","0","463132","459737","494940","497051","497050","0","497566","0","459737","463129","NA","0","NA","0","0","462361","498120","53067","NA","497050","LexicalDecision"
"No","748","1","3","Pseudo","3","1","1","m","/Users/florinecramer/Desktop/CCS 1/Methods in CCS/Methods_in_CCS","560","legacy","xpyriment","0.9315068493150684","m","748","0.88","hard","lamen","2","55734","0","459738","459662","NA","NA","0","463132","459737","494940","498205","498204","0","498800","0","459737","463129","NA","0","NA","0","0","462361","499549","53067","NA","498204","LexicalDecision"
"No","752","1","3","Pseudo","3","1","1","m","/Users/florinecramer/Desktop/CCS 1/Methods in CCS/Methods_in_CCS","579","legacy","xpyriment","0.931740614334471","m","752","0.88","hard","koede","2","55734","0","459738","459662","NA","NA","0","463132","459737","494940","499633","499632","0","500245","0","459737","463129","NA","0","NA","0","0","462361","500998","53067","NA","499632","LexicalDecision"
"No","581","1","3","HF","1","1","1","n","/Users/florinecramer/Desktop/CCS 1/Methods in CCS/Methods_in_CCS","473","legacy","xpyriment","0.9319727891156463","n","581","0.88","easy","dingen","2","55734","0","459738","459662","NA","NA","0","463132","459737","494940","501084","501083","0","501593","0","459737","463129","NA","0","NA","0","0","462361","502175","53067","NA","501083","LexicalDecision"
"No","701","1","3","LF","2","1","1","n","/Users/florinecramer/Desktop/CCS 1/Methods in CCS/Methods_in_CCS","558","legacy","xpyriment","0.9322033898305084","n","701","0.88","hard","otters","2","55734","0","459738","459662","NA","NA","0","463132","459737","494940","502261","502260","0","502854","0","459737","463129","NA","0","NA","0","0","462361","503556","53067","NA","502260","LexicalDecision"
"No","651","1","3","LF","2","1","1","n","/Users/florinecramer/Desktop/CCS 1/Methods in CCS/Methods_in_CCS","589","legacy","xpyriment","0.9324324324324325","n","651","0.88","hard","diva","2","55734","0","459738","459662","NA","NA","0","463132","459737","494940","503642","503641","0","504270","0","459737","463129","NA","0","NA","0","0","462361","504922","53067","NA","503641","LexicalDecision"
"No","563","1","3","LF","2","1","1","n","/Users/florinecramer/Desktop/CCS 1/Methods in CCS/Methods_in_CCS","564","legacy","xpyriment","0.9326599326599326","n","563","0.88","hard","flipper","2","55734","0","459738","459662","NA","NA","0","463132","459737","494940","505006","505005","0","505609","0","459737","463129","NA","0","NA","0","0","462361","506173","53067","NA","505005","LexicalDecision"
"No","627","1","3","HF","1","1","1","n","/Users/florinecramer/Desktop/CCS 1/Methods in CCS/Methods_in_CCS","510","legacy","xpyriment","0.9328859060402684","n","627","0.88","easy","gehoord","2","55734","0","459738","459662","NA","NA","0","463132","459737","494940","506259","506258","0","506804","0","459737","463129","NA","0","NA","0","0","462361","507432","53067","NA","506258","LexicalDecision"
"No","671","1","3","Pseudo","3","1","1","m","/Users/florinecramer/Desktop/CCS 1/Methods in CCS/Methods_in_CCS","568","legacy","xpyriment","0.9331103678929766","m","671","0.88","hard","lindt","2","55734","0","459738","459662","NA","NA","0","463132","459737","494940","507517","507516","0","508123","0","459737","463129","NA","0","NA","0","0","462361","508796","53067","NA","507516","LexicalDecision"
"No","870","1","3","Pseudo","3","1","1","m","/Users/florinecramer/Desktop/CCS 1/Methods in CCS/Methods_in_CCS","475","legacy","xpyriment","0.9333333333333333","m","870","0.88","hard","doordan","2","55734","0","459738","459662","NA","NA","0","463132","459737","494940","508880","508879","0","509392","0","459737","463129","NA","0","NA","0","0","462361","510264","53067","NA","508878","LexicalDecision"
"No","633","1","3","LF","2","1","1","n","/Users/florinecramer/Desktop/CCS 1/Methods in CCS/Methods_in_CCS","530","legacy","xpyriment","0.9335548172757475","n","633","0.92","hard","slipper","2","55734","0","459738","459662","NA","NA","0","463132","459737","494940","510349","510348","0","510911","0","459737","463129","NA","0","NA","0","0","462361","511545","53067","NA","510348","LexicalDecision"
"No","696","1","3","Pseudo","3","1","1","m","/Users/florinecramer/Desktop/CCS 1/Methods in CCS/Methods_in_CCS","499","legacy","xpyriment","0.9337748344370861","m","696","0.92","hard","bebest","2","55734","0","459738","459662","NA","NA","0","463132","459737","494940","511631","511630","0","512165","0","459737","463129","NA","0","NA","0","0","462361","512862","53067","NA","511630","LexicalDecision"
"No","602","1","3","LF","2","1","1","n","/Users/florinecramer/Desktop/CCS 1/Methods in CCS/Methods_in_CCS","566","legacy","xpyriment","0.933993399339934","n","602","0.92","hard","soepkom","2","55734","0","459738","459662","NA","NA","0","463132","459737","494940","512947","512946","0","513547","0","459737","463129","NA","0","NA","0","0","462361","514150","53067","NA","512946","LexicalDecision"
"No","548","1","3","LF","2","1","1","n","/Users/florinecramer/Desktop/CCS 1/Methods in CCS/Methods_in_CCS","562","legacy","xpyriment","0.9342105263157895","n","548","0.92","hard","zombies","2","55734","0","459738","459662","NA","NA","0","463132","459737","494940","514237","514236","0","514835","0","459737","463129","NA","0","NA","0","0","462361","515384","53067","NA","514235","LexicalDecision"
"No","597","1","3","Pseudo","3","1","1","m","/Users/florinecramer/Desktop/CCS 1/Methods in CCS/Methods_in_CCS","591","legacy","xpyriment","0.9344262295081968","m","597","0.92","hard","tetwij","2","55734","0","459738","459662","NA","NA","0","463132","459737","494940","515469","515468","0","516099","0","459737","463129","NA","0","NA","0","0","462361","516697","53067","NA","515468","LexicalDecision"
"No","636","1","3","LF","2","1","1","n","/Users/florinecramer/Desktop/CCS 1/Methods in CCS/Methods_in_CCS","439","legacy","xpyriment","0.934640522875817","n","636","0.92","hard","boezems","2","55734","0","459738","459662","NA","NA","0","463132","459737","494940","516784","516783","0","517258","0","459737","463129","NA","0","NA","0","0","462361","517895","53067","NA","516783","LexicalDecision"
"No","627","1","3","Random","4","1","1","m","/Users/florinecramer/Desktop/CCS 1/Methods in CCS/Methods_in_CCS","421","legacy","xpyriment","0.9348534201954397","m","627","0.96","easy","eesfejtr","2","55734","0","459738","459662","NA","NA","0","463132","459737","494940","517981","517980","0","518439","0","459737","463129","NA","0","NA","0","0","462361","519067","53067","NA","517980","LexicalDecision"
"No","808","1","3","Pseudo","3","1","1","m","/Users/florinecramer/Desktop/CCS 1/Methods in CCS/Methods_in_CCS","477","legacy","xpyriment","0.935064935064935","m","808","0.96","hard","blug","2","55734","0","459738","459662","NA","NA","0","463132","459737","494940","519152","519151","0","519662","0","459737","463129","NA","0","NA","0","0","462361","520471","53067","NA","519151","LexicalDecision"
"No","661","1","3","Pseudo","3","1","1","m","/Users/florinecramer/Desktop/CCS 1/Methods in CCS/Methods_in_CCS","396","legacy","xpyriment","0.9352750809061489","m","661","0.96","hard","zilde","2","55734","0","459738","459662","NA","NA","0","463132","459737","494940","520555","520554","0","520992","0","459737","463129","NA","0","NA","0","0","462361","521654","53067","NA","520554","LexicalDecision"
"No","528","1","3","LF","2","1","1","n","/Users/florinecramer/Desktop/CCS 1/Methods in CCS/Methods_in_CCS","430","legacy","xpyriment","0.9354838709677419","n","528","0.96","hard","maandjes","2","55734","0","459738","459662","NA","NA","0","463132","459737","494940","521739","521738","0","522200","0","459737","463129","NA","0","NA","0","0","462361","522729","53067","NA","521738","LexicalDecision"
"No","514","1","3","LF","2","1","1","n","/Users/florinecramer/Desktop/CCS 1/Methods in CCS/Methods_in_CCS","475","legacy","xpyriment","0.9356913183279743","n","514","0.96","hard","solo's","2","55734","0","459738","459662","NA","NA","0","463132","459737","494940","522814","522813","0","523325","0","459737","463129","NA","0","NA","0","0","462361","523840","53067","NA","522813","LexicalDecision"
"No","831","1","3","Pseudo","3","1","1","m","/Users/florinecramer/Desktop/CCS 1/Methods in CCS/Methods_in_CCS","544","legacy","xpyriment","0.9358974358974359","m","831","0.96","hard","bopen","2","55734","0","459738","459662","NA","NA","0","463132","459737","494940","523925","523924","0","524509","0","459737","463129","NA","0","NA","0","0","462361","525341","53067","NA","523924","LexicalDecision"
"No","732","1","3","Pseudo","3","1","1","m","/Users/florinecramer/Desktop/CCS 1/Methods in CCS/Methods_in_CCS","576","legacy","xpyriment","0.9361022364217252","m","732","0.96","hard","moelden","2","55734","0","459738","459662","NA","NA","0","463132","459737","494940","525426","525425","0","526038","0","459737","463129","NA","0","NA","0","0","462361","526771","53067","NA","525425","LexicalDecision"
"No","526","1","3","Pseudo","3","1","1","m","/Users/florinecramer/Desktop/CCS 1/Methods in CCS/Methods_in_CCS","486","legacy","xpyriment","0.9363057324840764","m","526","0.96","hard","osvat","2","55734","0","459738","459662","NA","NA","0","463132","459737","494940","526856","526855","0","527378","0","459737","463129","NA","0","NA","0","0","462361","527905","53067","NA","526855","LexicalDecision"
"No","522","1","3","Pseudo","3","1","1","m","/Users/florinecramer/Desktop/CCS 1/Methods in CCS/Methods_in_CCS","516","legacy","xpyriment","0.9365079365079365","m","522","1.0","hard","bletje","2","55734","0","459738","459662","NA","NA","0","463132","459737","494940","527990","527989","0","528543","0","459737","463129","NA","0","NA","0","0","462361","529066","53067","NA","527989","LexicalDecision"
"No","521","1","3","Pseudo","3","1","1","m","/Users/florinecramer/Desktop/CCS 1/Methods in CCS/Methods_in_CCS","541","legacy","xpyriment","0.9367088607594937","m","521","1.0","hard","focht","2","55734","0","459738","459662","NA","NA","0","463132","459737","494940","529150","529149","0","529729","0","459737","463129","NA","0","NA","0","0","462361","530251","53067","NA","529149","LexicalDecision"
"No","491","1","3","Pseudo","3","1","1","m","/Users/florinecramer/Desktop/CCS 1/Methods in CCS/Methods_in_CCS","552","legacy","xpyriment","0.9369085173501577","m","491","1.0","hard","tozen","2","55734","0","459738","459662","NA","NA","0","463132","459737","494940","530335","530334","0","530927","0","459737","463129","NA","0","NA","0","0","462361","531419","53067","NA","530334","LexicalDecision"
"No","794","1","3","LF","2","1","1","n","/Users/florinecramer/Desktop/CCS 1/Methods in CCS/Methods_in_CCS","497","legacy","xpyriment","0.9371069182389937","n","794","1.0","hard","drum","2","55734","0","459738","459662","NA","NA","0","463132","459737","494940","531505","531504","0","532039","0","459737","463129","NA","0","NA","0","0","462361","532834","53067","NA","531504","LexicalDecision"
"No","751","1","3","LF","2","1","1","n","/Users/florinecramer/Desktop/CCS 1/Methods in CCS/Methods_in_CCS","478","legacy","xpyriment","0.9373040752351097","n","751","1.0","hard","zuiltje","2","55734","0","459738","459662","NA","NA","0","463132","459737","494940","532920","532919","0","533427","0","459737","463129","NA","0","NA","0","0","462361","534179","53067","NA","532919","LexicalDecision"
"No","699","1","3","Pseudo","3","1","1","m","/Users/florinecramer/Desktop/CCS 1/Methods in CCS/Methods_in_CCS","496","legacy","xpyriment","0.9375","m","699","1.0","hard","katuit","2","55734","0","459738","459662","NA","NA","0","463132","459737","494940","534264","534263","0","534795","0","459737","463129","NA","0","NA","0","0","462361","535495","53067","NA","534263","LexicalDecision"
"No","722","1","3","LF","2","1","1","n","/Users/florinecramer/Desktop/CCS 1/Methods in CCS/Methods_in_CCS","556","legacy","xpyriment","0.9376947040498442","n","722","1.0","hard","cash","2","55734","0","459738","459662","NA","NA","0","463132","459737","494940","535580","535579","0","536170","0","459737","463129","NA","0","NA","0","0","462361","536893","53067","NA","535579","LexicalDecision"
"No","899","1","3","Pseudo","3","1","1","m","/Users/florinecramer/Desktop/CCS 1/Methods in CCS/Methods_in_CCS","433","legacy","xpyriment","0.937888198757764","m","899","1.0","hard","subies","2","55734","0","459738","459662","NA","NA","0","463132","459737","494940","536980","536979","0","537451","0","459737","463129","NA","0","NA","0","0","462361","538351","53067","NA","536979","LexicalDecision"
"No","525","1","3","Pseudo","3","1","1","m","/Users/florinecramer/Desktop/CCS 1/Methods in CCS/Methods_in_CCS","446","legacy","xpyriment","0.9380804953560371","m","525","1.0","hard","alde","2","55734","0","459738","459662","NA","NA","0","463132","459737","494940","538437","538436","0","538916","0","459737","463129","NA","0","NA","0","0","462361","539442","53067","NA","538436","LexicalDecision"
"No","604","0","3","LF","2","0","0","n","/Users/florinecramer/Desktop/CCS 1/Methods in CCS/Methods_in_CCS","521","legacy","xpyriment","0.9351851851851852","m","604","0.96","hard","snobs","2","55734","0","459738","459662","NA","NA","0","463132","459737","540702","539527","539526","0","540077","0","459737","463129","NA","0","NA","0","0","462361","540682","53067","NA","539526","LexicalDecision"
"No","649","1","3","LF","2","1","1","n","/Users/florinecramer/Desktop/CCS 1/Methods in CCS/Methods_in_CCS","457","legacy","xpyriment","0.9353846153846154","n","649","0.96","hard","fauna's","2","55734","0","459738","459662","NA","NA","0","463132","459737","540702","542822","542821","0","543313","0","459737","463129","NA","0","NA","0","0","462361","543963","53067","NA","542821","LexicalDecision"
"No","629","1","3","Pseudo","3","1","1","m","/Users/florinecramer/Desktop/CCS 1/Methods in CCS/Methods_in_CCS","582","legacy","xpyriment","0.9355828220858896","m","629","0.96","hard","deikens","2","55734","0","459738","459662","NA","NA","0","463132","459737","540702","544048","544047","0","544661","0","459737","463129","NA","0","NA","0","0","462361","545291","53067","NA","544046","LexicalDecision"
"No","1081","0","3","LF","2","0","0","n","/Users/florinecramer/Desktop/CCS 1/Methods in CCS/Methods_in_CCS","546","legacy","xpyriment","0.9327217125382263","m","1081","0.92","hard","matches","2","55734","0","459738","459662","NA","NA","0","463132","459737","547058","545376","545375","0","545955","0","459737","463129","NA","0","NA","0","0","462361","547037","53067","NA","545375","LexicalDecision"
"No","832","1","3","Pseudo","3","1","1","m","/Users/florinecramer/Desktop/CCS 1/Methods in CCS/Methods_in_CCS","552","legacy","xpyriment","0.9329268292682927","m","832","0.92","hard","dorg","2","55734","0","459738","459662","NA","NA","0","463132","459737","547058","549175","549174","0","549767","0","459737","463129","NA","0","NA","0","0","462361","550600","53067","NA","549174","LexicalDecision"
"No","1395","1","3","LF","2","1","1","n","/Users/florinecramer/Desktop/CCS 1/Methods in CCS/Methods_in_CCS","463","legacy","xpyriment","0.9331306990881459","n","1395","0.92","hard","trollen","2","55734","0","459738","459662","NA","NA","0","463132","459737","547058","550684","550683","0","551180","0","459737","463129","NA","0","NA","0","0","462361","552576","53067","NA","550683","LexicalDecision"
"No","504","1","3","LF","2","1","1","n","/Users/florinecramer/Desktop/CCS 1/Methods in CCS/Methods_in_CCS","554","legacy","xpyriment","0.9333333333333333","n","504","0.92","hard","vleesmes","2","55734","0","459738","459662","NA","NA","0","463132","459737","547058","552663","552661","0","553258","0","459737","463129","NA","0","NA","0","0","462361","553763","53067","NA","552661","LexicalDecision"
"No","615","1","3","Pseudo","3","1","1","m","/Users/florinecramer/Desktop/CCS 1/Methods in CCS/Methods_in_CCS","476","legacy","xpyriment","0.9335347432024169","m","615","0.92","hard","duut","2","55734","0","459738","459662","NA","NA","0","463132","459737","547058","553848","553847","0","554355","0","459737","463129","NA","0","NA","0","0","462361","554971","53067","NA","553847","LexicalDecision"
"No","560","1","3","LF","2","1","1","n","/Users/florinecramer/Desktop/CCS 1/Methods in CCS/Methods_in_CCS","512","legacy","xpyriment","0.9337349397590361","n","560","0.92","hard","goals","2","55734","0","459738","459662","NA","NA","0","463132","459737","547058","555057","555056","0","555604","0","459737","463129","NA","0","NA","0","0","462361","556165","53067","NA","555055","LexicalDecision"
"No","544","1","3","LF","2","1","1","n","/Users/florinecramer/Desktop/CCS 1/Methods in CCS/Methods_in_CCS","488","legacy","xpyriment","0.933933933933934","n","544","0.92","hard","reviews","2","55734","0","459738","459662","NA","NA","0","463132","459737","547058","556250","556249","0","556776","0","459737","463129","NA","0","NA","0","0","462361","557321","53067","NA","556249","LexicalDecision"
"No","1079","1","3","Pseudo","3","1","1","m","/Users/florinecramer/Desktop/CCS 1/Methods in CCS/Methods_in_CCS","478","legacy","xpyriment","0.9341317365269461","m","1079","0.92","hard","heefde","2","55734","0","459738","459662","NA","NA","0","463132","459737","547058","557406","557405","0","557916","0","459737","463129","NA","0","NA","0","0","462361","558996","53067","NA","557405","LexicalDecision"
"No","806","1","3","Random","4","1","1","m","/Users/florinecramer/Desktop/CCS 1/Methods in CCS/Methods_in_CCS","433","legacy","xpyriment","0.9343283582089552","m","806","0.92","easy","sonbs","2","55734","0","459738","459662","NA","NA","0","463132","459737","547058","559080","559079","0","559556","0","459737","463129","NA","0","NA","0","0","462361","560363","53067","NA","559079","LexicalDecision"
"No","971","1","3","LF","2","1","1","n","/Users/florinecramer/Desktop/CCS 1/Methods in CCS/Methods_in_CCS","560","legacy","xpyriment","0.9345238095238095","n","971","0.92","hard","buizerd","2","55734","0","459738","459662","NA","NA","0","463132","459737","547058","560447","560446","0","561042","0","459737","463129","NA","0","NA","0","0","462361","562014","53067","NA","560446","LexicalDecision"
"No","500","1","3","LF","2","1","1","n","/Users/florinecramer/Desktop/CCS 1/Methods in CCS/Methods_in_CCS","413","legacy","xpyriment","0.9347181008902077","n","500","0.92","hard","slijper","2","55734","0","459738","459662","NA","NA","0","463132","459737","547058","562098","562097","0","562548","0","459737","463129","NA","0","NA","0","0","462361","563049","53067","NA","562097","LexicalDecision"
"No","761","1","3","LF","2","1","1","n","/Users/florinecramer/Desktop/CCS 1/Methods in CCS/Methods_in_CCS","461","legacy","xpyriment","0.9349112426035503","n","761","0.92","hard","smokings","2","55734","0","459738","459662","NA","NA","0","463132","459737","547058","563133","563132","0","563627","0","459737","463129","NA","0","NA","0","0","462361","564389","53067","NA","563132","LexicalDecision"
"No","663","1","3","Random","4","1","1","m","/Users/florinecramer/Desktop/CCS 1/Methods in CCS/Methods_in_CCS","556","legacy","xpyriment","0.9351032448377581","m","663","0.92","easy","ashc","2","55734","0","459738","459662","NA","NA","0","463132","459737","547058","564474","564473","0","565064","0","459737","463129","NA","0","NA","0","0","462361","565728","53067","NA","564472","LexicalDecision"
"No","619","1","3","LF","2","1","1","n","/Users/florinecramer/Desktop/CCS 1/Methods in CCS/Methods_in_CCS","573","legacy","xpyriment","0.9352941176470588","n","619","0.92","hard","prooien","2","55734","0","459738","459662","NA","NA","0","463132","459737","547058","565814","565813","0","566420","0","459737","463129","NA","0","NA","0","0","462361","567040","53067","NA","565813","LexicalDecision"
"No","619","1","3","LF","2","1","1","n","/Users/florinecramer/Desktop/CCS 1/Methods in CCS/Methods_in_CCS","407","legacy","xpyriment","0.9354838709677419","n","619","0.92","hard","setje","2","55734","0","459738","459662","NA","NA","0","463132","459737","547058","567126","567125","0","567564","0","459737","463129","NA","0","NA","0","0","462361","568184","53067","NA","567125","LexicalDecision"
"No","662","1","3","Pseudo","3","1","1","m","/Users/florinecramer/Desktop/CCS 1/Methods in CCS/Methods_in_CCS","449","legacy","xpyriment","0.935672514619883","m","662","0.92","hard","lorte","2","55734","0","459738","459662","NA","NA","0","463132","459737","547058","568269","568268","0","568752","0","459737","463129","NA","0","NA","0","0","462361","569415","53067","NA","568268","LexicalDecision"
"No","551","1","3","LF","2","1","1","n","/Users/florinecramer/Desktop/CCS 1/Methods in CCS/Methods_in_CCS","589","legacy","xpyriment","0.9358600583090378","n","551","0.92","hard","jojo","2","55734","0","459738","459662","NA","NA","0","463132","459737","547058","569501","569500","0","570127","0","459737","463129","NA","0","NA","0","0","462361","570679","53067","NA","569500","LexicalDecision"
"No","560","0","3","Pseudo","3","0","0","m","/Users/florinecramer/Desktop/CCS 1/Methods in CCS/Methods_in_CCS","566","legacy","xpyriment","0.9331395348837209","n","560","0.88","hard","gefeurd","2","55734","0","459738","459662","NA","NA","0","463132","459737","571948","570763","570762","0","571365","0","459737","463129","NA","0","NA","0","0","462361","571926","53067","NA","570762","LexicalDecision"
"No","1465","1","3","LF","2","1","1","n","/Users/florinecramer/Desktop/CCS 1/Methods in CCS/Methods_in_CCS","396","legacy","xpyriment","0.9333333333333333","n","1465","0.88","hard","broches","2","55734","0","459738","459662","NA","NA","0","463132","459737","571948","574062","574061","0","574496","0","459737","463129","NA","0","NA","0","0","462361","575962","53067","NA","574061","LexicalDecision"
"No","718","1","3","Pseudo","3","1","1","m","/Users/florinecramer/Desktop/CCS 1/Methods in CCS/Methods_in_CCS","590","legacy","xpyriment","0.9335260115606936","m","718","0.88","hard","bamier","2","55734","0","459738","459662","NA","NA","0","463132","459737","571948","576049","576048","0","576673","0","459737","463129","NA","0","NA","0","0","462361","577392","53067","NA","576048","LexicalDecision"
"No","771","1","3","LF","2","1","1","n","/Users/florinecramer/Desktop/CCS 1/Methods in CCS/Methods_in_CCS","423","legacy","xpyriment","0.9337175792507204","n","771","0.88","hard","geurtjes","2","55734","0","459738","459662","NA","NA","0","463132","459737","571948","577476","577475","0","577941","0","459737","463129","NA","0","NA","0","0","462361","578713","53067","NA","577475","LexicalDecision"
"No","725","1","3","Pseudo","3","1","1","m","/Users/florinecramer/Desktop/CCS 1/Methods in CCS/Methods_in_CCS","584","legacy","xpyriment","0.9339080459770115","m","725","0.88","hard","belpt","2","55734","0","459738","459662","NA","NA","0","463132","459737","571948","578797","578796","0","579412","0","459737","463129","NA","0","NA","0","0","462361","580138","53067","NA","578796","LexicalDecision"
"No","604","1","3","LF","2","1","1","n","/Users/florinecramer/Desktop/CCS 1/Methods in CCS/Methods_in_CCS","528","legacy","xpyriment","0.9340974212034384","n","604","0.92","hard","disco's","2","55734","0","459738","459662","NA","NA","0","463132","459737","571948","580222","580221","0","580791","0","459737","463129","NA","0","NA","0","0","462361","581396","53067","NA","580221","LexicalDecision"
"No","625","1","3","Pseudo","3","1","1","m","/Users/florinecramer/Desktop/CCS 1/Methods in CCS/Methods_in_CCS","555","legacy","xpyriment","0.9342857142857143","m","625","0.92","hard","bans","2","55734","0","459738","459662","NA","NA","0","463132","459737","571948","581481","581480","0","582075","0","459737","463129","NA","0","NA","0","0","462361","582701","53067","NA","581480","LexicalDecision"
"No","733","1","3","LF","2","1","1","n","/Users/florinecramer/Desktop/CCS 1/Methods in CCS/Methods_in_CCS","475","legacy","xpyriment","0.9344729344729344","n","733","0.92","hard","cakes","2","55734","0","459738","459662","NA","NA","0","463132","459737","571948","582785","582784","0","583297","0","459737","463129","NA","0","NA","0","0","462361","584031","53067","NA","582784","LexicalDecision"
"No","994","1","3","Pseudo","3","1","1","m","/Users/florinecramer/Desktop/CCS 1/Methods in CCS/Methods_in_CCS","507","legacy","xpyriment","0.9346590909090909","m","994","0.96","hard","inze","2","55734","0","459738","459662","NA","NA","0","463132","459737","571948","584116","584115","0","584662","0","459737","463129","NA","0","NA","0","0","462361","585657","53067","NA","584115","LexicalDecision"
"No","530","1","3","LF","2","1","1","n","/Users/florinecramer/Desktop/CCS 1/Methods in CCS/Methods_in_CCS","512","legacy","xpyriment","0.9348441926345609","n","530","0.96","hard","sausjes","2","55734","0","459738","459662","NA","NA","0","463132","459737","571948","585744","585743","0","586287","0","459737","463129","NA","0","NA","0","0","462361","586818","53067","NA","585743","LexicalDecision"
"No","793","1","3","LF","2","1","1","n","/Users/florinecramer/Desktop/CCS 1/Methods in CCS/Methods_in_CCS","444","legacy","xpyriment","0.9350282485875706","n","793","0.96","hard","jogging","2","55734","0","459738","459662","NA","NA","0","463132","459737","571948","586903","586902","0","587390","0","459737","463129","NA","0","NA","0","0","462361","588184","53067","NA","586902","LexicalDecision"
"No","546","1","3","LF","2","1","1","n","/Users/florinecramer/Desktop/CCS 1/Methods in CCS/Methods_in_CCS","462","legacy","xpyriment","0.9352112676056338","n","546","0.96","hard","accu's","2","55734","0","459738","459662","NA","NA","0","463132","459737","571948","588268","588267","0","588761","0","459737","463129","NA","0","NA","0","0","462361","589308","53067","NA","588267","LexicalDecision"
"No","623","1","3","HF","1","1","1","n","/Users/florinecramer/Desktop/CCS 1/Methods in CCS/Methods_in_CCS","506","legacy","xpyriment","0.9353932584269663","n","623","0.96","easy","betrof","2","55734","0","459738","459662","NA","NA","0","463132","459737","571948","589393","589391","0","589942","0","459737","463129","NA","0","NA","0","0","462361","590565","53067","NA","589391","LexicalDecision"
"No","575","1","3","HF","1","1","1","n","/Users/florinecramer/Desktop/CCS 1/Methods in CCS/Methods_in_CCS","498","legacy","xpyriment","0.9355742296918768","n","575","0.96","easy","moeder","2","55734","0","459738","459662","NA","NA","0","463132","459737","571948","590652","590651","0","591186","0","459737","463129","NA","0","NA","0","0","462361","591762","53067","NA","590651","LexicalDecision"
"No","611","1","3","Pseudo","3","1","1","m","/Users/florinecramer/Desktop/CCS 1/Methods in CCS/Methods_in_CCS","467","legacy","xpyriment","0.9357541899441341","m","611","0.96","hard","deten","2","55734","0","459738","459662","NA","NA","0","463132","459737","571948","591847","591846","0","592347","0","459737","463129","NA","0","NA","0","0","462361","592959","53067","NA","591846","LexicalDecision"
"No","687","1","3","Pseudo","3","1","1","m","/Users/florinecramer/Desktop/CCS 1/Methods in CCS/Methods_in_CCS","535","legacy","xpyriment","0.935933147632312","m","687","0.96","hard","schirren","2","55734","0","459738","459662","NA","NA","0","463132","459737","571948","593044","593043","0","593614","0","459737","463129","NA","0","NA","0","0","462361","594302","53067","NA","593043","LexicalDecision"
"No","629","1","3","LF","2","1","1","n","/Users/florinecramer/Desktop/CCS 1/Methods in CCS/Methods_in_CCS","460","legacy","xpyriment","0.9361111111111111","n","629","0.96","hard","schaapje","2","55734","0","459738","459662","NA","NA","0","463132","459737","571948","594386","594385","0","594881","0","459737","463129","NA","0","NA","0","0","462361","595511","53067","NA","594385","LexicalDecision"
"No","578","1","3","Pseudo","3","1","1","m","/Users/florinecramer/Desktop/CCS 1/Methods in CCS/Methods_in_CCS","401","legacy","xpyriment","0.9362880886426593","m","578","0.96","hard","gemien","2","55734","0","459738","459662","NA","NA","0","463132","459737","571948","595596","595595","0","596030","0","459737","463129","NA","0","NA","0","0","462361","596609","53067","NA","595595","LexicalDecision"
"No","707","1","3","Pseudo","3","1","1","m","/Users/florinecramer/Desktop/CCS 1/Methods in CCS/Methods_in_CCS","435","legacy","xpyriment","0.93646408839779","m","707","0.96","hard","eiden","2","55734","0","459738","459662","NA","NA","0","463132","459737","571948","596694","596693","0","597165","0","459737","463129","NA","0","NA","0","0","462361","597873","53067","NA","596693","LexicalDecision"
"No","614","1","3","LF","2","1","1","n","/Users/florinecramer/Desktop/CCS 1/Methods in CCS/Methods_in_CCS","551","legacy","xpyriment","0.9366391184573003","n","614","0.96","hard","mormels","2","55734","0","459738","459662","NA","NA","0","463132","459737","571948","597958","597957","0","598537","0","459737","463129","NA","0","NA","0","0","462361","599152","53067","NA","597957","LexicalDecision"
"No","490","1","3","LF","2","1","1","n","/Users/florinecramer/Desktop/CCS 1/Methods in CCS/Methods_in_CCS","401","legacy","xpyriment","0.9368131868131868","n","490","0.96","hard","eenhoorn","2","55734","0","459738","459662","NA","NA","0","463132","459737","571948","599236","599235","0","599672","0","459737","463129","NA","0","NA","0","0","462361","600164","53067","NA","599235","LexicalDecision"
"No","670","1","3","Pseudo","3","1","1","m","/Users/florinecramer/Desktop/CCS 1/Methods in CCS/Methods_in_CCS","525","legacy","xpyriment","0.936986301369863","m","670","0.96","hard","paluis","2","55734","0","459738","459662","NA","NA","0","463132","459737","571948","600247","600246","0","600806","0","459737","463129","NA","0","NA","0","0","462361","601477","53067","NA","600246","LexicalDecision"
"No","1322","1","3","LF","2","1","1","n","/Users/florinecramer/Desktop/CCS 1/Methods in CCS/Methods_in_CCS","429","legacy","xpyriment","0.9371584699453552","n","1322","0.96","hard","trutje","2","55734","0","459738","459662","NA","NA","0","463132","459737","571948","601562","601561","0","602023","0","459737","463129","NA","0","NA","0","0","462361","603346","53067","NA","601561","LexicalDecision"
"No","470","1","3","LF","2","1","1","n","/Users/florinecramer/Desktop/CCS 1/Methods in CCS/Methods_in_CCS","441","legacy","xpyriment","0.9373297002724795","n","470","0.96","hard","vlokje","2","55734","0","459738","459662","NA","NA","0","463132","459737","571948","603433","603431","0","603909","0","459737","463129","NA","0","NA","0","0","462361","604380","53067","NA","603431","LexicalDecision"
"No","645","1","3","LF","2","1","1","n","/Users/florinecramer/Desktop/CCS 1/Methods in CCS/Methods_in_CCS","574","legacy","xpyriment","0.9375","n","645","0.96","hard","primeurs","2","55734","0","459738","459662","NA","NA","0","463132","459737","571948","604467","604465","0","605068","0","459737","463129","NA","0","NA","0","0","462361","605715","53067","NA","604465","LexicalDecision"
"No","838","1","3","HF","1","1","1","n","/Users/florinecramer/Desktop/CCS 1/Methods in CCS/Methods_in_CCS","583","legacy","xpyriment","0.9376693766937669","n","838","1.0","easy","jacht","2","55734","0","459738","459662","NA","NA","0","463132","459737","571948","605799","605798","0","606418","0","459737","463129","NA","0","NA","0","0","462361","607257","53067","NA","605798","LexicalDecision"
"No","671","1","3","Pseudo","3","1","1","m","/Users/florinecramer/Desktop/CCS 1/Methods in CCS/Methods_in_CCS","578","legacy","xpyriment","0.9378378378378378","m","671","1.0","hard","merf","2","55734","0","459738","459662","NA","NA","0","463132","459737","571948","607343","607342","0","607954","0","459737","463129","NA","0","NA","0","0","462361","608626","53067","NA","607341","LexicalDecision"
"No","616","1","3","LF","2","1","1","n","/Users/florinecramer/Desktop/CCS 1/Methods in CCS/Methods_in_CCS","396","legacy","xpyriment","0.9380053908355795","n","616","1.0","hard","stropje","2","55734","0","459738","459662","NA","NA","0","463132","459737","571948","608711","608710","0","609144","0","459737","463129","NA","0","NA","0","0","462361","609761","53067","NA","608710","LexicalDecision"
"No","875","1","3","Pseudo","3","1","1","m","/Users/florinecramer/Desktop/CCS 1/Methods in CCS/Methods_in_CCS","472","legacy","xpyriment","0.9381720430107527","m","875","1.0","hard","luzie","2","55734","0","459738","459662","NA","NA","0","463132","459737","571948","609845","609844","0","610354","0","459737","463129","NA","0","NA","0","0","462361","611230","53067","NA","609844","LexicalDecision"
"No","866","1","3","LF","2","1","1","n","/Users/florinecramer/Desktop/CCS 1/Methods in CCS/Methods_in_CCS","527","legacy","xpyriment","0.938337801608579","n","866","1.0","hard","papjes","2","55734","0","459738","459662","NA","NA","0","463132","459737","571948","611314","611313","0","611870","0","459737","463129","NA","0","NA","0","0","462361","612737","53067","NA","611313","LexicalDecision"
"No","625","1","3","LF","2","1","1","n","/Users/florinecramer/Desktop/CCS 1/Methods in CCS/Methods_in_CCS","551","legacy","xpyriment","0.9385026737967914","n","625","1.0","hard","surfers","2","55734","0","459738","459662","NA","NA","0","463132","459737","571948","612822","612821","0","613400","0","459737","463129","NA","0","NA","0","0","462361","614026","53067","NA","612821","LexicalDecision"
"No","750","1","3","Pseudo","3","1","1","m","/Users/florinecramer/Desktop/CCS 1/Methods in CCS/Methods_in_CCS","537","legacy","xpyriment","0.9386666666666666","m","750","1.0","hard","vanden","2","55734","0","459738","459662","NA","NA","0","463132","459737","571948","614111","614110","0","614681","0","459737","463129","NA","0","NA","0","0","462361","615432","53067","NA","614110","LexicalDecision"
"No","868","1","3","LF","2","1","1","n","/Users/florinecramer/Desktop/CCS 1/Methods in CCS/Methods_in_CCS","546","legacy","xpyriment","0.9388297872340425","n","868","1.0","hard","beertjes","2","55734","0","459738","459662","NA","NA","0","463132","459737","571948","615516","615515","0","616097","0","459737","463129","NA","0","NA","0","0","462361","616967","53067","NA","615514","LexicalDecision"
"No","1190","1","3","Pseudo","3","1","1","m","/Users/florinecramer/Desktop/CCS 1/Methods in CCS/Methods_in_CCS","488","legacy","xpyriment","0.9389920424403183","m","1190","1.0","hard","hierkij","2","55734","0","459738","459662","NA","NA","0","463132","459737","571948","617051","617050","0","617574","0","459737","463129","NA","0","NA","0","0","462361","618765","53067","NA","617050","LexicalDecision"
"No","625","0","3","Pseudo","3","0","0","m","/Users/florinecramer/Desktop/CCS 1/Methods in CCS/Methods_in_CCS","452","legacy","xpyriment","0.9365079365079365","n","625","0.96","hard","hoogd","2","55734","0","459738","459662","NA","NA","0","463132","459737","619976","618850","618849","0","619330","0","459737","463129","NA","0","NA","0","0","462361","619956","53067","NA","618849","LexicalDecision"
"No","1065","1","3","Pseudo","3","1","1","m","/Users/florinecramer/Desktop/CCS 1/Methods in CCS/Methods_in_CCS","410","legacy","xpyriment","0.9366754617414248","m","1065","0.96","hard","krijk","2","55734","0","459738","459662","NA","NA","0","463132","459737","619976","622083","622082","0","622527","0","459737","463129","NA","0","NA","0","0","462361","623593","53067","NA","622082","LexicalDecision"
"No","545","1","3","HF","1","1","1","n","/Users/florinecramer/Desktop/CCS 1/Methods in CCS/Methods_in_CCS","457","legacy","xpyriment","0.9368421052631579","n","545","0.96","easy","harder","2","55734","0","459738","459662","NA","NA","0","463132","459737","619976","623681","623679","0","624175","0","459737","463129","NA","0","NA","0","0","462361","624721","53067","NA","623679","LexicalDecision"
"No","626","1","3","Pseudo","3","1","1","m","/Users/florinecramer/Desktop/CCS 1/Methods in CCS/Methods_in_CCS","507","legacy","xpyriment","0.937007874015748","m","626","0.96","hard","gelk","2","55734","0","459738","459662","NA","NA","0","463132","459737","619976","624805","624804","0","625347","0","459737","463129","NA","0","NA","0","0","462361","625974","53067","NA","624804","LexicalDecision"
"No","548","1","3","Random","4","1","1","m","/Users/florinecramer/Desktop/CCS 1/Methods in CCS/Methods_in_CCS","488","legacy","xpyriment","0.93717277486911","m","548","0.96","easy","sgisend","2","55734","0","459738","459662","NA","NA","0","463132","459737","619976","626058","626057","0","626579","0","459737","463129","NA","0","NA","0","0","462361","627128","53067","NA","626057","LexicalDecision"
"No","566","1","3","Pseudo","3","1","1","m","/Users/florinecramer/Desktop/CCS 1/Methods in CCS/Methods_in_CCS","484","legacy","xpyriment","0.9373368146214099","m","566","0.96","hard","fracht","2","55734","0","459738","459662","NA","NA","0","463132","459737","619976","627215","627214","0","627734","0","459737","463129","NA","0","NA","0","0","462361","628301","53067","NA","627214","LexicalDecision"
"No","776","1","3","LF","2","1","1","n","/Users/florinecramer/Desktop/CCS 1/Methods in CCS/Methods_in_CCS","520","legacy","xpyriment","0.9375","n","776","0.96","hard","donors","2","55734","0","459738","459662","NA","NA","0","463132","459737","619976","628384","628383","0","628937","0","459737","463129","NA","0","NA","0","0","462361","629714","53067","NA","628383","LexicalDecision"
"No","757","1","3","Pseudo","3","1","1","m","/Users/florinecramer/Desktop/CCS 1/Methods in CCS/Methods_in_CCS","567","legacy","xpyriment","0.9376623376623376","m","757","0.96","hard","akind","2","55734","0","459738","459662","NA","NA","0","463132","459737","619976","629798","629797","0","630399","0","459737","463129","NA","0","NA","0","0","462361","631157","53067","NA","629797","LexicalDecision"
"No","679","1","3","Pseudo","3","1","1","m","/Users/florinecramer/Desktop/CCS 1/Methods in CCS/Methods_in_CCS","518","legacy","xpyriment","0.9378238341968912","m","679","0.96","hard","roonde","2","55734","0","459738","459662","NA","NA","0","463132","459737","619976","631241","631240","0","631787","0","459737","463129","NA","0","NA","0","0","462361","632468","53067","NA","631240","LexicalDecision"
"No","1244","1","3","LF","2","1","1","n","/Users/florinecramer/Desktop/CCS 1/Methods in CCS/Methods_in_CCS","425","legacy","xpyriment","0.937984496124031","n","1244","0.96","hard","zeiltje","2","55734","0","459738","459662","NA","NA","0","463132","459737","619976","632553","632552","0","633010","0","459737","463129","NA","0","NA","0","0","462361","634255","53067","NA","632552","LexicalDecision"
"No","561","1","3","LF","2","1","1","n","/Users/florinecramer/Desktop/CCS 1/Methods in CCS/Methods_in_CCS","437","legacy","xpyriment","0.9381443298969072","n","561","0.96","hard","pingpong","2","55734","0","459738","459662","NA","NA","0","463132","459737","619976","634341","634340","0","634812","0","459737","463129","NA","0","NA","0","0","462361","635374","53067","NA","634340","LexicalDecision"
"No","473","1","3","HF","1","1","1","n","/Users/florinecramer/Desktop/CCS 1/Methods in CCS/Methods_in_CCS","429","legacy","xpyriment","0.9383033419023136","n","473","0.96","easy","geraakt","2","55734","0","459738","459662","NA","NA","0","463132","459737","619976","635464","635463","0","635926","0","459737","463129","NA","0","NA","0","0","462361","636400","53067","NA","635462","LexicalDecision"
"No","939","1","3","Pseudo","3","1","1","m","/Users/florinecramer/Desktop/CCS 1/Methods in CCS/Methods_in_CCS","525","legacy","xpyriment","0.9384615384615385","m","939","0.96","hard","lachts","2","55734","0","459738","459662","NA","NA","0","463132","459737","619976","636487","636486","0","637047","0","459737","463129","NA","0","NA","0","0","462361","637987","53067","NA","636486","LexicalDecision"
"No","658","1","3","Pseudo","3","1","1","m","/Users/florinecramer/Desktop/CCS 1/Methods in CCS/Methods_in_CCS","415","legacy","xpyriment","0.9386189258312021","m","658","0.96","hard","hoting","2","55734","0","459738","459662","NA","NA","0","463132","459737","619976","638072","638071","0","638521","0","459737","463129","NA","0","NA","0","0","462361","639181","53067","NA","638071","LexicalDecision"
"No","625","1","3","Pseudo","3","1","1","m","/Users/florinecramer/Desktop/CCS 1/Methods in CCS/Methods_in_CCS","471","legacy","xpyriment","0.9387755102040817","m","625","0.96","hard","leul","2","55734","0","459738","459662","NA","NA","0","463132","459737","619976","639265","639264","0","639776","0","459737","463129","NA","0","NA","0","0","462361","640402","53067","NA","639264","LexicalDecision"
"No","561","1","3","LF","2","1","1","n","/Users/florinecramer/Desktop/CCS 1/Methods in CCS/Methods_in_CCS","566","legacy","xpyriment","0.9389312977099237","n","561","0.96","hard","items","2","55734","0","459738","459662","NA","NA","0","463132","459737","619976","640486","640485","0","641091","0","459737","463129","NA","0","NA","0","0","462361","641653","53067","NA","640485","LexicalDecision"
"No","1459","1","3","Pseudo","3","1","1","m","/Users/florinecramer/Desktop/CCS 1/Methods in CCS/Methods_in_CCS","562","legacy","xpyriment","0.9390862944162437","m","1459","0.96","hard","deven","2","55734","0","459738","459662","NA","NA","0","463132","459737","619976","641740","641739","0","642335","0","459737","463129","NA","0","NA","0","0","462361","643795","53067","NA","641739","LexicalDecision"
"No","528","1","3","LF","2","1","1","n","/Users/florinecramer/Desktop/CCS 1/Methods in CCS/Methods_in_CCS","477","legacy","xpyriment","0.9392405063291139","n","528","0.96","hard","buurtjes","2","55734","0","459738","459662","NA","NA","0","463132","459737","619976","643882","643881","0","644391","0","459737","463129","NA","0","NA","0","0","462361","644920","53067","NA","643880","LexicalDecision"
"No","919","1","3","LF","2","1","1","n","/Users/florinecramer/Desktop/CCS 1/Methods in CCS/Methods_in_CCS","538","legacy","xpyriment","0.9393939393939394","n","919","0.96","hard","labels","2","55734","0","459738","459662","NA","NA","0","463132","459737","619976","645006","645005","0","645579","0","459737","463129","NA","0","NA","0","0","462361","646499","53067","NA","645005","LexicalDecision"
"No","484","1","3","LF","2","1","1","n","/Users/florinecramer/Desktop/CCS 1/Methods in CCS/Methods_in_CCS","481","legacy","xpyriment","0.9395465994962217","n","484","0.96","hard","slipjes","2","55734","0","459738","459662","NA","NA","0","463132","459737","619976","646587","646585","0","647106","0","459737","463129","NA","0","NA","0","0","462361","647591","53067","NA","646585","LexicalDecision"
"No","656","1","3","Pseudo","3","1","1","m","/Users/florinecramer/Desktop/CCS 1/Methods in CCS/Methods_in_CCS","534","legacy","xpyriment","0.9396984924623115","m","656","0.96","hard","dand","2","55734","0","459738","459662","NA","NA","0","463132","459737","619976","647677","647676","0","648241","0","459737","463129","NA","0","NA","0","0","462361","648898","53067","NA","647676","LexicalDecision"
"No","622","0","3","LF","2","0","0","n","/Users/florinecramer/Desktop/CCS 1/Methods in CCS/Methods_in_CCS","412","legacy","xpyriment","0.9373433583959899","m","622","0.92","hard","rukwind","2","55734","0","459738","459662","NA","NA","0","463132","459737","650074","648983","648982","0","649429","0","459737","463129","NA","0","NA","0","0","462361","650052","53067","NA","648982","LexicalDecision"
"No","605","1","3","Pseudo","3","1","1","m","/Users/florinecramer/Desktop/CCS 1/Methods in CCS/Methods_in_CCS","528","legacy","xpyriment","0.9375","m","605","0.92","hard","ceggen","2","55734","0","459738","459662","NA","NA","0","463132","459737","650074","652184","652183","0","652752","0","459737","463129","NA","0","NA","0","0","462361","653358","53067","NA","652183","LexicalDecision"
"No","972","1","3","HF","1","1","1","n","/Users/florinecramer/Desktop/CCS 1/Methods in CCS/Methods_in_CCS","436","legacy","xpyriment","0.9376558603491272","n","972","0.92","easy","leren","2","55734","0","459738","459662","NA","NA","0","463132","459737","650074","653444","653443","0","653913","0","459737","463129","NA","0","NA","0","0","462361","654886","53067","NA","653443","LexicalDecision"
"No","858","1","3","Pseudo","3","1","1","m","/Users/florinecramer/Desktop/CCS 1/Methods in CCS/Methods_in_CCS","526","legacy","xpyriment","0.9378109452736318","m","858","0.92","hard","brongen","2","55734","0","459738","459662","NA","NA","0","463132","459737","650074","654972","654971","0","655530","0","459737","463129","NA","0","NA","0","0","462361","656389","53067","NA","654971","LexicalDecision"
"No","698","1","3","HF","1","1","1","n","/Users/florinecramer/Desktop/CCS 1/Methods in CCS/Methods_in_CCS","464","legacy","xpyriment","0.9379652605459057","n","698","0.96","easy","mooiste","2","55734","0","459738","459662","NA","NA","0","463132","459737","650074","656475","656474","0","656972","0","459737","463129","NA","0","NA","0","0","462361","657671","53067","NA","656474","LexicalDecision"
"No","849","1","3","Pseudo","3","1","1","m","/Users/florinecramer/Desktop/CCS 1/Methods in CCS/Methods_in_CCS","572","legacy","xpyriment","0.9381188118811881","m","849","0.96","hard","plaar","2","55734","0","459738","459662","NA","NA","0","463132","459737","650074","657758","657757","0","658364","0","459737","463129","NA","0","NA","0","0","462361","659214","53067","NA","657757","LexicalDecision"
"No","776","1","3","Pseudo","3","1","1","m","/Users/florinecramer/Desktop/CCS 1/Methods in CCS/Methods_in_CCS","515","legacy","xpyriment","0.9382716049382716","m","776","0.96","hard","gelerd","2","55734","0","459738","459662","NA","NA","0","463132","459737","650074","659299","659298","0","659847","0","459737","463129","NA","0","NA","0","0","462361","660624","53067","NA","659298","LexicalDecision"
"No","830","1","4","Pseudo","3","1","1","m","/Users/florinecramer/Desktop/CCS 1/Methods in CCS/Methods_in_CCS","502","legacy","xpyriment","0.9384236453201971","m","830","0.96","hard","kijn","2","55734","0","660733","660656","NA","NA","0","671359","660731","650074","671414","671412","0","671944","0","660732","671354","NA","0","NA","0","0","670554","672775","53067","NA","671412","LexicalDecision"
"No","540","1","4","LF","2","1","1","n","/Users/florinecramer/Desktop/CCS 1/Methods in CCS/Methods_in_CCS","506","legacy","xpyriment","0.9385749385749386","n","540","0.96","hard","vonkjes","2","55734","0","660733","660656","NA","NA","0","671359","660731","650074","672864","672863","0","673408","0","660732","671354","NA","0","NA","0","0","670554","673949","53067","NA","672863","LexicalDecision"
"No","623","1","4","Pseudo","3","1","1","m","/Users/florinecramer/Desktop/CCS 1/Methods in CCS/Methods_in_CCS","461","legacy","xpyriment","0.9387254901960784","m","623","0.96","hard","vernast","2","55734","0","660733","660656","NA","NA","0","671359","660731","650074","674033","674032","0","674532","0","660732","671354","NA","0","NA","0","0","670554","675156","53067","NA","674032","LexicalDecision"
"No","696","1","4","Pseudo","3","1","1","m","/Users/florinecramer/Desktop/CCS 1/Methods in CCS/Methods_in_CCS","463","legacy","xpyriment","0.9388753056234719","m","696","0.96","hard","focht","2","55734","0","660733","660656","NA","NA","0","671359","660731","650074","675240","675239","0","675737","0","660732","671354","NA","0","NA","0","0","670554","676435","53067","NA","675239","LexicalDecision"
"No","722","1","4","LF","2","1","1","n","/Users/florinecramer/Desktop/CCS 1/Methods in CCS/Methods_in_CCS","516","legacy","xpyriment","0.9390243902439024","n","722","0.96","hard","spuitjes","2","55734","0","660733","660656","NA","NA","0","671359","660731","650074","676520","676519","0","677067","0","660732","671354","NA","0","NA","0","0","670554","677790","53067","NA","676519","LexicalDecision"
"No","781","1","4","Pseudo","3","1","1","m","/Users/florinecramer/Desktop/CCS 1/Methods in CCS/Methods_in_CCS","535","legacy","xpyriment","0.9391727493917275","m","781","0.96","hard","ropisch","2","55734","0","660733","660656","NA","NA","0","671359","660731","650074","677874","677873","0","678442","0","660732","671354","NA","0","NA","0","0","670554","679224","53067","NA","677873","LexicalDecision"
"No","507","1","4","LF","2","1","1","n","/Users/florinecramer/Desktop/CCS 1/Methods in CCS/Methods_in_CCS","574","legacy","xpyriment","0.9393203883495146","n","507","0.96","hard","mondjes","2","55734","0","660733","660656","NA","NA","0","671359","660731","650074","679310","679309","0","679915","0","660732","671354","NA","0","NA","0","0","670554","680423","53067","NA","679309","LexicalDecision"
"No","552","1","4","LF","2","1","1","n","/Users/florinecramer/Desktop/CCS 1/Methods in CCS/Methods_in_CCS","542","legacy","xpyriment","0.9394673123486683","n","552","0.96","hard","pilsjes","2","55734","0","660733","660656","NA","NA","0","671359","660731","650074","680507","680506","0","681081","0","660732","671354","NA","0","NA","0","0","670554","681635","53067","NA","680506","LexicalDecision"
"No","953","1","4","Pseudo","3","1","1","m","/Users/florinecramer/Desktop/CCS 1/Methods in CCS/Methods_in_CCS","405","legacy","xpyriment","0.9396135265700483","m","953","0.96","hard","henger","2","55734","0","660733","660656","NA","NA","0","671359","660731","650074","681718","681717","0","682151","0","660732","671354","NA","0","NA","0","0","670554","683105","53067","NA","681717","LexicalDecision"
"No","577","1","4","Random","4","1","1","m","/Users/florinecramer/Desktop/CCS 1/Methods in CCS/Methods_in_CCS","502","legacy","xpyriment","0.9397590361445783","m","577","0.96","easy","lesud","2","55734","0","660733","660656","NA","NA","0","671359","660731","650074","683189","683188","0","683722","0","660732","671354","NA","0","NA","0","0","670554","684300","53067","NA","683188","LexicalDecision"
"No","619","1","4","Pseudo","3","1","1","m","/Users/florinecramer/Desktop/CCS 1/Methods in CCS/Methods_in_CCS","413","legacy","xpyriment","0.9399038461538461","m","619","0.96","hard","gemied","2","55734","0","660733","660656","NA","NA","0","671359","660731","650074","684384","684383","0","684835","0","660732","671354","NA","0","NA","0","0","670554","685455","53067","NA","684383","LexicalDecision"
"No","522","1","4","Pseudo","3","1","1","m","/Users/florinecramer/Desktop/CCS 1/Methods in CCS/Methods_in_CCS","469","legacy","xpyriment","0.9400479616306955","m","522","0.96","hard","hact","2","55734","0","660733","660656","NA","NA","0","671359","660731","650074","685539","685538","0","686044","0","660732","671354","NA","0","NA","0","0","670554","686567","53067","NA","685538","LexicalDecision"
"No","606","1","4","LF","2","1","1","n","/Users/florinecramer/Desktop/CCS 1/Methods in CCS/Methods_in_CCS","557","legacy","xpyriment","0.9401913875598086","n","606","0.96","hard","mouwtjes","2","55734","0","660733","660656","NA","NA","0","671359","660731","650074","686651","686650","0","687242","0","660732","671354","NA","0","NA","0","0","670554","687849","53067","NA","686650","LexicalDecision"
"No","603","1","4","Pseudo","3","1","1","m","/Users/florinecramer/Desktop/CCS 1/Methods in CCS/Methods_in_CCS","571","legacy","xpyriment","0.9403341288782816","m","603","0.96","hard","meima","2","55734","0","660733","660656","NA","NA","0","671359","660731","650074","687933","687932","0","688532","0","660732","671354","NA","0","NA","0","0","670554","689136","53067","NA","687932","LexicalDecision"
"No","786","1","4","Pseudo","3","1","1","m","/Users/florinecramer/Desktop/CCS 1/Methods in CCS/Methods_in_CCS","461","legacy","xpyriment","0.9404761904761905","m","786","0.96","hard","groeg","2","55734","0","660733","660656","NA","NA","0","671359","660731","650074","689221","689220","0","689717","0","660732","671354","NA","0","NA","0","0","670554","690504","53067","NA","689219","LexicalDecision"
"No","755","1","4","LF","2","1","1","n","/Users/florinecramer/Desktop/CCS 1/Methods in CCS/Methods_in_CCS","569","legacy","xpyriment","0.9406175771971497","n","755","0.96","hard","item","2","55734","0","660733","660656","NA","NA","0","671359","660731","650074","690590","690588","0","691194","0","660732","671354","NA","0","NA","0","0","670554","691950","53067","NA","690588","LexicalDecision"
"No","681","1","4","Pseudo","3","1","1","m","/Users/florinecramer/Desktop/CCS 1/Methods in CCS/Methods_in_CCS","552","legacy","xpyriment","0.9407582938388626","m","681","0.96","hard","dechten","2","55734","0","660733","660656","NA","NA","0","671359","660731","650074","692035","692034","0","692625","0","660732","671354","NA","0","NA","0","0","670554","693307","53067","NA","692034","LexicalDecision"
"No","660","1","4","Pseudo","3","1","1","m","/Users/florinecramer/Desktop/CCS 1/Methods in CCS/Methods_in_CCS","585","legacy","xpyriment","0.9408983451536643","m","660","0.96","hard","reiren","2","55734","0","660733","660656","NA","NA","0","671359","660731","650074","693390","693389","0","694010","0","660732","671354","NA","0","NA","0","0","670554","694671","53067","NA","693389","LexicalDecision"
"No","905","1","4","LF","2","1","1","n","/Users/florinecramer/Desktop/CCS 1/Methods in CCS/Methods_in_CCS","464","legacy","xpyriment","0.9410377358490566","n","905","0.96","hard","loodjes","2","55734","0","660733","660656","NA","NA","0","671359","660731","650074","694755","694754","0","695251","0","660732","671354","NA","0","NA","0","0","670554","696157","53067","NA","694754","LexicalDecision"
"No","728","1","4","Pseudo","3","1","1","m","/Users/florinecramer/Desktop/CCS 1/Methods in CCS/Methods_in_CCS","491","legacy","xpyriment","0.9411764705882353","m","728","0.96","hard","saart","2","55734","0","660733","660656","NA","NA","0","671359","660731","650074","696242","696241","0","696766","0","660732","671354","NA","0","NA","0","0","670554","697495","53067","NA","696241","LexicalDecision"
"No","604","0","4","Pseudo","3","0","0","m","/Users/florinecramer/Desktop/CCS 1/Methods in CCS/Methods_in_CCS","456","legacy","xpyriment","0.9389671361502347","n","604","0.96","hard","grinzen","2","55734","0","660733","660656","NA","NA","0","671359","660731","698697","697579","697578","0","698071","0","660732","671354","NA","0","NA","0","0","670554","698676","53067","NA","697578","LexicalDecision"
"No","613","1","4","HF","1","1","1","n","/Users/florinecramer/Desktop/CCS 1/Methods in CCS/Methods_in_CCS","493","legacy","xpyriment","0.9391100702576113","n","613","0.96","easy","precies","2","55734","0","660733","660656","NA","NA","0","671359","660731","698697","700807","700805","0","701337","0","660732","671354","NA","0","NA","0","0","670554","701951","53067","NA","700805","LexicalDecision"
"No","637","1","4","Pseudo","3","1","1","m","/Users/florinecramer/Desktop/CCS 1/Methods in CCS/Methods_in_CCS","480","legacy","xpyriment","0.9392523364485982","m","637","0.96","hard","merf","2","55734","0","660733","660656","NA","NA","0","671359","660731","698697","702036","702035","0","702554","0","660732","671354","NA","0","NA","0","0","670554","703192","53067","NA","702035","LexicalDecision"
"No","708","1","4","LF","2","1","1","n","/Users/florinecramer/Desktop/CCS 1/Methods in CCS/Methods_in_CCS","586","legacy","xpyriment","0.9393939393939394","n","708","0.96","hard","treintje","2","55734","0","660733","660656","NA","NA","0","671359","660731","698697","703277","703276","0","703891","0","660732","671354","NA","0","NA","0","0","670554","704600","53067","NA","703276","LexicalDecision"
"No","601","1","4","Pseudo","3","1","1","m","/Users/florinecramer/Desktop/CCS 1/Methods in CCS/Methods_in_CCS","489","legacy","xpyriment","0.9395348837209302","m","601","0.96","hard","teelij","2","55734","0","660733","660656","NA","NA","0","671359","660731","698697","704686","704685","0","705205","0","660732","671354","NA","0","NA","0","0","670554","705807","53067","NA","704685","LexicalDecision"
"No","627","1","4","Pseudo","3","1","1","m","/Users/florinecramer/Desktop/CCS 1/Methods in CCS/Methods_in_CCS","566","legacy","xpyriment","0.9396751740139211","m","627","0.96","hard","dond","2","55734","0","660733","660656","NA","NA","0","671359","660731","698697","705891","705890","0","706491","0","660732","671354","NA","0","NA","0","0","670554","707119","53067","NA","705890","LexicalDecision"
"No","906","1","4","LF","2","1","1","n","/Users/florinecramer/Desktop/CCS 1/Methods in CCS/Methods_in_CCS","487","legacy","xpyriment","0.9398148148148148","n","906","0.96","hard","meetlat","2","55734","0","660733","660656","NA","NA","0","671359","660731","698697","707204","707203","0","707723","0","660732","671354","NA","0","NA","0","0","670554","708630","53067","NA","707203","LexicalDecision"
"No","1199","0","4","LF","2","0","0","n","/Users/florinecramer/Desktop/CCS 1/Methods in CCS/Methods_in_CCS","560","legacy","xpyriment","0.9376443418013857","m","1199","0.96","hard","koer","2","55734","0","660733","660656","NA","NA","0","671359","660731","710529","708716","708715","0","709308","0","660732","671354","NA","0","NA","0","0","670554","710508","53067","NA","708715","LexicalDecision"
"No","495","1","4","LF","2","1","1","n","/Users/florinecramer/Desktop/CCS 1/Methods in CCS/Methods_in_CCS","470","legacy","xpyriment","0.9377880184331797","n","495","0.96","hard","steekjes","2","55734","0","660733","660656","NA","NA","0","671359","660731","710529","712641","712640","0","713145","0","660732","671354","NA","0","NA","0","0","670554","713641","53067","NA","712640","LexicalDecision"
"No","576","1","4","LF","2","1","1","n","/Users/florinecramer/Desktop/CCS 1/Methods in CCS/Methods_in_CCS","575","legacy","xpyriment","0.9379310344827586","n","576","0.96","hard","vuilbak","2","55734","0","660733","660656","NA","NA","0","671359","660731","710529","713725","713724","0","714329","0","660732","671354","NA","0","NA","0","0","670554","714906","53067","NA","713724","LexicalDecision"
"No","831","1","4","Pseudo","3","1","1","m","/Users/florinecramer/Desktop/CCS 1/Methods in CCS/Methods_in_CCS","549","legacy","xpyriment","0.9380733944954128","m","831","0.96","hard","henig","2","55734","0","660733","660656","NA","NA","0","671359","660731","710529","714990","714989","0","715570","0","660732","671354","NA","0","NA","0","0","670554","716402","53067","NA","714989","LexicalDecision"
"No","825","1","4","Pseudo","3","1","1","m","/Users/florinecramer/Desktop/CCS 1/Methods in CCS/Methods_in_CCS","407","legacy","xpyriment","0.9382151029748284","m","825","0.96","hard","gebaan","2","55734","0","660733","660656","NA","NA","0","671359","660731","710529","716485","716484","0","716921","0","660732","671354","NA","0","NA","0","0","670554","717747","53067","NA","716484","LexicalDecision"
"No","548","1","4","LF","2","1","1","n","/Users/florinecramer/Desktop/CCS 1/Methods in CCS/Methods_in_CCS","574","legacy","xpyriment","0.9383561643835616","n","548","0.96","hard","zuiltjes","2","55734","0","660733","660656","NA","NA","0","671359","660731","710529","717833","717832","0","718439","0","660732","671354","NA","0","NA","0","0","670554","718988","53067","NA","717832","LexicalDecision"
"No","656","1","4","LF","2","1","1","n","/Users/florinecramer/Desktop/CCS 1/Methods in CCS/Methods_in_CCS","583","legacy","xpyriment","0.9384965831435079","n","656","0.96","hard","krokus","2","55734","0","660733","660656","NA","NA","0","671359","660731","710529","719073","719072","0","719690","0","660732","671354","NA","0","NA","0","0","670554","720347","53067","NA","719072","LexicalDecision"
"No","546","1","4","LF","2","1","1","n","/Users/florinecramer/Desktop/CCS 1/Methods in CCS/Methods_in_CCS","493","legacy","xpyriment","0.9386363636363636","n","546","0.96","hard","vlaktes","2","55734","0","660733","660656","NA","NA","0","671359","660731","710529","720436","720435","0","720967","0","660732","671354","NA","0","NA","0","0","670554","721514","53067","NA","720435","LexicalDecision"
"No","482","1","4","LF","2","1","1","n","/Users/florinecramer/Desktop/CCS 1/Methods in CCS/Methods_in_CCS","486","legacy","xpyriment","0.9387755102040817","n","482","0.96","hard","hulpjes","2","55734","0","660733","660656","NA","NA","0","671359","660731","710529","721602","721600","0","722121","0","660732","671354","NA","0","NA","0","0","670554","722605","53067","NA","721600","LexicalDecision"
"No","665","1","4","Pseudo","3","1","1","m","/Users/florinecramer/Desktop/CCS 1/Methods in CCS/Methods_in_CCS","460","legacy","xpyriment","0.9389140271493213","m","665","0.96","hard","dangen","2","55734","0","660733","660656","NA","NA","0","671359","660731","710529","722690","722689","0","723186","0","660732","671354","NA","0","NA","0","0","670554","723852","53067","NA","722689","LexicalDecision"
"No","836","1","4","Pseudo","3","1","1","m","/Users/florinecramer/Desktop/CCS 1/Methods in CCS/Methods_in_CCS","428","legacy","xpyriment","0.9390519187358917","m","836","0.96","hard","aartol","2","55734","0","660733","660656","NA","NA","0","671359","660731","710529","723936","723935","0","724396","0","660732","671354","NA","0","NA","0","0","670554","725234","53067","NA","723935","LexicalDecision"
"No","508","1","4","LF","2","1","1","n","/Users/florinecramer/Desktop/CCS 1/Methods in CCS/Methods_in_CCS","414","legacy","xpyriment","0.9391891891891891","n","508","0.96","hard","vlaai","2","55734","0","660733","660656","NA","NA","0","671359","660731","710529","725318","725317","0","725768","0","660732","671354","NA","0","NA","0","0","670554","726277","53067","NA","725317","LexicalDecision"
"No","594","1","4","LF","2","1","1","n","/Users/florinecramer/Desktop/CCS 1/Methods in CCS/Methods_in_CCS","511","legacy","xpyriment","0.9393258426966292","n","594","0.96","hard","soepbord","2","55734","0","660733","660656","NA","NA","0","671359","660731","710529","726362","726361","0","726908","0","660732","671354","NA","0","NA","0","0","670554","727503","53067","NA","726361","LexicalDecision"
"No","746","1","4","Pseudo","3","1","1","m","/Users/florinecramer/Desktop/CCS 1/Methods in CCS/Methods_in_CCS","483","legacy","xpyriment","0.9394618834080718","m","746","0.96","hard","hierwee","2","55734","0","660733","660656","NA","NA","0","671359","660731","710529","727590","727589","0","728108","0","660732","671354","NA","0","NA","0","0","670554","728855","53067","NA","727589","LexicalDecision"
"No","539","1","4","HF","1","1","1","n","/Users/florinecramer/Desktop/CCS 1/Methods in CCS/Methods_in_CCS","541","legacy","xpyriment","0.9395973154362416","n","539","0.96","easy","arbeid","2","55734","0","660733","660656","NA","NA","0","671359","660731","710529","728937","728936","0","729514","0","660732","671354","NA","0","NA","0","0","670554","730054","53067","NA","728936","LexicalDecision"
"No","651","1","4","Pseudo","3","1","1","m","/Users/florinecramer/Desktop/CCS 1/Methods in CCS/Methods_in_CCS","410","legacy","xpyriment","0.9397321428571429","m","651","0.96","hard","drinzen","2","55734","0","660733","660656","NA","NA","0","671359","660731","710529","730139","730138","0","730583","0","660732","671354","NA","0","NA","0","0","670554","731235","53067","NA","730138","LexicalDecision"
"No","610","0","4","LF","2","0","0","n","/Users/florinecramer/Desktop/CCS 1/Methods in CCS/Methods_in_CCS","571","legacy","xpyriment","0.9376391982182628","m","610","0.96","hard","bizons","2","55734","0","660733","660656","NA","NA","0","671359","660731","732556","731320","731319","0","731924","0","660732","671354","NA","0","NA","0","0","670554","732535","53067","NA","731319","LexicalDecision"
"No","625","1","4","Pseudo","3","1","1","m","/Users/florinecramer/Desktop/CCS 1/Methods in CCS/Methods_in_CCS","441","legacy","xpyriment","0.9377777777777778","m","625","0.96","hard","fouw","2","55734","0","660733","660656","NA","NA","0","671359","660731","732556","734675","734674","0","735144","0","660732","671354","NA","0","NA","0","0","670554","735770","53067","NA","734674","LexicalDecision"
"No","634","1","4","Random","4","1","1","m","/Users/florinecramer/Desktop/CCS 1/Methods in CCS/Methods_in_CCS","539","legacy","xpyriment","0.9379157427937915","m","634","0.96","easy","andslaa","2","55734","0","660733","660656","NA","NA","0","671359","660731","732556","735855","735854","0","736424","0","660732","671354","NA","0","NA","0","0","670554","737060","53067","NA","735854","LexicalDecision"
"No","736","1","4","Pseudo","3","1","1","m","/Users/florinecramer/Desktop/CCS 1/Methods in CCS/Methods_in_CCS","490","legacy","xpyriment","0.9380530973451328","m","736","0.96","hard","kijn","2","55734","0","660733","660656","NA","NA","0","671359","660731","732556","737144","737143","0","737665","0","660732","671354","NA","0","NA","0","0","670554","738402","53067","NA","737143","LexicalDecision"
"No","716","1","4","Pseudo","3","1","1","m","/Users/florinecramer/Desktop/CCS 1/Methods in CCS/Methods_in_CCS","595","legacy","xpyriment","0.9381898454746137","m","716","0.96","hard","derken","2","55734","0","660733","660656","NA","NA","0","671359","660731","732556","738486","738485","0","739115","0","660732","671354","NA","0","NA","0","0","670554","739832","53067","NA","738485","LexicalDecision"
"No","859","1","4","HF","1","1","1","n","/Users/florinecramer/Desktop/CCS 1/Methods in CCS/Methods_in_CCS","468","legacy","xpyriment","0.9383259911894273","n","859","0.96","easy","bleef","2","55734","0","660733","660656","NA","NA","0","671359","660731","732556","739917","739916","0","740424","0","660732","671354","NA","0","NA","0","0","670554","741284","53067","NA","739916","LexicalDecision"
"No","563","1","4","LF","2","1","1","n","/Users/florinecramer/Desktop/CCS 1/Methods in CCS/Methods_in_CCS","589","legacy","xpyriment","0.9384615384615385","n","563","0.96","hard","haarband","2","55734","0","660733","660656","NA","NA","0","671359","660731","732556","741369","741368","0","741992","0","660732","671354","NA","0","NA","0","0","670554","742556","53067","NA","741368","LexicalDecision"
"No","749","1","4","Pseudo","3","1","1","m","/Users/florinecramer/Desktop/CCS 1/Methods in CCS/Methods_in_CCS","592","legacy","xpyriment","0.9385964912280702","m","749","0.96","hard","snopte","2","55734","0","660733","660656","NA","NA","0","671359","660731","732556","742641","742639","0","743263","0","660732","671354","NA","0","NA","0","0","670554","744013","53067","NA","742639","LexicalDecision"
"No","1238","0","4","LF","2","0","0","n","/Users/florinecramer/Desktop/CCS 1/Methods in CCS/Methods_in_CCS","476","legacy","xpyriment","0.936542669584245","m","1238","0.96","hard","witloof","2","55734","0","660733","660656","NA","NA","0","671359","660731","745866","744097","744096","0","744606","0","660732","671354","NA","0","NA","0","0","670554","745845","53067","NA","744096","LexicalDecision"
"No","876","1","4","Pseudo","3","1","1","m","/Users/florinecramer/Desktop/CCS 1/Methods in CCS/Methods_in_CCS","526","legacy","xpyriment","0.9366812227074236","m","876","0.96","hard","glikken","2","55734","0","660733","660656","NA","NA","0","671359","660731","745866","747978","747977","0","748534","0","660732","671354","NA","0","NA","0","0","670554","749411","53067","NA","747977","LexicalDecision"
"No","914","1","4","Pseudo","3","1","1","m","/Users/florinecramer/Desktop/CCS 1/Methods in CCS/Methods_in_CCS","570","legacy","xpyriment","0.9368191721132898","m","914","0.96","hard","raaite","2","55734","0","660733","660656","NA","NA","0","671359","660731","745866","749496","749495","0","750100","0","660732","671354","NA","0","NA","0","0","670554","751015","53067","NA","749495","LexicalDecision"
"No","637","1","4","LF","2","1","1","n","/Users/florinecramer/Desktop/CCS 1/Methods in CCS/Methods_in_CCS","482","legacy","xpyriment","0.9369565217391305","n","637","0.96","hard","zombie","2","55734","0","660733","660656","NA","NA","0","671359","660731","745866","751100","751099","0","751618","0","660732","671354","NA","0","NA","0","0","670554","752256","53067","NA","751099","LexicalDecision"
"No","836","1","4","Pseudo","3","1","1","m","/Users/florinecramer/Desktop/CCS 1/Methods in CCS/Methods_in_CCS","517","legacy","xpyriment","0.9370932754880694","m","836","0.96","hard","lawant","2","55734","0","660733","660656","NA","NA","0","671359","660731","745866","752340","752339","0","752895","0","660732","671354","NA","0","NA","0","0","670554","753732","53067","NA","752339","LexicalDecision"
"No","547","1","4","LF","2","1","1","n","/Users/florinecramer/Desktop/CCS 1/Methods in CCS/Methods_in_CCS","487","legacy","xpyriment","0.9372294372294372","n","547","0.96","hard","stafje","2","55734","0","660733","660656","NA","NA","0","671359","660731","745866","753816","753815","0","754334","0","660732","671354","NA","0","NA","0","0","670554","754882","53067","NA","753815","LexicalDecision"
"No","911","1","4","Pseudo","3","1","1","m","/Users/florinecramer/Desktop/CCS 1/Methods in CCS/Methods_in_CCS","545","legacy","xpyriment","0.937365010799136","m","911","0.96","hard","slas","2","55734","0","660733","660656","NA","NA","0","671359","660731","745866","754967","754966","0","755546","0","660732","671354","NA","0","NA","0","0","670554","756458","53067","NA","754966","LexicalDecision"
"No","729","1","4","Pseudo","3","1","1","m","/Users/florinecramer/Desktop/CCS 1/Methods in CCS/Methods_in_CCS","446","legacy","xpyriment","0.9375","m","729","0.96","hard","minna","2","55734","0","660733","660656","NA","NA","0","671359","660731","745866","756542","756541","0","757026","0","660732","671354","NA","0","NA","0","0","670554","757756","53067","NA","756541","LexicalDecision"
"No","581","1","4","LF","2","1","1","n","/Users/florinecramer/Desktop/CCS 1/Methods in CCS/Methods_in_CCS","566","legacy","xpyriment","0.9376344086021505","n","581","0.96","hard","pluimpje","2","55734","0","660733","660656","NA","NA","0","671359","660731","745866","757840","757839","0","758439","0","660732","671354","NA","0","NA","0","0","670554","759021","53067","NA","757838","LexicalDecision"
"No","705","1","4","LF","2","1","1","n","/Users/florinecramer/Desktop/CCS 1/Methods in CCS/Methods_in_CCS","492","legacy","xpyriment","0.9377682403433476","n","705","0.96","hard","boksers","2","55734","0","660733","660656","NA","NA","0","671359","660731","745866","759105","759104","0","759628","0","660732","671354","NA","0","NA","0","0","670554","760334","53067","NA","759104","LexicalDecision"
"No","745","1","4","LF","2","1","1","n","/Users/florinecramer/Desktop/CCS 1/Methods in CCS/Methods_in_CCS","439","legacy","xpyriment","0.9379014989293362","n","745","0.96","hard","teefjes","2","55734","0","660733","660656","NA","NA","0","671359","660731","745866","760418","760417","0","760889","0","660732","671354","NA","0","NA","0","0","670554","761635","53067","NA","760417","LexicalDecision"
"No","1462","1","4","Pseudo","3","1","1","m","/Users/florinecramer/Desktop/CCS 1/Methods in CCS/Methods_in_CCS","409","legacy","xpyriment","0.938034188034188","m","1462","0.96","hard","verkt","2","55734","0","660733","660656","NA","NA","0","671359","660731","745866","761719","761718","0","762168","0","660732","671354","NA","0","NA","0","0","670554","763631","53067","NA","761718","LexicalDecision"
"No","639","1","4","Random","4","1","1","m","/Users/florinecramer/Desktop/CCS 1/Methods in CCS/Methods_in_CCS","589","legacy","xpyriment","0.9381663113006397","m","639","0.96","easy","velatks","2","55734","0","660733","660656","NA","NA","0","671359","660731","745866","763719","763717","0","764345","0","660732","671354","NA","0","NA","0","0","670554","764985","53067","NA","763717","LexicalDecision"
"No","709","1","4","LF","2","1","1","n","/Users/florinecramer/Desktop/CCS 1/Methods in CCS/Methods_in_CCS","504","legacy","xpyriment","0.9382978723404255","n","709","0.96","hard","speldjes","2","55734","0","660733","660656","NA","NA","0","671359","660731","745866","765069","765068","0","765609","0","660732","671354","NA","0","NA","0","0","670554","766319","53067","NA","765068","LexicalDecision"
"No","563","1","4","LF","2","1","1","n","/Users/florinecramer/Desktop/CCS 1/Methods in CCS/Methods_in_CCS","513","legacy","xpyriment","0.9384288747346072","n","563","0.96","hard","wekkers","2","55734","0","660733","660656","NA","NA","0","671359","660731","745866","766405","766404","0","766945","0","660732","671354","NA","0","NA","0","0","670554","767510","53067","NA","766404","LexicalDecision"
"No","660","1","4","Pseudo","3","1","1","m","/Users/florinecramer/Desktop/CCS 1/Methods in CCS/Methods_in_CCS","413","legacy","xpyriment","0.9385593220338984","m","660","0.96","hard","bafin","2","55734","0","660733","660656","NA","NA","0","671359","660731","745866","767594","767593","0","768036","0","660732","671354","NA","0","NA","0","0","670554","768698","53067","NA","767593","LexicalDecision"
"No","640","1","4","LF","2","1","1","n","/Users/florinecramer/Desktop/CCS 1/Methods in CCS/Methods_in_CCS","547","legacy","xpyriment","0.9386892177589852","n","640","0.96","hard","tractors","2","55734","0","660733","660656","NA","NA","0","671359","660731","745866","768782","768781","0","769364","0","660732","671354","NA","0","NA","0","0","670554","770005","53067","NA","768781","LexicalDecision"
"No","876","1","4","LF","2","1","1","n","/Users/florinecramer/Desktop/CCS 1/Methods in CCS/Methods_in_CCS","468","legacy","xpyriment","0.9388185654008439","n","876","0.96","hard","klagers","2","55734","0","660733","660656","NA","NA","0","671359","660731","745866","770089","770088","0","770596","0","660732","671354","NA","0","NA","0","0","670554","771474","53067","NA","770088","LexicalDecision"
"No","910","1","4","LF","2","1","1","n","/Users/florinecramer/Desktop/CCS 1/Methods in CCS/Methods_in_CCS","539","legacy","xpyriment","0.9389473684210526","n","910","0.96","hard","orgels","2","55734","0","660733","660656","NA","NA","0","671359","660731","745866","771558","771557","0","772129","0","660732","671354","NA","0","NA","0","0","670554","773041","53067","NA","771557","LexicalDecision"
"No","654","1","4","Pseudo","3","1","1","m","/Users/florinecramer/Desktop/CCS 1/Methods in CCS/Methods_in_CCS","433","legacy","xpyriment","0.9390756302521008","m","654","0.96","hard","melster","2","55734","0","660733","660656","NA","NA","0","671359","660731","745866","773125","773124","0","773593","0","660732","671354","NA","0","NA","0","0","670554","774249","53067","NA","773124","LexicalDecision"
"No","579","1","4","LF","2","1","1","n","/Users/florinecramer/Desktop/CCS 1/Methods in CCS/Methods_in_CCS","483","legacy","xpyriment","0.939203354297694","n","579","0.96","hard","traantje","2","55734","0","660733","660656","NA","NA","0","671359","660731","745866","774333","774332","0","774852","0","660732","671354","NA","0","NA","0","0","670554","775432","53067","NA","774332","LexicalDecision"
"No","671","1","4","Pseudo","3","1","1","m","/Users/florinecramer/Desktop/CCS 1/Methods in CCS/Methods_in_CCS","484","legacy","xpyriment","0.9393305439330544","m","671","0.96","hard","kijn","2","55734","0","660733","660656","NA","NA","0","671359","660731","745866","775516","775515","0","776032","0","660732","671354","NA","0","NA","0","0","670554","776704","53067","NA","775515","LexicalDecision"
"No","732","1","4","Random","4","1","1","m","/Users/florinecramer/Desktop/CCS 1/Methods in CCS/Methods_in_CCS","593","legacy","xpyriment","0.9394572025052192","m","732","0.96","easy","oekejt","2","55734","0","660733","660656","NA","NA","0","671359","660731","745866","776789","776788","0","777417","0","660732","671354","NA","0","NA","0","0","670554","778151","53067","NA","776788","LexicalDecision"
"No","930","1","4","Pseudo","3","1","1","m","/Users/florinecramer/Desktop/CCS 1/Methods in CCS/Methods_in_CCS","571","legacy","xpyriment","0.9395833333333333","m","930","0.96","hard","voorvoud","2","55734","0","660733","660656","NA","NA","0","671359","660731","745866","778236","778235","0","778841","0","660732","671354","NA","0","NA","0","0","670554","779772","53067","NA","778235","LexicalDecision"
"No","658","1","4","LF","2","1","1","n","/Users/florinecramer/Desktop/CCS 1/Methods in CCS/Methods_in_CCS","487","legacy","xpyriment","0.9397089397089398","n","658","0.96","hard","framboos","2","55734","0","660733","660656","NA","NA","0","671359","660731","745866","779857","779856","0","780373","0","660732","671354","NA","0","NA","0","0","670554","781032","53067","NA","779856","LexicalDecision"
"No","557","1","4","Random","4","1","1","m","/Users/florinecramer/Desktop/CCS 1/Methods in CCS/Methods_in_CCS","542","legacy","xpyriment","0.9398340248962656","m","557","0.96","easy","jkbees","2","55734","0","660733","660656","NA","NA","0","671359","660731","745866","781117","781116","0","781693","0","660732","671354","NA","0","NA","0","0","670554","782251","53067","NA","781115","LexicalDecision"
"No","633","1","4","LF","2","1","1","n","/Users/florinecramer/Desktop/CCS 1/Methods in CCS/Methods_in_CCS","569","legacy","xpyriment","0.9399585921325052","n","633","0.96","hard","piemels","2","55734","0","660733","660656","NA","NA","0","671359","660731","745866","782336","782334","0","782936","0","660732","671354","NA","0","NA","0","0","670554","783571","53067","NA","782334","LexicalDecision"
"No","732","1","4","HF","1","1","1","n","/Users/florinecramer/Desktop/CCS 1/Methods in CCS/Methods_in_CCS","482","legacy","xpyriment","0.9400826446280992","n","732","0.96","easy","papier","2","55734","0","660733","660656","NA","NA","0","671359","660731","745866","783655","783654","0","784173","0","660732","671354","NA","0","NA","0","0","670554","784907","53067","NA","783654","LexicalDecision"
"No","748","0","4","LF","2","0","0","n","/Users/florinecramer/Desktop/CCS 1/Methods in CCS/Methods_in_CCS","456","legacy","xpyriment","0.9381443298969072","m","748","0.96","hard","gommen","2","55734","0","660733","660656","NA","NA","0","671359","660731","786254","784990","784989","0","785484","0","660732","671354","NA","0","NA","0","0","670554","786233","53067","NA","784989","LexicalDecision"
"No","613","1","4","Pseudo","3","1","1","m","/Users/florinecramer/Desktop/CCS 1/Methods in CCS/Methods_in_CCS","577","legacy","xpyriment","0.9382716049382716","m","613","0.96","hard","meken","2","55734","0","660733","660656","NA","NA","0","671359","660731","786254","788370","788369","0","788988","0","660732","671354","NA","0","NA","0","0","670554","789602","53067","NA","788369","LexicalDecision"
"No","754","1","4","Pseudo","3","1","1","m","/Users/florinecramer/Desktop/CCS 1/Methods in CCS/Methods_in_CCS","414","legacy","xpyriment","0.9383983572895277","m","754","0.96","hard","didden","2","55734","0","660733","660656","NA","NA","0","671359","660731","786254","789687","789685","0","790130","0","660732","671354","NA","0","NA","0","0","670554","790885","53067","NA","789685","LexicalDecision"
"No","864","1","4","LF","2","1","1","n","/Users/florinecramer/Desktop/CCS 1/Methods in CCS/Methods_in_CCS","511","legacy","xpyriment","0.9385245901639344","n","864","0.96","hard","koevoet","2","55734","0","660733","660656","NA","NA","0","671359","660731","786254","790970","790969","0","791508","0","660732","671354","NA","0","NA","0","0","670554","792373","53067","NA","790969","LexicalDecision"
"No","711","1","4","Pseudo","3","1","1","m","/Users/florinecramer/Desktop/CCS 1/Methods in CCS/Methods_in_CCS","464","legacy","xpyriment","0.9386503067484663","m","711","0.96","hard","buimen","2","55734","0","660733","660656","NA","NA","0","671359","660731","786254","792458","792457","0","792953","0","660732","671354","NA","0","NA","0","0","670554","793665","53067","NA","792457","LexicalDecision"
"No","557","0","4","LF","2","0","0","n","/Users/florinecramer/Desktop/CCS 1/Methods in CCS/Methods_in_CCS","458","legacy","xpyriment","0.936734693877551","m","557","0.96","hard","roggen","2","55734","0","660733","660656","NA","NA","0","671359","660731","794826","793748","793747","0","794247","0","660732","671354","NA","0","NA","0","0","670554","794805","53067","NA","793747","LexicalDecision"
"No","1083","1","4","Pseudo","3","1","1","m","/Users/florinecramer/Desktop/CCS 1/Methods in CCS/Methods_in_CCS","474","legacy","xpyriment","0.9368635437881874","m","1083","0.96","hard","lelen","2","55734","0","660733","660656","NA","NA","0","671359","660731","794826","796944","796943","0","797451","0","660732","671354","NA","0","NA","0","0","670554","798535","53067","NA","796943","LexicalDecision"
"No","1229","1","4","LF","2","1","1","n","/Users/florinecramer/Desktop/CCS 1/Methods in CCS/Methods_in_CCS","554","legacy","xpyriment","0.9369918699186992","n","1229","0.96","hard","kassiers","2","55734","0","660733","660656","NA","NA","0","671359","660731","794826","798620","798619","0","799209","0","660732","671354","NA","0","NA","0","0","670554","800439","53067","NA","798619","LexicalDecision"
"No","874","1","4","Pseudo","3","1","1","m","/Users/florinecramer/Desktop/CCS 1/Methods in CCS/Methods_in_CCS","418","legacy","xpyriment","0.9371196754563894","m","874","0.96","hard","verboor","2","55734","0","660733","660656","NA","NA","0","671359","660731","794826","800526","800524","0","800977","0","660732","671354","NA","0","NA","0","0","670554","801852","53067","NA","800524","LexicalDecision"
"No","528","1","4","LF","2","1","1","n","/Users/florinecramer/Desktop/CCS 1/Methods in CCS/Methods_in_CCS","444","legacy","xpyriment","0.937246963562753","n","528","0.96","hard","pinda","2","55734","0","660733","660656","NA","NA","0","671359","660731","794826","801936","801935","0","802418","0","660732","671354","NA","0","NA","0","0","670554","802947","53067","NA","801935","LexicalDecision"
"No","1021","1","4","Pseudo","3","1","1","m","/Users/florinecramer/Desktop/CCS 1/Methods in CCS/Methods_in_CCS","547","legacy","xpyriment","0.9373737373737374","m","1021","0.96","hard","koft","2","55734","0","660733","660656","NA","NA","0","671359","660731","794826","803031","803030","0","803606","0","660732","671354","NA","0","NA","0","0","670554","804628","53067","NA","803030","LexicalDecision"
"No","582","1","4","LF","2","1","1","n","/Users/florinecramer/Desktop/CCS 1/Methods in CCS/Methods_in_CCS","504","legacy","xpyriment","0.9375","n","582","0.96","hard","uiltje","2","55734","0","660733","660656","NA","NA","0","671359","660731","794826","804716","804715","0","805258","0","660732","671354","NA","0","NA","0","0","670554","805841","53067","NA","804715","LexicalDecision"
"No","995","1","4","Pseudo","3","1","1","m","/Users/florinecramer/Desktop/CCS 1/Methods in CCS/Methods_in_CCS","555","legacy","xpyriment","0.937625754527163","m","995","0.96","hard","stelzen","2","55734","0","660733","660656","NA","NA","0","671359","660731","794826","805925","805924","0","806510","0","660732","671354","NA","0","NA","0","0","670554","807506","53067","NA","805924","LexicalDecision"
"No","623","1","4","LF","2","1","1","n","/Users/florinecramer/Desktop/CCS 1/Methods in CCS/Methods_in_CCS","428","legacy","xpyriment","0.9377510040160643","n","623","0.96","hard","turbo","2","55734","0","660733","660656","NA","NA","0","671359","660731","794826","807590","807589","0","808050","0","660732","671354","NA","0","NA","0","0","670554","808674","53067","NA","807589","LexicalDecision"
"No","443","1","4","LF","2","1","1","n","/Users/florinecramer/Desktop/CCS 1/Methods in CCS/Methods_in_CCS","404","legacy","xpyriment","0.9378757515030061","n","443","0.96","hard","gieters","2","55734","0","660733","660656","NA","NA","0","671359","660731","794826","808758","808757","0","809195","0","660732","671354","NA","0","NA","0","0","670554","809640","53067","NA","808757","LexicalDecision"
"No","551","0","4","Pseudo","3","0","0","m","/Users/florinecramer/Desktop/CCS 1/Methods in CCS/Methods_in_CCS","469","legacy","xpyriment","0.936","n","551","0.96","hard","waarman","2","55734","0","660733","660656","NA","NA","0","671359","660731","810801","809724","809723","0","810229","0","660732","671354","NA","0","NA","0","0","670554","810781","53067","NA","809723","LexicalDecision"
"No","822","1","4","LF","2","1","1","n","/Users/florinecramer/Desktop/CCS 1/Methods in CCS/Methods_in_CCS","486","legacy","xpyriment","0.936127744510978","n","822","0.96","hard","scanners","2","55734","0","660733","660656","NA","NA","0","671359","660731","810801","812919","812918","0","813437","0","660732","671354","NA","0","NA","0","0","670554","814261","53067","NA","812918","LexicalDecision"
"No","1206","1","4","LF","2","1","1","n","/Users/florinecramer/Desktop/CCS 1/Methods in CCS/Methods_in_CCS","475","legacy","xpyriment","0.9362549800796812","n","1206","0.96","hard","zoutvat","2","55734","0","660733","660656","NA","NA","0","671359","660731","810801","814345","814344","0","814854","0","660732","671354","NA","0","NA","0","0","670554","816062","53067","NA","814344","LexicalDecision"
"No","1356","1","4","LF","2","1","1","n","/Users/florinecramer/Desktop/CCS 1/Methods in CCS/Methods_in_CCS","442","legacy","xpyriment","0.9363817097415507","n","1356","0.96","hard","radars","2","55734","0","660733","660656","NA","NA","0","671359","660731","810801","816148","816147","0","816623","0","660732","671354","NA","0","NA","0","0","670554","817981","53067","NA","816147","LexicalDecision"
"No","807","1","4","LF","2","1","1","n","/Users/florinecramer/Desktop/CCS 1/Methods in CCS/Methods_in_CCS","575","legacy","xpyriment","0.9365079365079365","n","807","0.96","hard","macho","2","55734","0","660733","660656","NA","NA","0","671359","660731","810801","818067","818066","0","818674","0","660732","671354","NA","0","NA","0","0","670554","819483","53067","NA","818066","LexicalDecision"
"No","655","1","4","Pseudo","3","1","1","m","/Users/florinecramer/Desktop/CCS 1/Methods in CCS/Methods_in_CCS","487","legacy","xpyriment","0.9366336633663367","m","655","0.96","hard","jark","2","55734","0","660733","660656","NA","NA","0","671359","660731","810801","819567","819566","0","820085","0","660732","671354","NA","0","NA","0","0","670554","820741","53067","NA","819566","LexicalDecision"
"No","785","1","4","Pseudo","3","1","1","m","/Users/florinecramer/Desktop/CCS 1/Methods in CCS/Methods_in_CCS","469","legacy","xpyriment","0.9367588932806324","m","785","0.96","hard","coho's","2","55734","0","660733","660656","NA","NA","0","671359","660731","810801","820827","820826","0","821335","0","660732","671354","NA","0","NA","0","0","670554","822121","53067","NA","820826","LexicalDecision"
"No","654","1","4","LF","2","1","1","n","/Users/florinecramer/Desktop/CCS 1/Methods in CCS/Methods_in_CCS","551","legacy","xpyriment","0.9368836291913215","n","654","0.96","hard","sterktes","2","55734","0","660733","660656","NA","NA","0","671359","660731","810801","822205","822204","0","822786","0","660732","671354","NA","0","NA","0","0","670554","823441","53067","NA","822204","LexicalDecision"
"No","544","1","4","LF","2","1","1","n","/Users/florinecramer/Desktop/CCS 1/Methods in CCS/Methods_in_CCS","483","legacy","xpyriment","0.937007874015748","n","544","0.96","hard","vlaaien","2","55734","0","660733","660656","NA","NA","0","671359","660731","810801","823525","823524","0","824044","0","660732","671354","NA","0","NA","0","0","670554","824590","53067","NA","823524","LexicalDecision"
"No","668","1","4","HF","1","1","1","n","/Users/florinecramer/Desktop/CCS 1/Methods in CCS/Methods_in_CCS","467","legacy","xpyriment","0.93713163064833","n","668","0.96","easy","muren","2","55734","0","660733","660656","NA","NA","0","671359","660731","810801","824674","824673","0","825173","0","660732","671354","NA","0","NA","0","0","670554","825843","53067","NA","824673","LexicalDecision"
"No","654","1","4","HF","1","1","1","n","/Users/florinecramer/Desktop/CCS 1/Methods in CCS/Methods_in_CCS","470","legacy","xpyriment","0.9372549019607843","n","654","0.96","easy","niemand","2","55734","0","660733","660656","NA","NA","0","671359","660731","810801","825926","825925","0","826431","0","660732","671354","NA","0","NA","0","0","670554","827086","53067","NA","825925","LexicalDecision"
"No","681","1","4","LF","2","1","1","n","/Users/florinecramer/Desktop/CCS 1/Methods in CCS/Methods_in_CCS","564","legacy","xpyriment","0.9373776908023483","n","681","0.96","hard","dealen","2","55734","0","660733","660656","NA","NA","0","671359","660731","810801","827170","827169","0","827774","0","660732","671354","NA","0","NA","0","0","670554","828456","53067","NA","827169","LexicalDecision"
"No","567","1","4","LF","2","1","1","n","/Users/florinecramer/Desktop/CCS 1/Methods in CCS/Methods_in_CCS","454","legacy","xpyriment","0.9375","n","567","0.96","hard","trailer","2","55734","0","660733","660656","NA","NA","0","671359","660731","810801","828540","828539","0","829027","0","660732","671354","NA","0","NA","0","0","670554","829595","53067","NA","828539","LexicalDecision"
"No","684","1","4","Pseudo","3","1","1","m","/Users/florinecramer/Desktop/CCS 1/Methods in CCS/Methods_in_CCS","515","legacy","xpyriment","0.9376218323586745","m","684","0.96","hard","kijsde","2","55734","0","660733","660656","NA","NA","0","671359","660731","810801","829679","829678","0","830226","0","660732","671354","NA","0","NA","0","0","670554","830911","53067","NA","829678","LexicalDecision"
"No","1067","1","4","LF","2","1","1","n","/Users/florinecramer/Desktop/CCS 1/Methods in CCS/Methods_in_CCS","449","legacy","xpyriment","0.9377431906614786","n","1067","0.96","hard","besje","2","55734","0","660733","660656","NA","NA","0","671359","660731","810801","830996","830995","0","831476","0","660732","671354","NA","0","NA","0","0","670554","832544","53067","NA","830995","LexicalDecision"
"No","644","1","4","Pseudo","3","1","1","m","/Users/florinecramer/Desktop/CCS 1/Methods in CCS/Methods_in_CCS","455","legacy","xpyriment","0.9378640776699029","m","644","0.96","hard","fraat","2","55734","0","660733","660656","NA","NA","0","671359","660731","810801","832632","832631","0","833118","0","660732","671354","NA","0","NA","0","0","670554","833764","53067","NA","832631","LexicalDecision"
"No","838","1","4","HF","1","1","1","n","/Users/florinecramer/Desktop/CCS 1/Methods in CCS/Methods_in_CCS","459","legacy","xpyriment","0.937984496124031","n","838","0.96","easy","valt","2","55734","0","660733","660656","NA","NA","0","671359","660731","810801","833848","833847","0","834343","0","660732","671354","NA","0","NA","0","0","670554","835182","53067","NA","833847","LexicalDecision"
"No","751","1","4","Pseudo","3","1","1","m","/Users/florinecramer/Desktop/CCS 1/Methods in CCS/Methods_in_CCS","511","legacy","xpyriment","0.9381044487427466","m","751","0.96","hard","kwirt","2","55734","0","660733","660656","NA","NA","0","671359","660731","810801","835267","835266","0","835811","0","660732","671354","NA","0","NA","0","0","670554","836563","53067","NA","835266","LexicalDecision"
"No","562","1","4","LF","2","1","1","n","/Users/florinecramer/Desktop/CCS 1/Methods in CCS/Methods_in_CCS","443","legacy","xpyriment","0.9382239382239382","n","562","0.96","hard","zangen","2","55734","0","660733","660656","NA","NA","0","671359","660731","810801","836648","836647","0","837123","0","660732","671354","NA","0","NA","0","0","670554","837686","53067","NA","836646","LexicalDecision"
"No","939","1","4","Pseudo","3","1","1","m","/Users/florinecramer/Desktop/CCS 1/Methods in CCS/Methods_in_CCS","427","legacy","xpyriment","0.9383429672447013","m","939","0.96","hard","beeke","2","55734","0","660733","660656","NA","NA","0","671359","660731","810801","837770","837769","0","838231","0","660732","671354","NA","0","NA","0","0","670554","839171","53067","NA","837769","LexicalDecision"
"No","753","1","4","Pseudo","3","1","1","m","/Users/florinecramer/Desktop/CCS 1/Methods in CCS/Methods_in_CCS","452","legacy","xpyriment","0.9384615384615385","m","753","0.96","hard","facht","2","55734","0","660733","660656","NA","NA","0","671359","660731","810801","839256","839255","0","839737","0","660732","671354","NA","0","NA","0","0","670554","840491","53067","NA","839255","LexicalDecision"
"No","625","1","4","Random","4","1","1","m","/Users/florinecramer/Desktop/CCS 1/Methods in CCS/Methods_in_CCS","433","legacy","xpyriment","0.9385796545105566","m","625","0.96","easy","ripenpt","2","55734","0","660733","660656","NA","NA","0","671359","660731","810801","840574","840573","0","841041","0","660732","671354","NA","0","NA","0","0","670554","841667","53067","NA","840573","LexicalDecision"
"No","725","0","4","Pseudo","3","0","0","m","/Users/florinecramer/Desktop/CCS 1/Methods in CCS/Methods_in_CCS","575","legacy","xpyriment","0.9367816091954023","n","725","0.96","hard","deven","2","55734","0","660733","660656","NA","NA","0","671359","660731","843105","841751","841750","0","842358","0","660732","671354","NA","0","NA","0","0","670554","843084","53067","NA","841750","LexicalDecision"
"No","747","1","4","LF","2","1","1","n","/Users/florinecramer/Desktop/CCS 1/Methods in CCS/Methods_in_CCS","555","legacy","xpyriment","0.9369024856596558","n","747","0.96","hard","kuddes","2","55734","0","660733","660656","NA","NA","0","671359","660731","843105","845218","845217","0","845799","0","660732","671354","NA","0","NA","0","0","670554","846547","53067","NA","845217","LexicalDecision"
"No","635","1","4","LF","2","1","1","n","/Users/florinecramer/Desktop/CCS 1/Methods in CCS/Methods_in_CCS","399","legacy","xpyriment","0.9370229007633588","n","635","0.96","hard","knipsel","2","55734","0","660733","660656","NA","NA","0","671359","660731","843105","846636","846635","0","847059","0","660732","671354","NA","0","NA","0","0","670554","847696","53067","NA","846635","LexicalDecision"
"No","689","1","4","Pseudo","3","1","1","m","/Users/florinecramer/Desktop/CCS 1/Methods in CCS/Methods_in_CCS","448","legacy","xpyriment","0.9371428571428572","m","689","0.96","hard","stoesen","2","55734","0","660733","660656","NA","NA","0","671359","660731","843105","847789","847788","0","848272","0","660732","671354","NA","0","NA","0","0","670554","848962","53067","NA","847787","LexicalDecision"
"No","1288","1","4","Pseudo","3","1","1","m","/Users/florinecramer/Desktop/CCS 1/Methods in CCS/Methods_in_CCS","447","legacy","xpyriment","0.9372623574144486","m","1288","0.96","hard","geschurd","2","55734","0","660733","660656","NA","NA","0","671359","660731","843105","849048","849047","0","849532","0","660732","671354","NA","0","NA","0","0","670554","850821","53067","NA","849047","LexicalDecision"
"No","650","1","4","Pseudo","3","1","1","m","/Users/florinecramer/Desktop/CCS 1/Methods in CCS/Methods_in_CCS","443","legacy","xpyriment","0.937381404174573","m","650","0.96","hard","gedaap","2","55734","0","660733","660656","NA","NA","0","671359","660731","843105","850908","850907","0","851383","0","660732","671354","NA","0","NA","0","0","670554","852034","53067","NA","850907","LexicalDecision"
"No","712","1","4","LF","2","1","1","n","/Users/florinecramer/Desktop/CCS 1/Methods in CCS/Methods_in_CCS","406","legacy","xpyriment","0.9375","n","712","0.96","hard","padjes","2","55734","0","660733","660656","NA","NA","0","671359","660731","843105","852119","852118","0","852556","0","660732","671354","NA","0","NA","0","0","670554","853269","53067","NA","852118","LexicalDecision"
"No","673","1","4","HF","1","1","1","n","/Users/florinecramer/Desktop/CCS 1/Methods in CCS/Methods_in_CCS","436","legacy","xpyriment","0.9376181474480151","n","673","0.96","easy","mogen","2","55734","0","660733","660656","NA","NA","0","671359","660731","843105","853354","853353","0","853826","0","660732","671354","NA","0","NA","0","0","670554","854500","53067","NA","853353","LexicalDecision"
"No","687","1","4","Random","4","1","1","m","/Users/florinecramer/Desktop/CCS 1/Methods in CCS/Methods_in_CCS","476","legacy","xpyriment","0.9377358490566038","m","687","0.96","easy","ervbe","2","55734","0","660733","660656","NA","NA","0","671359","660731","843105","854584","854583","0","855094","0","660732","671354","NA","0","NA","0","0","670554","855782","53067","NA","854583","LexicalDecision"
"No","896","1","4","LF","2","1","1","n","/Users/florinecramer/Desktop/CCS 1/Methods in CCS/Methods_in_CCS","503","legacy","xpyriment","0.9378531073446328","n","896","0.96","hard","jokers","2","55734","0","660733","660656","NA","NA","0","671359","660731","843105","855867","855866","0","856397","0","660732","671354","NA","0","NA","0","0","670554","857294","53067","NA","855866","LexicalDecision"
"No","607","1","4","Pseudo","3","1","1","m","/Users/florinecramer/Desktop/CCS 1/Methods in CCS/Methods_in_CCS","450","legacy","xpyriment","0.9379699248120301","m","607","0.96","hard","gied","2","55734","0","660733","660656","NA","NA","0","671359","660731","843105","857379","857378","0","857866","0","660732","671354","NA","0","NA","0","0","670554","858474","53067","NA","857378","LexicalDecision"
"No","965","1","4","Pseudo","3","1","1","m","/Users/florinecramer/Desktop/CCS 1/Methods in CCS/Methods_in_CCS","555","legacy","xpyriment","0.9380863039399625","m","965","0.96","hard","bilts","2","55734","0","660733","660656","NA","NA","0","671359","660731","843105","858558","858557","0","859144","0","660732","671354","NA","0","NA","0","0","670554","860110","53067","NA","858557","LexicalDecision"
"No","1063","1","4","Pseudo","3","1","1","m","/Users/florinecramer/Desktop/CCS 1/Methods in CCS/Methods_in_CCS","479","legacy","xpyriment","0.9382022471910112","m","1063","0.96","hard","gand","2","55734","0","660733","660656","NA","NA","0","671359","660731","843105","860194","860193","0","860701","0","660732","671354","NA","0","NA","0","0","670554","861765","53067","NA","860193","LexicalDecision"
"No","1203","0","4","Pseudo","3","0","0","m","/Users/florinecramer/Desktop/CCS 1/Methods in CCS/Methods_in_CCS","554","legacy","xpyriment","0.9364485981308411","n","1203","0.96","hard","verniet","2","55734","0","660733","660656","NA","NA","0","671359","660731","863668","861849","861848","0","862440","0","660732","671354","NA","0","NA","0","0","670554","863644","53067","NA","861848","LexicalDecision"
"No","525","1","4","HF","1","1","1","n","/Users/florinecramer/Desktop/CCS 1/Methods in CCS/Methods_in_CCS","564","legacy","xpyriment","0.9365671641791045","n","525","0.96","easy","raakte","2","55734","0","660733","660656","NA","NA","0","671359","660731","863668","865776","865775","0","866379","0","660732","671354","NA","0","NA","0","0","670554","866906","53067","NA","865775","LexicalDecision"
"No","617","0","4","LF","2","0","0","n","/Users/florinecramer/Desktop/CCS 1/Methods in CCS/Methods_in_CCS","421","legacy","xpyriment","0.9348230912476723","m","617","0.96","hard","striem","2","55734","0","660733","660656","NA","NA","0","671359","660731","868086","866990","866989","0","867447","0","660732","671354","NA","0","NA","0","0","670554","868066","53067","NA","866989","LexicalDecision"
"No","655","1","4","LF","2","1","1","n","/Users/florinecramer/Desktop/CCS 1/Methods in CCS/Methods_in_CCS","572","legacy","xpyriment","0.9349442379182156","n","655","0.96","hard","lolly","2","55734","0","660733","660656","NA","NA","0","671359","660731","868086","870206","870205","0","870812","0","660732","671354","NA","0","NA","0","0","670554","871469","53067","NA","870205","LexicalDecision"
"No","765","1","4","LF","2","1","1","n","/Users/florinecramer/Desktop/CCS 1/Methods in CCS/Methods_in_CCS","481","legacy","xpyriment","0.935064935064935","n","765","0.96","hard","plateaus","2","55734","0","660733","660656","NA","NA","0","671359","660731","868086","871553","871552","0","872073","0","660732","671354","NA","0","NA","0","0","670554","872839","53067","NA","871552","LexicalDecision"
"No","510","1","4","LF","2","1","1","n","/Users/florinecramer/Desktop/CCS 1/Methods in CCS/Methods_in_CCS","570","legacy","xpyriment","0.9351851851851852","n","510","0.96","hard","raciaal","2","55734","0","660733","660656","NA","NA","0","671359","660731","868086","872923","872922","0","873528","0","660732","671354","NA","0","NA","0","0","670554","874039","53067","NA","872922","LexicalDecision"
